close,kalman_state,fractional_diff,vpin,kyle_lambda
48322.43,48322.43,,,
54668.53,54668.53,,,
59081.31,59081.31,,,
57031.12,57031.12,,,
47240.92,47240.92,,,
48260.37,48260.37,,,
50771.79,50771.79,,,
46814.07,46814.07,,,
40997.09,40997.09,,,
38856.36,38856.36,,,
37852.61,37852.61,,,
43431.39,43431.39,,,
44171.59,44171.59,,,
35298.87,35298.87,,,
43401.2,43401.2,,,
37308.17,37308.17,,,
39233.03,39233.03,,,
38758.58,38758.58,,,
40508.87,40508.87,,,
41751.44,41751.44,,,
41241.08,41241.08,,,
42625.13,42625.13,,,
44360.93,44360.93,,,
45513.51,45513.51,,,
45760.58,45760.58,,,
43654.94,43654.94,,,
39985.93,39985.93,,,
40477.56,40477.56,,,
42134.63,42134.63,,,
39456.9,39456.9,,0.2337692129761263,
39677.43,39677.43,,0.23512385258801735,0.6476031152672206
38688.28,38688.28,,0.24198133488645926,0.6435182240809536
36913.72,36913.72,,0.25337599586694687,0.6324920798153733
34602.88,34602.88,,0.26927810551595854,0.6148824019857001
30963.19,30963.19,,0.2905494578606423,0.6035822615294941
31628.33,31628.33,,0.29466110930603084,0.6025116834674556
30618.38,30618.38,,0.30266952942558645,0.5967225062976681
30981.03,30981.03,,0.30499570131263737,0.6000240165218785
29128.67,29128.67,,0.31622911683343097,0.6017005956402574
28652.79,28652.79,,0.3203684545607881,0.6036089379249042
30345.2,30345.2,,0.3245089251126223,0.6003585010469664
31330.65,31330.65,,0.3089555346841347,0.593591126998138
29282.58,29282.58,,0.3194354516108508,0.5872090624664397
29446.83,29446.83,,0.2904483883729561,0.5432143307071433
29627.96,29627.96,,0.26329121106637327,0.4855885792727493
28883.05,28883.05,,0.24557419500550065,0.4459642705616439
31628.86,31628.86,,0.2553287805607404,0.4344726916992824
30451.71,30451.71,,0.26160446096186696,0.43305464673074473
31473.97,31473.97,,0.2614060788255789,0.4267173478587996
30015.27,30015.27,,0.2658407817517494,0.4229451120590495
26578.02,26578.02,,0.2858358166994409,0.4211807194862881
23264.93,23264.93,,0.29908329733552824,0.41984605550117765
22190.98,22190.98,,0.299249128802607,0.4159382906200199
21421.65,21421.65,,0.297944707187456,0.414789540419247
20382.39,20382.39,,0.3077459081626835,0.41152207806885566
18980.4,18980.4,,0.30786522552413714,0.40724181875438925
20801.42,20801.42,,0.30610567258278437,0.386432734890881
20085.82,20085.82,,0.3091154707978347,0.3862193025388225
21238.42,21238.42,,0.31161875900819747,0.376106554577513
20280.4,20280.4,,0.3043043445833154,0.3719190794695862
18927.5,18927.5,,0.3161952317169071,0.3685182803681301
19127.17,19127.17,,0.311514348730673,0.36800808006425495
20217.16,20217.16,,0.310600028632696,0.363525169482238
20506.54,20506.54,,0.2981750262093632,0.36155322387572336
21590.24,21590.24,,0.29329225232090406,0.33643091972280653
19841.68,19841.68,,0.31305985456550944,0.3175716123539891
20612.7,20612.7,,0.31773557867939106,0.3110896575893679
22138.05,22138.05,,0.3377945034049001,0.2975247283045339
23730.91,23730.91,,0.34906284920594266,0.2857782909115336
22687.01,22687.01,,0.36136471574537377,0.27963739614270183
21192.93,21192.93,,0.37314329638230115,0.26781275269774146
23903.98,23903.98,,0.3935477705270231,0.26567009489700755
23462.6,23462.6,,0.3863646708013723,0.26192018385396076
23122.5,23122.5,,0.3905480807023709,0.26127744655218793
24058.3,24058.3,,0.4040927472259004,0.2585156587323437
21140.33,21140.33,,0.42927510653048034,0.2564288463880238
21563.81,21563.81,,0.4175939521947835,0.24791884611301118
20273.32,20273.32,,0.4284354453302338,0.24331728399998004
19884.23,19884.23,,0.4265152414112813,0.2413453905673636
18789.67,18789.67,,0.4313991776231085,0.2382158249088564
19311.37,19311.37,,0.4184306389584007,0.22726435978483495
20631.94,20631.94,,0.4172316536315236,0.2142274767806053
21280.85,21280.85,,0.4184623693943745,0.21246081771677358
21613.2,21613.2,,0.41874106111329756,0.2116932283345769
22189.65,22189.65,,0.41708230452909145,0.21071394781878372
22526.77,22526.77,,0.4098316367068647,0.20868431162128834
20243.15,20243.15,,0.42965332344523544,0.19892268355094175
20025.1,20025.1,,0.42655977506747234,0.1984030515682975
19741.85,19741.85,,0.42091114206334956,0.1968737496528366
19807.54,19807.54,,0.412452679086563,0.1961381471122746
19726.63,19726.63,,0.4006112822690379,0.1944014355720395
18682.93,18682.93,,0.4185408353418923,0.19175917885863067
19364.27,19364.27,,0.419468859392002,0.1900499092325487
18875.72,18875.72,,0.4251452937486954,0.18956202325679022
19192.54,19192.54,,0.41385834198783894,0.18992178781477848
18459.81,18459.81,,0.4060868578256079,0.1873398833846462
19232.58,19232.58,,0.4097889448675209,0.18567769053530572
18990.0,18990.0,,0.39016190129020323,0.18601449412645582
19221.0,19221.0,,0.37407211856674155,0.185054217991498
18714.28,18714.28,,0.366047538094632,0.1853899233050236
19050.84,19050.84,,0.35358217363620914,0.18411432011092516
18989.01,18989.01,,0.3257166373433278,0.1732683193134661
18915.52,18915.52,,0.31987888405247633,0.17348486364704496
19225.7,19225.7,,0.3240732797395458,0.17213419556767337
20183.91,20183.91,,0.3276609767361723,0.17024561597915763
19884.48,19884.48,,0.302482144971914,0.15445382032311927
19078.87,19078.87,,0.315572833318001,0.15034551882783342
18782.37,18782.37,,0.30405577470680833,0.14779901894984795
18954.6,18954.6,,0.2995605225746517,0.1478273764224279
19506.17,19506.17,,0.30621404229463306,0.13776255085227795
19286.87,19286.87,,0.3017224301173976,0.1373651385143494
19435.56,19435.56,,0.2850710313977525,0.1336569236663152
19331.28,19331.28,,0.2768200766248244,0.13279985817162376
19167.51,19167.51,,0.2754946777483326,0.1323198925904062
19596.23,19596.23,,0.2779284420463203,0.1304072697175534
20224.99,20224.99,,0.2878134784225717,0.12915296443853105
20002.12,20002.12,,0.25742727472909593,0.11452904927719994
20218.49,20218.49,,0.2599108521027701,0.11431858424896614
20010.41,20010.41,,0.25934634570755577,0.11406277850841359
19927.73,19927.73,,0.26095543861415876,0.11389815870224076
19577.32,19577.32,,0.27048553170378453,0.11277804012812925
19470.09,19470.09,,0.2545278036623425,0.10915541208264401
19331.61,19331.61,,0.24800381810476704,0.10669167438497341
19152.79,19152.79,,0.24468358602717652,0.10537162716628626
19138.19,19138.19,,0.24012800435976928,0.10483056869334206
18752.55,18752.55,,0.23631285595482854,0.10215887781450123
18959.48,18959.48,,0.22743237338744823,0.09909062241125755
19641.5,19641.5,,0.2556799314265253,0.08841383441630771
19167.02,19167.02,,0.27192497919526487,0.08398721008052788
19295.15,19295.15,,0.26865988716296046,0.08247608360090318
19547.0,19547.0,,0.2711096495271269,0.08142961738938381
19376.0,19376.0,,0.27707508637803113,0.08111899672103272
19267.0,19267.0,,0.2820499937331694,0.08070088416371554
19253.91,19253.91,,0.2730692483561158,0.08059976887003607
18945.0,18945.0,,0.26563863617205014,0.0749883299740674
19190.99,19190.99,,0.2747512656003656,0.07287175434770576
19422.75,19422.75,,0.26871661662523477,0.06796043200046327
19302.51,19302.51,,0.2669312223638897,0.06719281036731853
19746.99,19746.99,,0.2765881590147987,0.06822171427941945
20251.91,20251.91,,0.29391496162060105,0.057893052060805805
20608.99,20608.99,,0.30566633829065204,0.05755662128568274
20765.02,20765.02,,0.31473186673179177,0.057019196901965156
20622.65,20622.65,,0.32080675768633693,0.05651723911449611
20295.32,20295.32,,0.34212388819270595,0.05363417792705103
20174.0,20174.0,,0.3360416650943469,0.05273980489518095
20758.0,20758.0,,0.35964116223826575,0.048556002815233694
20849.6,20849.6,,0.360361296843584,0.048237968560916555
20732.71,20732.71,,0.36281358490029875,0.047872791036006175
20483.2,20483.2,6074.722062211207,0.3742028916918527,0.04713914604781223
20519.34,20519.34,6160.046322245418,0.374313094637338,0.047104999457270154
20250.0,20250.0,5907.2366933290905,0.3825801817476072,0.04590865637523499
20320.9,20320.9,6048.555095358028,0.38365797044162364,0.04582573503430904
20839.26,20839.26,6588.957961733842,0.40914034150930473,0.04572014389319915
21384.01,21384.01,7047.455744367666,0.4337172467601269,0.04570178289182828
21193.49,21193.49,6722.705227757571,0.447017102444386,0.04547458974212911
20729.36,20729.36,6244.375641354232,0.46254654650917293,0.04470006682177662
20589.55,20589.55,6182.833147246049,0.46375928487839374,0.04462898507811974
19702.02,19702.02,5348.830547218789,0.4748349463853703,0.04544783304563476
19524.55,19524.55,5373.847648438514,0.4582899859588105,0.04506322241053924
18545.0,18545.0,4517.04269248878,0.5270827214939618,0.04183525175117089
18233.84,18233.84,4473.550429998151,0.5297511779501789,0.0418489159795584
17114.19,17114.19,3546.187552506268,0.5754037667257569,0.04385390640264844
16765.26,16765.26,3530.1995484263934,0.5874453053667703,0.043930542853025126
16364.98,16364.98,3371.036190625702,0.6116698225565878,0.043880336245945756
16397.12,16397.12,3627.215651699822,0.6019625739726844,0.04379447539898587
17600.05,17600.05,4962.572630382354,0.6331350386868386,0.04662275554756536
17349.57,17349.57,4573.34380005638,0.632548670798158,0.0467302679931636
16872.64,16872.64,4134.190280847253,0.6479059324049505,0.04696072327688824
16814.0,16814.0,4205.090262722879,0.6410722722165443,0.046456486576723015
16819.46,16819.46,4294.584992039183,0.6013691951969482,0.04774219917772838
16620.26,16620.26,4155.82531778808,0.5975996889549504,0.047572874803508254
16967.32,16967.32,4594.532999929394,0.6059732993274337,0.04765335854680012
16692.1,16692.1,4312.192114401263,0.6128021067766518,0.04765551915770354
16076.56,16076.56,3775.707183542416,0.61503428267763,0.04830653966675322
16240.0,16240.0,4112.362981862509,0.618397772683669,0.04828339384773185
16573.21,16573.21,4502.641848255422,0.5996614090758526,0.0490321560425362
16570.91,16570.91,4486.546549006434,0.5930308807346456,0.0491224657056982
16423.24,16423.24,4359.614212626129,0.5938825576157873,0.049121056811598875
17104.0,17104.0,5095.00119471793,0.6023179268048324,0.050119047260461146
17315.13,17315.13,5208.033235326777,0.6137945407926746,0.04993522088562299
17246.39,17246.39,5075.298261255577,0.5988427448587381,0.05005671422695821
17163.16,17163.16,4985.425241369892,0.5988473271362333,0.050131842666525664
18062.0,18062.0,5899.640623302041,0.5925045964560037,0.052449614100097464
16972.25,16972.25,4638.757850615537,0.6030946990897801,0.054558981827086996
16440.6,16440.6,4262.323654869213,0.6148294811847085,0.05471275811336933
16831.77,16831.77,4813.2200779402065,0.604680080963955,0.054867581936692666
16860.07,16860.07,4837.930182877766,0.5976793097910048,0.05480832539662713
16557.86,16557.86,4547.494338427545,0.5716113129961229,0.05448823837008941
16735.42,16735.42,4801.329750035777,0.5752624803507288,0.05435355025672479
16792.25,16792.25,4863.313492378782,0.5046326148311613,0.0612208696790407
17323.76,17323.76,5400.0057027717285,0.5161152176750435,0.0607360484917564
18201.99,18201.99,6183.691859538851,0.4876800827472761,0.06306536658791069
19358.9,19358.9,7135.564390141712,0.5047700804953147,0.06533893065287187
20788.69,20788.69,8251.549862786027,0.5160366299718429,0.06973008331949021
20994.98,20994.98,8032.154274337132,0.5243976294119345,0.06959655726883551
21206.05,21206.05,8002.675263723766,0.48753940501414783,0.06990399117659823
20959.45,20959.45,7569.439265640511,0.48643571768774285,0.07001494134123219
22986.64,22986.64,9527.60736802206,0.49675635143821034,0.07775245883535586
22854.33,22854.33,8921.888677638453,0.4975547306869127,0.07787507569687427
22580.1,22580.1,8453.625825661169,0.5083892397419917,0.07785759704908261
23252.12,23252.12,9043.397925090583,0.51972001616849,0.07792573636635956
23177.3,23177.3,8750.881524030388,0.5021637942399112,0.07917989162951605
23730.52,23730.52,9193.167946567335,0.506372709195427,0.07954523531720138
23359.55,23359.55,8622.709898733196,0.4939682721483538,0.08073267601096971
23092.15,23092.15,8311.110092752599,0.4954264946490902,0.08083568171692249
21822.37,21822.37,7035.349530925501,0.5069190711108942,0.08500581689525011
21803.54,21803.54,7236.260384401332,0.50749837836003,0.08500950806629506
24325.3,24325.3,9826.50143719475,0.5313498501389289,0.09377403860433316
23785.12,23785.12,8808.199374622822,0.5246803098010331,0.0948549477345302
24420.01,24420.01,9358.213250626864,0.5321194245711576,0.09485403001008108
23724.01,23724.01,8458.051270486301,0.5495088702520794,0.09493392963448706
23150.27,23150.27,7910.552088199853,0.5640759771294404,0.09477804994497463
23640.0,23640.0,8488.203208380542,0.5573202738175702,0.09434890882027125
22553.96,22553.96,7317.6738029461085,0.5451667973469411,0.09792868677014219
21650.91,21650.91,6587.340974273873,0.5422813637956713,0.10080383618090069
19763.02,19763.02,4931.889571364782,0.5541850432065003,0.1069946142122387
20224.47,20224.47,5865.247182234063,0.5698838679757685,0.10622203417796709
22110.01,22110.01,7862.8842571029745,0.5877257848454135,0.11039020741418186
24368.0,24368.0,9830.827844037953,0.6078283099647739,0.11522252822086029
25054.16,25054.16,9977.543324732042,0.6254703771740869,0.11442880007246473
24470.17,24470.17,9033.882638332823,0.615350653998962,0.11669697105366016
24891.42,24891.42,9383.32517841064,0.6042618987742728,0.11727567599560758
26914.79,26914.79,11242.652923287107,0.5960946713878837,0.12360073935932527
27449.45,27449.45,11273.106664214487,0.575073530656067,0.125232211836744
28247.79,28247.79,11726.470572463197,0.5869873852328636,0.12453773445988015
27781.98,27781.98,10899.454857542736,0.5912801831054655,0.12478944446639471
28124.22,28124.22,11124.782859579202,0.5879971811896976,0.1252185787560231
26675.91,26675.91,9491.58103475078,0.5821401965211296,0.12432987304567368
28293.9,28293.9,11271.470118415535,0.6116059214920084,0.12385714624842517
27649.62,27649.62,10316.574503046595,0.6165826666217715,0.12417197720985346
26970.36,26970.36,9619.545834952562,0.6098406827738219,0.12620944271492288
28355.2,28355.2,11087.534312814281,0.6333884617613209,0.12636282771931856
27980.0,27980.0,10436.666829796326,0.6233365261921645,0.12807530583240892
28351.16,28351.16,10755.009373333469,0.6173989054818384,0.1286177906790131
28025.74,28025.74,10295.682081778596,0.6153985288861734,0.12896954057781335
28013.66,28013.66,10264.073961881168,0.5837149737812528,0.1303155578517078
29639.2,29639.2,11850.47626677556,0.6103888418153125,0.13126164273788582
30440.28,30440.28,12284.962766077566,0.5983179570653056,0.12533106907297523
29577.51,29577.51,11091.939971268806,0.5994791046923792,0.12650100000245634
29265.07,29265.07,10771.99395386764,0.5857844072989834,0.12815889197711136
28064.33,28064.33,9573.399259468162,0.5890058008527645,0.1298590084987089
27453.27,27453.27,9166.430061455103,0.5848264194813115,0.131011827531803
28373.15,28373.15,10262.455395236611,0.5880256430648109,0.13175410752837255
27892.22,27892.22,9662.044645956797,0.5689882705302473,0.13383687755191392
29418.96,29418.96,11240.217235849923,0.5813012611026864,0.13343811755323723
29362.21,29362.21,10885.018397570555,0.553124480307678,0.12994291776564254
28537.2,28537.2,9944.73837682479,0.5552511147622736,0.1306602389340838
29156.97,29156.97,10651.386921420977,0.5364150663032885,0.12894039085098946
29269.54,29269.54,10645.171698126152,0.5095565107752761,0.1237075022252248
27932.73,27932.73,9225.154737267472,0.5158814802760253,0.12577831160945094
27675.22,27675.22,9179.69923282609,0.5066840339391059,0.12624724372665602
27179.91,27179.91,8797.944910591785,0.505439973336997,0.12677644767088234
26818.31,26818.31,8581.264910985861,0.4882721512283643,0.1215667323255081
27256.49,27256.49,9154.063082006822,0.4842642669177778,0.1219955521184451
27083.5,27083.5,8957.063054025188,0.4668653654906975,0.12325488345907655
26847.65,26847.65,8758.676433608212,0.4595355665447183,0.12369709396318619
26739.99,26739.99,8715.423526645878,0.4530564027368777,0.12401642319331435
26462.72,26462.72,8488.442058062337,0.4343555099727755,0.1219551122807372
27634.76,27634.76,9741.566089941538,0.4270781957219169,0.12094011976874675
27096.39,27096.39,9006.6550773985,0.4237335112046421,0.12116975938044856
27127.44,27127.44,9075.054298782408,0.4069421960817077,0.12169070975153791
26774.41,26774.41,8718.341863443318,0.389315552648928,0.12007846969146134
26064.85,26064.85,8074.1734395385865,0.3987133672452028,0.11928089181381026
26345.29,26345.29,8519.089400497403,0.397078967504398,0.11925900216648753
26327.16,26327.16,8512.824759332118,0.3888975338509921,0.11936745856425102
25924.31,25924.31,8130.992905056795,0.39978662796115993,0.11911521132038091
25983.54,25983.54,8285.449642426021,0.3742373388529806,0.11439923565128104
25479.66,25479.66,7812.303728389463,0.3668424248857423,0.11508600033181009
26445.93,26445.93,8901.287819799913,0.37450590325828936,0.11233165863460702
27980.0,27980.0,10298.112675535649,0.3967585112706078,0.11519560589053865
29852.41,29852.41,11822.196001567132,0.4007695126408106,0.11980773810462148
29887.38,29887.38,11339.186541786275,0.3863851875243914,0.1201301953036075
30683.07,30683.07,11891.330572993378,0.38836927892816286,0.1186049250767267
30418.48,30418.48,11313.837383417933,0.3865274371539391,0.1181414608754553
30414.5,30414.5,11187.522287488606,0.3516586948925533,0.11871293080293648
30736.49,30736.49,11406.274295511768,0.3595309709021317,0.11830831108317044
30397.54,30397.54,10918.342724012411,0.35258038068259906,0.11738570929355227
31157.42,31157.42,11648.96912634197,0.3596985055775327,0.11579108113603394
30801.0,30801.0,11090.945362101436,0.3676842773500714,0.11541312438647273
30119.38,30119.38,10371.629910935753,0.3626042141781843,0.11107643028218972
30834.0,30834.0,11169.953070866111,0.37961768797890594,0.10859111672061812
30543.0,30543.0,10741.047274871864,0.3781783625456733,0.10788507173273737
31210.53,31210.53,11397.043596917425,0.38872495512221167,0.10652308918974587
30277.99,30277.99,10301.294993281856,0.4035934825712402,0.10605865486822147
30016.51,30016.51,10142.094550431637,0.4085411382532878,0.10575865771659125
29863.98,29863.98,10054.596666076435,0.407791390231488,0.10562799557934065
29143.45,29143.45,9379.278106411952,0.4283124054968684,0.1044384459250813
29210.0,29210.0,9601.995784547027,0.42331490472648353,0.10429865582938895
28857.45,28857.45,9294.611447473206,0.4087348142747403,0.10348529228277852
29328.45,29328.45,9860.856915935634,0.4106571909309256,0.10234864945255412
29012.0,29012.0,9491.94977002143,0.4235242633306588,0.10166895856321408
29537.82,29537.82,10067.172017776691,0.42987253902361705,0.10089293979652145
29469.88,29469.88,9911.161033822136,0.4131587934452625,0.10076469645954063
29334.15,29334.15,9755.00259555165,0.41055672245276204,0.10092242139582236
28541.28,28541.28,8973.262194971161,0.43250164002900804,0.1009474469832745
27894.0,27894.0,8482.059818550748,0.4308815955926636,0.10188376905724829
25999.96,25999.96,6775.401417473651,0.4824662657014628,0.10088528756267996
26031.96,26031.96,7269.286559055963,0.47046525901235836,0.10068203315255268
26055.97,26055.97,7488.800150908628,0.44364967127614063,0.10164996549889951
26033.97,26033.97,7584.570709567211,0.4141594360814716,0.09850831618754793
25932.02,25932.02,7571.984587718725,0.3893983457639593,0.09025446695345217
25980.0,25980.0,7707.0539980547,0.3892228763722738,0.09028651253495033
27393.0,27393.0,9171.426331926203,0.4147247247556446,0.0872628560531393
26921.96,26921.96,8461.78757254919,0.42221028003602545,0.08714417210440493
25812.01,25812.01,7369.6979715861635,0.45161132575957413,0.08802506460073796
25889.07,25889.07,7669.6340319805895,0.44544562887549916,0.08790396538236321
25782.02,25782.02,7637.318523027705,0.43728479408477894,0.08807647057237433
25866.59,25866.59,7792.734667360855,0.4183472892292198,0.08774218801884545
25601.96,25601.96,7555.761528891955,0.4137845641041951,0.08778773904985511
25825.81,25825.81,7859.070567205294,0.40307800078243794,0.08753235524256314
25877.39,25877.39,7909.1340560200515,0.38203611216572037,0.08771935552677544
26447.89,26447.89,8482.701158520766,0.3888713885012366,0.08796818860933467
26561.99,26561.99,8492.462511640399,0.3732496646156416,0.0878310219037918
26817.98,26817.98,8690.342756010057,0.35708695219425574,0.08728385955966149
27103.55,27103.55,8898.478086689833,0.3581418615368107,0.08733205945081773
26731.96,26731.96,8433.956565494063,0.3679014033089151,0.08679415963298354
26579.78,26579.78,8310.772613876816,0.35051202125502634,0.08711684575808602
26329.97,26329.97,8091.592060949639,0.35820071062956327,0.08684792891434386
26764.04,26764.04,8584.08302903147,0.3576238149470183,0.08740100252042048
27018.49,27018.49,8774.60945832344,0.3551130349518624,0.08682370524913983
26887.97,26887.97,8571.430459053114,0.34808347847321186,0.08723833870376997
27993.52,27993.52,9670.155545275735,0.35970838972619174,0.0890643749500772
28033.91,28033.91,9478.535520602753,0.3585243436930358,0.08910490004431934
27426.77,27426.77,8765.43358369164,0.38137510130403957,0.08662987190145724
27728.95,27728.95,9124.742555575674,0.36956027426036675,0.0862391174733942
27942.5,27942.5,9280.311598525375,0.37137536453295017,0.08490647264543916
27467.15,27467.15,8731.257121800692,0.33925473689284136,0.07913317094192943
27012.06,27012.06,8330.887330186859,0.3576404328904377,0.07821895050895582
26761.11,26761.11,8179.502165001089,0.3686287841229074,0.07785923639039695
27237.35,27237.35,8741.3254196142,0.3875440835830958,0.07712815593666733
27749.25,27749.25,9195.619029956673,0.3956443229389339,0.0776568500271476
28471.45,28471.45,9799.48790299871,0.43159157198795056,0.07405405533005133
28515.69,28515.69,9649.346901919274,0.38593172693663724,0.07266434849120976
28258.86,28258.86,9294.430813081028,0.38323451214526844,0.07186600456240556
29235.87,29235.87,10261.622165727229,0.38255967658490353,0.06959437432432317
29564.86,29564.86,10370.985468701372,0.3950236303440212,0.06910443091048742
29991.44,29991.44,10630.368452338567,0.40954139672939655,0.06853883796161064
30881.13,30881.13,11340.669905192019,0.4319699569866053,0.07001617930147574
31355.12,31355.12,11535.246490704762,0.43358311648685943,0.06965637983812469
34007.99,34007.99,13948.911901439751,0.47641436642793866,0.08536094017523134
33796.93,33796.93,13069.020373476254,0.4820561733691624,0.08530955174983358
34840.2,34840.2,13842.216139165776,0.49552689294008906,0.08543324036274948
34150.02,34150.02,12754.281162071959,0.5149834118451189,0.08507214228173822
34082.39,34082.39,12597.062124411696,0.5076840589677744,0.08526468422188088
34209.82,34209.82,12626.85879121675,0.5026525965687603,0.08538160227154118
34422.9,34422.9,12720.395158661056,0.49269983114571647,0.08569348879729236
35278.34,35278.34,13439.781612940187,0.524849226288812,0.08274771072109387
34682.4,34682.4,12575.405172807856,0.536171060574224,0.08269453952595061
34715.02,34715.02,12577.639454637327,0.5248449572520568,0.08278576900918969
35074.08,35074.08,12866.42698133508,0.5265999874751913,0.0827960351771016
35331.86,35331.86,12986.980633792937,0.5307041631146695,0.08279191280238939
36534.0,36534.0,14049.090163811274,0.534216878473337,0.08290173335358894
37085.93,37085.93,14267.806188887607,0.5474301798326577,0.08287143711591481
37237.39,37237.39,14137.576806556674,0.5280476624270419,0.08485794946756814
36844.39,36844.39,13547.13174567743,0.535389206737938,0.08397778829285758
35293.0,35293.0,11937.22779729994,0.5567182622180278,0.08865684262264856
36406.0,36406.0,13283.832775824209,0.5539586047595374,0.09108363196171161
36404.43,36404.43,13111.400774093658,0.5341388853434204,0.09246408099901651
36045.39,36045.39,12672.167747218693,0.5351956239395913,0.09278135571300715
37116.36,37116.36,13753.159850446824,0.5490047632763377,0.09276681237816001
37174.53,37174.53,13572.134419649836,0.5390150255417787,0.09274141848239209
35747.03,35747.03,12016.213603535645,0.5349897748557084,0.09846653225443949
37371.03,37371.03,13836.719882232323,0.5668613331368536,0.10032864549161384
37744.01,37744.01,13927.165422623446,0.5639794613735437,0.10125269325279498
37378.0,37378.0,13362.632535364963,0.550421740734909,0.10073582222999894
37516.53,37516.53,13459.112776709066,0.5399795594803073,0.10121139658340166
37830.81,37830.81,13689.416847441236,0.5327979670148807,0.10180908368203224
38580.72,38580.72,14313.510517864928,0.529873801225146,0.10177248459676153
39479.92,39479.92,14983.600405979261,0.5487764907287249,0.10120721491425641
41436.44,41436.44,16636.668981606126,0.5218950868175964,0.09911499320855616
41523.59,41523.59,16169.907849285672,0.5174919962772009,0.09935691802855898
43813.14,43813.14,18169.21464351033,0.5215825695962026,0.10631043428370833
43837.99,43837.99,17542.55113893959,0.49759032339543646,0.10839261175714537
43190.0,43190.0,16558.621233456466,0.5137169840776068,0.10790119706835914
43953.79,43953.79,17219.157786718024,0.5340597630527981,0.10666926421825716
43790.53,43790.53,16774.12903622844,0.5333887141756136,0.10665055831175871
42345.28,42345.28,15181.91604000843,0.5263104887877861,0.11338960352183837
41738.56,41738.56,14735.258971129937,0.5223211877966262,0.11454188572909464
41115.99,41115.99,14236.85139592197,0.540349375283348,0.11352372182955221
43265.9,43265.9,16528.781606439778,0.5585977812454915,0.11812569741523743
42777.99,42777.99,15648.540583696711,0.5600574747829159,0.11846447531795185
41806.97,41806.97,14608.345244156306,0.5517628465767561,0.11985423759859513
41700.09,41700.09,14622.320437717433,0.5402567147320103,0.12036759259825698
42486.32,42486.32,15441.892320698913,0.5518042173445462,0.1200797994479723
44029.91,44029.91,16823.80520581182,0.5600012243125146,0.1228170052323248
44006.29,44006.29,16412.12665481028,0.5279759689335048,0.12192994177177179
43619.4,43619.4,15847.019410778183,0.5191804789738677,0.12134805825813265
42389.72,42389.72,14571.313278591704,0.5452898111744298,0.12195073354073689
43043.46,43043.46,15404.935926460741,0.5519739193926811,0.12157367813404929
42274.9,42274.9,14540.668943200079,0.5363429383927216,0.12486313255285407
42457.51,42457.51,14824.929351787352,0.5400366166299856,0.12474624902486232
45415.47,45415.47,17763.74854260673,0.539635207419986,0.13351534879960866
45012.01,45012.01,16749.886996589492,0.5161730402103463,0.13458395657822209
43705.17,43705.17,15265.877825990694,0.5168113161959805,0.13754428437803004
42592.01,42592.01,14281.318205756645,0.5400578033290734,0.1322115019672652
44151.2,44151.2,16063.337493343348,0.5640877098351652,0.13247925050307074
43600.0,43600.0,15265.66689961576,0.5654292589696468,0.13318195958161524
43518.0,43518.0,15191.958005697976,0.5449321698239158,0.13533788321809412
46949.87,46949.87,18613.592367168843,0.5538698240566967,0.1481226793868176
46880.01,46880.01,17832.72385521854,0.5275960211522889,0.14678097053885084
45513.12,45513.12,16177.180507790785,0.5525831119444422,0.14689160319843608
46488.52,46488.52,17237.778826104506,0.5326365692576696,0.14540568152404296
47058.42,47058.42,17581.173123468772,0.5502794615837476,0.14316902418309801
46772.01,46772.01,17054.565505566858,0.5361312330932321,0.14405138703212805
44442.65,44442.65,14639.616850721864,0.5507939176948675,0.15041482604527265
42784.0,42784.0,13360.374441653574,0.5747698516514664,0.1513963392146634
42658.0,42658.0,13674.91040405829,0.546495028326059,0.15221929497762035
42990.77,42990.77,14208.056449945667,0.5365138568791408,0.1524976816066401
43163.08,43163.08,14418.402929330063,0.5204823041331887,0.15366439120005046
42542.88,42542.88,13800.0338704836,0.5027109279966607,0.15205815515453996
41054.86,41054.86,12446.116175323143,0.515581470841863,0.15307132576975693
41649.08,41649.08,13393.466855956121,0.5063199002180431,0.15311750132485613
40815.32,40815.32,12591.489334759735,0.5196998187992458,0.15297175802249144
39566.0,39566.0,11552.014107348856,0.5230578510387183,0.15528652564655637
39204.4,39204.4,11539.820086456664,0.5038134659090066,0.1559493267031713
40011.91,40011.91,12583.827427286447,0.5224794173499244,0.1537947416229951
41280.65,41280.65,13825.423184324045,0.5320511746204799,0.15417800039273552
41785.72,41785.72,14105.669715607044,0.5184441920843211,0.1541243339003368
43376.0,43376.0,15525.492038373515,0.5260299214027688,0.15624173490041232
42080.28,42080.28,13839.672808738083,0.5323939491632302,0.15672958916569893
43062.93,43062.93,14912.425468287824,0.5455561903925074,0.15617378920936562
42710.9,42710.9,14363.363743264745,0.520958728763326,0.14877020106815048
43069.97,43069.97,14702.285884720579,0.517114378763,0.1488645079502015
44704.01,44704.01,16231.936056762173,0.5315516053200092,0.1483808969322029
46209.31,46209.31,17352.424187555058,0.5253389204289387,0.15400720338621002
47177.92,47177.92,17846.084267436247,0.50583187737679,0.15575492505665972
47507.06,47507.06,17747.78120939884,0.5032904745499948,0.15558793062225962
48410.48,48410.48,18350.79101287009,0.5207864496084584,0.15451446741423996
47904.0,47904.0,17471.816687855473,0.4925372301530992,0.14317171781759683
49994.19,49994.19,19447.104751566614,0.5316269450678912,0.14280495903260007
49034.94,49034.94,17950.89393846577,0.5212415571042245,0.14388221771240498
51555.0,51555.0,20392.3653009558,0.5393518894715944,0.14824532022344789
51794.47,51794.47,20013.92730212942,0.5253436200947706,0.1497269034503037
51942.39,51942.39,19808.29032308118,0.5240490290303699,0.1496628727475664
52214.93,52214.93,19818.428414869108,0.4895440926191416,0.14863376461119296
51397.59,51397.59,18755.28886751274,0.48055809607986455,0.14615681179461334
52131.31,52131.31,19475.905971244872,0.4931348466497721,0.14582041648205235
52293.0,52293.0,19411.772057336915,0.4881628566643581,0.1458729999491934
50967.92,50967.92,17911.303284682544,0.5156876426931629,0.14300336827267163
51825.99,51825.99,18904.834124345587,0.517577811527182,0.1433846755738464
51217.5,51217.5,18121.900367207454,0.5043601146465769,0.1419904170366978
51670.24,51670.24,18595.517664746003,0.502576257387245,0.14198615073546503
52836.71,52836.71,19637.17540300949,0.5020435523520627,0.1428428536088628
54478.0,54478.0,20964.024694193,0.5052495566165409,0.14338147139847787
56526.14,56526.14,22521.135610909143,0.5332908501138066,0.14405960771891915
56919.99,56919.99,22254.26160626293,0.5233428601555212,0.14486846396267522
58946.0,58946.0,23860.430945774984,0.5281664212164229,0.14709617412030965
60966.57,60966.57,25205.409664241088,0.5393776376573391,0.14972066116032878
60948.2,60948.2,24414.755036512404,0.5127175985389978,0.1499925391235171
61559.44,61559.44,24601.914341614203,0.4974939700934835,0.14983779273355904
62769.69,62769.69,25382.144131749825,0.5147100273806113,0.14345825970370488
61606.24,61606.24,23683.07946405151,0.5234692026376051,0.1461004484749595
61257.59,61257.59,23235.813406333677,0.5276242845842497,0.1449788098447736
61821.97,61821.97,23706.50319300055,0.5151218211573688,0.14392808345883024
62170.29,62170.29,23812.19303788004,0.4909715213015817,0.14601219857201173
63457.22,63457.22,24855.464130016015,0.5086897214639766,0.14458689225949192
65222.08,65222.08,26185.88932109114,0.5209806331249159,0.14644066286704932
68245.29,68245.29,28602.822802331357,0.5446315745934789,0.15184649011785964
68114.61,68114.61,27531.031123187277,0.5384094873279723,0.15154216239826943
66654.47,66654.47,25605.95804177048,0.5236497130544273,0.15439620429808237
66772.76,66772.76,25678.06323233746,0.507974297958176,0.15463136255648816
63723.09,63723.09,22451.445520513866,0.5339712193090164,0.14795536850303767
63270.52,63270.52,22442.13595444765,0.534222844985249,0.14847403887889052
67296.8,67296.8,26648.694155843812,0.5695088654427135,0.15867826646919428
66743.36,66743.36,25330.041812963966,0.5779124257288181,0.15804249355265534
66903.2,66903.2,25270.514753796633,0.5608790832681179,0.1592145310194893
67743.98,67743.98,25900.272522682848,0.5628458910884592,0.15909610650330128
68279.7,68279.7,26105.134471341888,0.5743522028339766,0.15853654720145693
68944.01,68944.01,26455.97981308231,0.5552818915123419,0.161745092071896
71480.02,71480.02,28651.958771681646,0.572660849619452,0.16403915018450638
72128.01,72128.01,28573.11282927917,0.5740326247034272,0.16407243713086198
71707.96,71707.96,27645.205091925556,0.5679296283671519,0.16466825424038528
73068.01,73068.01,28765.11982537657,0.5810175931897553,0.16259452569996982
72886.22,72886.22,28094.9587001807,0.5575778819173449,0.16283897985695117
71399.1,71399.1,26347.801343033338,0.5494559307371173,0.1630101999399598
68444.96,68444.96,23474.286323667606,0.5719655603139124,0.170011129829267
68164.97,68164.97,23717.4544791292,0.5532749351514187,0.16837023331522968
69428.91,69428.91,25179.762796484785,0.5528888605783645,0.16597996332278145
65304.54,65304.54,20867.68212135841,0.590496898150926,0.1772365347482288
66957.47,66957.47,23258.776686550533,0.6015339658680666,0.17816068746040797
68219.1,68219.1,24448.595633846686,0.5858657179208132,0.18399971252786196
67616.0,67616.0,23591.91547278779,0.579925545355167,0.18367627405219197
64701.85,64701.85,20691.472591241043,0.59668232037562,0.18923041800108348
64399.5,64399.5,20945.98606759269,0.589571756778286,0.18938715442826223
63390.99,63390.99,20197.667771919332,0.6004595287573714,0.1882551457179025
65781.9,65781.9,22917.901802963082,0.596316917911112,0.19329700156542398
66976.91,66976.91,23789.987358524442,0.5930140416997584,0.19229240079167814
65503.52,65503.52,21980.6056076573,0.5709574044001721,0.19249291484283326
63879.05,63879.05,20503.42563517044,0.5910036009801486,0.1926996443411024
64583.99,64583.99,21556.16080962205,0.5785737263798905,0.19387615403169028
66800.0,66800.0,23760.162562773578,0.6047809140710674,0.19472123352563597
69783.47,69783.47,26311.58734012761,0.5716077485947357,0.21576558826031245
70492.71,70492.71,26252.469616328446,0.5769097037300054,0.21571604241606093
70223.32,70223.32,25496.080740236583,0.5438520281806424,0.20758099884815945
70401.52,70401.52,25449.250911681767,0.5326658088794618,0.20993430627353335
69183.06,69183.06,24018.28219704562,0.5471472441478107,0.20896848283503197
69595.32,69595.32,24517.223991289895,0.5367658666418605,0.21030276580037183
66707.99,66707.99,21516.452730588615,0.552438463143614,0.21449708505763593
64885.53,64885.53,20187.17012378607,0.5618050700989096,0.21511595844870013
65836.32,65836.32,21658.038376396362,0.5430925571678226,0.21516381100797052
68497.94,68497.94,24344.934884452305,0.5601472288345515,0.21805820083964544
68176.37,68176.37,23535.486316659648,0.5598283876207941,0.21800065255708717
69552.48,69552.48,24792.338579974705,0.5500180999099071,0.22358662066322477
71772.68,71772.68,26652.0850478567,0.5734799280903985,0.22375695091470493
69269.21,69269.21,23527.781950601355,0.5727686773714181,0.22948193230736705
68659.64,68659.64,23119.515672652124,0.5486094008203143,0.22822123488328808
70465.48,70465.48,25045.414535324584,0.5698047743874336,0.22655959780388119
69345.01,69345.01,23577.75315479516,0.5562485957218058,0.23002899546803254
67679.4,67679.4,21978.630132645885,0.547025545330409,0.21731860579763618
64731.77,64731.77,19343.47024434922,0.543364444403328,0.22306092670407424
63423.76,63423.76,18722.53158721001,0.546352945459753,0.22146851623782812
64172.79,64172.79,20010.250186637983,0.547375611618223,0.22160237031685334
65850.0,65850.0,21800.527209596403,0.5433987792120771,0.2166387068571397
63290.99,63290.99,19011.46894514538,0.5650969375760132,0.21879676433111866
63519.01,63519.01,19696.15618088407,0.548797898544189,0.22142545689576007
62717.74,62717.74,19032.904129712762,0.539422198034139,0.21731889366258794
62595.36,62595.36,19164.469504359382,0.5215234778232646,0.21883334778045255
61278.19,61278.19,18003.399000529695,0.5235462896527818,0.21703533777478937
62591.57,62591.57,19680.064643023645,0.5174401194166629,0.21828048801655947
63471.0,63471.0,20475.09270396099,0.5175239039386382,0.2187883795671712
64542.74,64542.74,21386.326124324543,0.5056516800767061,0.21827202766887627
64331.0,64331.0,20916.83988023046,0.4826804170923826,0.2117037496148561
65234.49,65234.49,21761.236209857503,0.48816655506324375,0.2106888416751993
65881.61,65881.61,22187.806353467946,0.49185203154993334,0.21104075491003438
66051.11,66051.11,22128.381408906702,0.4917237381199292,0.21104058440430934
66581.73,66581.73,22509.304708076816,0.4834523371551631,0.21191802157892717
64290.01,64290.01,20019.790943900683,0.5012449569979428,0.21335383242295364
64753.87,64753.87,20832.230524451625,0.4793279144059541,0.2099191290419358
64245.44,64245.44,20336.403706635698,0.46626421002168017,0.20897116604337512
62863.79,62863.79,19067.68771466612,0.4738657796813195,0.20666740091746197
63488.21,63488.21,20012.177149974064,0.4533339404627993,0.2027889036265735
62260.69,62260.69,18793.055859460917,0.4697461804815586,0.20024265109321598
63147.65,63147.65,19954.858063000043,0.4645802931454952,0.1997862364964192
59292.11,59292.11,16044.356585925809,0.4719831543666638,0.20787701394842342
57505.0,57505.0,15034.636078270574,0.466350051913131,0.2058878370132725
56965.21,56965.21,15172.94139131398,0.46859780817624647,0.2053639725264752
58555.51,58555.51,17210.31469079729,0.46015579809616486,0.20868337756784136
59300.34,59300.34,17905.134948482155,0.46549868903868336,0.20621054253379825
62877.97,62877.97,21398.302703978283,0.46618937556454787,0.22394438668111105
63735.94,63735.94,21553.04088555863,0.46430280111152017,0.21546196524522881
64537.63,64537.63,21928.735376124205,0.4500793926152617,0.22024887026933265
63679.19,63679.19,20704.682580781766,0.45530273433595414,0.21790826663740262
62214.13,62214.13,19219.511704625278,0.4540926439013709,0.21730576217690759
61256.54,61256.54,18496.04763467369,0.4416152793962565,0.21324231103960795
63071.87,63071.87,20568.638902131665,0.46493150930303667,0.21101348005506584
60734.06,60734.06,17971.517002247565,0.4805346143460193,0.2122662702829739
61478.29,61478.29,19096.97801263087,0.49056106633075247,0.2116521881502336
62732.68,62732.68,20342.4718172915,0.48195211515837794,0.2156264823000574
61801.11,61801.11,19180.595040489643,0.4843634183042763,0.21267983466108462
62475.18,62475.18,19958.534861424916,0.483329318728283,0.21229516905604556
65997.47,65997.47,23375.18492882469,0.49340332565084644,0.22353137733273654
65825.5,65825.5,22459.6459287287,0.493188653011559,0.22351405960682436
66218.91,66218.91,22582.4848834562,0.48336302377066986,0.22516452149275487
66909.33,66909.33,23021.603643019196,0.4886859328649032,0.2233078291600528
66673.73,66673.73,22492.033176249737,0.48946089068202947,0.22338470503062752
69989.82,69989.82,25684.83357739856,0.5175054782017318,0.22555639563032884
71123.96,71123.96,26050.17195303106,0.5096079515150217,0.22244729782260503
69955.57,69955.57,24302.209186636304,0.5183656355985247,0.22223486957806862
69163.1,69163.1,23419.051373590555,0.5247002973620788,0.22118742504326627
68075.85,68075.85,22352.683137272434,0.5189851696722738,0.22252595773664324
67349.11,67349.11,21782.687098333394,0.5226063564024866,0.22209974793858903
69292.07,69292.07,23886.777347020143,0.5265404513690628,0.2231842348327334
68652.94,68652.94,22899.036178237693,0.5234414953501891,0.22375733940245118
68057.9,68057.9,22281.289013468682,0.4999311268724576,0.21251119406392477
68431.12,68431.12,22721.803142335186,0.4858101057908447,0.21022655091093564
67380.04,67380.04,21592.807652931922,0.4931894114472562,0.20965393601965113
67585.25,67585.25,21959.02217664561,0.47818714955235364,0.20952431316052508
68356.18,68356.18,22730.690477680604,0.47921772111982625,0.20913585490642317
68243.1,68243.1,22457.800508470136,0.4515165401427335,0.19938415398010906
69090.4,69090.4,23254.592677982655,0.4494363452146757,0.20011841253120954
68956.92,68956.92,22908.500465152807,0.4426394639249201,0.20019563203375004
71207.59,71207.59,25080.53402619547,0.4569303529834878,0.20020167080884332
71169.67,71169.67,24529.088783121937,0.43508654547016035,0.2013143611961309
71709.8,71709.8,24844.35160767811,0.4300511295474636,0.20112266117545124
69354.07,69354.07,22230.370609596845,0.4332979494096864,0.20491013543691347
69297.74,69297.74,22487.834325935495,0.40488705191326385,0.20322423742067566
69528.41,69528.41,22799.694129116368,0.39616692023613637,0.2039146520856734
66895.07,66895.07,20140.793704208205,0.4131563666571918,0.2067475284303064
67451.1,67451.1,21205.07000570456,0.40699764175177316,0.2078090328425033
69731.1,69731.1,23563.487963119114,0.4118752601553815,0.21312292704895697
67751.3,67751.3,21188.177056945962,0.41884844958427264,0.19642593616016876
66751.8,66751.8,20442.063613992083,0.43370131723346605,0.19513293410302895
65512.98,65512.98,19478.626643565636,0.44823587342213533,0.1944474611147523
66482.85,66482.85,20812.50992970095,0.449680962332252,0.19510240885310257
65809.5,65809.5,20112.050877221285,0.4590361142936366,0.19448465294505457
66485.46,66485.46,20949.61505336917,0.4334688526793559,0.18664591706568617
65365.51,65365.51,19775.20118386738,0.43537273602918136,0.18659962568518781
64413.79,64413.79,19047.372965712166,0.43375068725737914,0.18618066440311043
64921.57,64921.57,19842.82771811651,0.43020475500645833,0.18536758506290904
66174.32,66174.32,21131.983606203234,0.4316972561420667,0.1851344701724702
64194.32,64194.32,18951.3937242509,0.4529009490222138,0.18226495265061396
63731.09,63731.09,18826.579720391615,0.43433197066887724,0.1807766044661752
64153.23,64153.23,19475.56398300392,0.43226758989976205,0.18011902756102804
62459.77,62459.77,17818.589279413594,0.4445632142469957,0.18134729419267587
60844.73,60844.73,16591.667308828713,0.4645320879913589,0.18062425003678653
60297.29,60297.29,16546.550440923624,0.4582674396198165,0.1806330392529037
61820.41,61820.41,18427.93639349701,0.48377344388313015,0.17712267993388214
61436.7,61436.7,17950.88331362586,0.47469556631142074,0.17871021507114224
61039.94,61039.94,17661.94173087098,0.4797921735701502,0.17867240527201703
61458.31,61458.31,18237.739246819983,0.4758638918928463,0.1781184910966108
61696.37,61696.37,18489.708022995066,0.4776939251493091,0.17794289285379808
61045.19,61045.19,17833.852866255475,0.46301463826473227,0.17478024628528516
62025.74,62025.74,18969.884999382906,0.4801560673363733,0.17346101777243353
63134.18,63134.18,19964.80310586055,0.49423662081880065,0.17056328353114128
62826.89,62826.89,19420.01504868392,0.47040435747639386,0.16698652814051007
60863.2,60863.2,17434.969592945614,0.5006143491951465,0.16715748543192213
59662.29,59662.29,16612.660864952508,0.5217784537834121,0.1656528947989109
58224.14,58224.14,15566.668484378519,0.5116277671928501,0.161285148326543
58279.92,58279.92,16100.309419618367,0.5014609181938353,0.16196257452238474
54406.49,54406.49,12457.80627093443,0.5216504042389817,0.1671463955208199
56631.52,56631.52,15616.850881620026,0.5177744035411603,0.17207988018949344
57961.67,57961.67,16933.729705960082,0.5219247890089369,0.17239203356331306
55859.08,55859.08,14673.651078658811,0.5339561459417522,0.17269636021907178
56711.66,56711.66,15948.490678947535,0.5345182265390424,0.17197010077279773
57860.34,57860.34,17128.763769978104,0.5403828545166359,0.17239060486052377
58495.65,58495.65,17610.069698594074,0.5389113484874021,0.17254531476700571
58765.61,58765.61,17735.83068841639,0.5267270989583805,0.172877959417633
56915.36,56915.36,15795.296448845875,0.5369443146011406,0.17387605824358315
57815.57,57815.57,17040.12858378209,0.543522746452931,0.17353798391529035
59464.99,59464.99,18654.470640133113,0.5495544057639241,0.17374457470647864
62653.48,62653.48,21537.16377851078,0.5499978913208409,0.18326561499232605
63026.4,63026.4,21172.898335376303,0.5487777283311113,0.18338429264545622
62920.44,62920.44,20691.709926571486,0.5416671412640075,0.18367438612754347
65158.5,65158.5,22745.256090511015,0.5460194093220799,0.18542279852990085
64728.65,64728.65,21739.584615723863,0.526165840687063,0.18681802828652228
64754.89,64754.89,21579.507551710638,0.5155762374848402,0.18762166185682327
63709.42,63709.42,20385.52093512386,0.5049740357708115,0.18922776699949806
67150.22,67150.22,23922.120331055303,0.5315573060956615,0.19657297259140635
67181.34,67181.34,23259.844144927963,0.5250576816388377,0.19682742282765994
68170.01,68170.01,23945.4118150298,0.5331492716005403,0.19639739724647212
67073.86,67073.86,22459.086873145512,0.543929793407912,0.1963644355812863
66671.09,66671.09,22054.122920339534,0.5360689713883555,0.1980668285545688
65939.31,65939.31,21330.765665994462,0.530571297604466,0.1986167711659951
65658.45,65658.45,21155.03928117499,0.5129135602014828,0.20159690631695248
64094.3,64094.3,19658.973234740493,0.5315499187379431,0.20058885171528662
65805.11,65805.11,21695.23394354454,0.5229232073677981,0.20290509175163787
67560.04,67560.04,23228.599148156718,0.5229972332431819,0.20609163817067966
68860.01,68860.01,24103.96701155664,0.5226630651408811,0.20620945400025456
67551.96,67551.96,22351.64923193236,0.5464008088040481,0.20217871155890607
69355.44,69355.44,24196.53910460256,0.5319464526060038,0.19141142435886976
68096.61,68096.61,22535.204890011642,0.5187789455336997,0.1919724118023867
66566.58,66566.58,21065.66681364949,0.5261892341105323,0.18957236183122042
66226.02,66226.02,21001.23659391056,0.500315823723683,0.1902326660002197
64631.66,64631.66,19557.435679198985,0.5098390881171025,0.1905421930168777
64673.9,64673.9,19979.071316001464,0.4917112371476656,0.19181187863474009
63423.99,63423.99,18878.50181879883,0.5009214130800901,0.19221219739023096
64660.7,64660.7,20452.946663170384,0.5183964453206624,0.18947316305887868
63413.73,63413.73,19116.161790966704,0.506706579396852,0.18974866499002327
61492.7,61492.7,17446.662725404218,0.5154025327277288,0.19251089586849873
60881.16,60881.16,17333.274994238454,0.504552594183109,0.19309408821958185
60737.05,60737.05,17539.602095678645,0.47179493553734203,0.18778756691366316
59084.81,59084.81,16112.904279439128,0.48544331887699693,0.18978135616917036
58165.87,58165.87,15674.539020618096,0.4953485545277415,0.19012522399625345
53870.52,53870.52,11807.302347292636,0.5193793838722895,0.1963878628972005
52668.5,52668.5,11706.477668279695,0.5428224268155518,0.19165058335241744
51336.63,51336.63,11132.982922134011,0.5597108791600904,0.19224344953534545
53474.72,53474.72,13975.970612038836,0.6031839616702639,0.16694150034319402
56001.14,56001.14,16494.55439952184,0.602353869897351,0.1614335981990657
56419.81,56419.81,16543.80325900758,0.6082937975246502,0.16155623341309738
56865.53,56865.53,16843.921423513195,0.5991785338673933,0.16148754995413378
56101.64,56101.64,15965.760722028877,0.5963383036288352,0.1612391960956083
57062.39,57062.39,17056.5158359673,0.6022365650473831,0.16183033597353036
59431.02,59431.02,19299.515842405875,0.6219626469429077,0.16458371182625178
61353.85,61353.85,20726.73287093422,0.6421529649758801,0.1661604590030628
59805.58,59805.58,18607.998737792906,0.6403489252246843,0.16644494529437712
60845.64,60845.64,19704.25285959133,0.6367415375772788,0.16490160542621185
61017.3,61017.3,19638.38114456112,0.6151514958118333,0.16362556357323274
61256.16,61256.16,19730.44275640368,0.5984354926679358,0.16337503572184306
60127.76,60127.76,18468.15456104771,0.587205422615518,0.16484029101443762
58513.69,58513.69,17001.464674194547,0.5898981839797047,0.16254044370037302
59845.17,59845.17,18690.91489413225,0.5908923217382133,0.16345257369423957
59349.13,59349.13,18070.947600434127,0.5704017951064877,0.16491538886543264
58833.47,58833.47,17631.98539373938,0.5744773279602308,0.16472146908485083
60819.07,60819.07,19754.85919892652,0.5746147538865393,0.1672175422221245
60918.28,60918.28,19522.038655850673,0.5759365896312019,0.16722384880186258
59436.45,59436.45,17904.334621094058,0.5806913775051132,0.16696473080726615
58685.49,58685.49,17379.357506258915,0.5666815225394587,0.1678148284506534
58747.33,58747.33,17665.204412686428,0.5546466411034905,0.167169652874881
59688.19,59688.19,18693.189926322324,0.5366644363746855,0.16691179244490378
57894.28,57894.28,16768.811204909092,0.5565248713487193,0.16572765409078358
58403.26,58403.26,17603.181755106052,0.5626171799815942,0.16577706431649075
59159.88,59159.88,18389.74466486922,0.5608235793685983,0.16360206779206718
59393.94,59393.94,18512.329918428382,0.5525302426949594,0.1633054296548835
59341.47,59341.47,18385.756337223378,0.502097987468478,0.15076353911002668
59707.75,59707.75,18735.345153695947,0.47926897051135153,0.1541981084605609
58506.61,58506.61,17453.128890566375,0.4843727983655625,0.1521251832042598
58535.52,58535.52,17690.289231635747,0.42324245880050415,0.1769518385556658
60935.38,60935.38,20164.40398893463,0.4255692527090684,0.1743941146093966
58825.14,58825.14,17620.681591870118,0.4421056100784512,0.1788144511773448
59711.64,59711.64,18771.60334538547,0.4534585385402562,0.1770520023044294
59516.01,59516.01,18479.488843548264,0.4439862202363439,0.17723783094297685
60555.21,60555.21,19529.873191118408,0.44838154074329234,0.1762154224816508
60407.59,60407.59,19176.15578275059,0.4191513725441963,0.17373723934681612
61075.6,61075.6,19792.710614144657,0.40606356520289155,0.17108778754825502
63612.61,63612.61,22159.562680238996,0.42034984667167136,0.17256357726780944
64316.55,64316.55,22277.048201441416,0.4142240014074879,0.17307579595676853
64153.5,64153.5,21719.678883444736,0.41464525442131733,0.17301422869972202
64137.72,64137.72,21521.431937985282,0.4104441772282628,0.17304700877182033
63627.23,63627.23,20879.86961184942,0.4067632441322976,0.17142366972326026
63528.85,63528.85,20783.163903327048,0.38296974319047505,0.17146316237897238
62975.39,62975.39,20209.54940294371,0.37642266638210464,0.16978941863945918
62422.33,62422.33,19733.017748764745,0.37487987804183504,0.17029051188515723
62097.84,62097.84,19529.333104765727,0.37068015394511666,0.17068722019184054
59625.56,59625.56,17160.90157622278,0.38032128609530214,0.1701682179068528
58903.75,58903.75,16976.973584675347,0.39754220778238225,0.16736824791681862
60065.37,60065.37,18504.504720421428,0.3953990417394075,0.16619648862154335
59038.79,59038.79,17435.749492211246,0.4063117130590653,0.16413337632424135
58093.53,58093.53,16728.76868896323,0.42247594348252165,0.1635511215873558
58972.48,58972.48,17915.1504467829,0.43215085212584964,0.16141800064391357
58219.4,58219.4,17143.489083709268,0.4141663311409757,0.16285856389354642
57550.6,57550.6,16663.796889779864,0.4186558685445718,0.16235079324101556
58446.99,58446.99,17794.986696777363,0.42148623909544713,0.16192341688841289
59068.28,59068.28,18363.965252155693,0.43144985818064296,0.16107840445517183
57481.78,57481.78,16672.581797647013,0.458999616586571,0.16001899656493046
56748.85,56748.85,16235.719313811118,0.4683808027418352,0.15907899685162222
58050.63,58050.63,17810.465130772187,0.47745462334872174,0.1554112163428032
57153.66,57153.66,16795.34141916198,0.4958164214321224,0.15442779861040304
55971.98,55971.98,15787.988092222557,0.4838385315371926,0.14963185558828157
56583.7,56583.7,16722.77310348802,0.47387200631456483,0.14469234932272218
56003.03,56003.03,16177.491941721091,0.4642715777902989,0.14555733541359006
53538.03,53538.03,13888.90417480423,0.5016885096585808,0.14794895630437038
54284.0,54284.0,15229.796665565424,0.4996010834660884,0.14706436208898188
54164.51,54164.51,15235.948616185502,0.500174724337568,0.14706032237217964
54338.54,54338.54,15555.73121178129,0.49118076925629645,0.1471263000265721
55267.04,55267.04,16560.35838440791,0.4751022256247067,0.13976203789654282
57039.58,57039.58,18224.960086718507,0.4909946138270799,0.14209319040761662
57223.84,57223.84,18049.4585460245,0.4922532232356227,0.14208679322488713
57643.48,57643.48,18307.97056854987,0.5028047421632822,0.14166740918655868
56713.98,56713.98,17220.54820324468,0.5069528935578086,0.14213138570990322
57584.78,57584.78,18202.71693299408,0.5295147445513616,0.13992997939505747
58059.89,58059.89,18533.972786852784,0.5305611435502077,0.13985789641359375
58401.15,58401.15,18726.844288989836,0.5302624301200132,0.13982033930243956
58110.31,58110.31,18301.101074279686,0.5306859806134626,0.13974551367110444
59734.75,59734.75,19916.137285207617,0.5306029113309804,0.13393060689139605
59871.75,59871.75,19708.67913462661,0.5143700861198903,0.13542010743740132
59875.05,59875.05,19538.347998078985,0.4927562241723179,0.13474278097555237
58653.6,58653.6,18214.603616154687,0.4962383101435739,0.13478643048776645
58211.04,58211.04,17945.63484071663,0.48822976780336735,0.13452977883011583
59085.97,59085.97,18954.30171585863,0.48928856549228156,0.13429217876799204
60311.99,60311.99,20057.433617868184,0.5061842699201436,0.13243073873566685
59854.54,59854.54,19312.88988255401,0.5038065474725087,0.132157291706821
60068.38,60068.38,19496.050905164702,0.48982434842281236,0.13224077996305456
62120.25,62120.25,21465.347720401624,0.5007836664200938,0.13681215063213592
62644.52,62644.52,21528.687626153944,0.4819937337211286,0.13624424344830824
62950.21,62950.21,21527.366137156656,0.4760994936616326,0.13684536688105667
63443.24,63443.24,21789.021916710823,0.4571195605392185,0.13860609625581138
62894.0,62894.0,20997.781556866918,0.45485742415911135,0.1372868581792919
63110.89,63110.89,21179.15435884748,0.4376634599453698,0.13776863543890416
63168.86,63168.86,21130.272022359728,0.42582747842402985,0.1377469925183436
63552.59,63552.59,21425.82528981479,0.4271822120029037,0.13729833854667423
63336.66,63336.66,21065.126852641726,0.39356576949056576,0.12916195039995726
63482.98,63482.98,21167.27577868662,0.3795658061852828,0.1294366350067817
64457.96,64457.96,22063.31059072449,0.40553249324849217,0.12578299757262
63503.03,63503.03,20856.312552598494,0.42353465386785116,0.12480330619990543
63515.41,63515.41,20933.086103556212,0.4033452237897837,0.12490527269335648
64396.04,64396.04,21797.8677626364,0.38985758605521836,0.12157388703192211
64699.13,64699.13,21897.951237079404,0.39561149650258975,0.12133448517139815
65468.22,65468.22,22507.302043214266,0.40981749308539106,0.11896308121347887
65997.83,65997.83,22786.754050268675,0.4109302223846283,0.11617412964353632
65795.71,65795.71,22345.378893374975,0.3929293036168502,0.11705486203737503
65601.78,65601.78,22054.20760657768,0.38599776538509234,0.11704672145429781
63822.02,63822.02,20227.20783609819,0.4063843181144654,0.12341452693229173
63309.05,63309.05,20013.37332721614,0.41556868954850684,0.12197127981989389
63731.67,63731.67,20628.26774625369,0.3918297983720344,0.12141830774849581
62632.94,62632.94,19523.63476948809,0.40547685902019354,0.12364877165083694
61752.19,61752.19,18869.68139873178,0.4401387009316521,0.11535882520345199
61872.68,61872.68,19255.871975140675,0.4191468830058104,0.1139051948223035
61465.09,61465.09,18945.374809230954,0.4227692442313781,0.11299484740423525
60767.05,60767.05,18394.324333147524,0.41702475975070447,0.11330494079209191
60756.13,60756.13,18602.916299341254,0.38510439743227054,0.11496110100951899
61450.45,61450.45,19410.087770438382,0.39397230853117,0.11399122235741019
62186.65,62186.65,20082.54760120988,0.41773795282284343,0.10917159552081851
62627.98,62627.98,20377.716847054755,0.40652533549197883,0.10041170943149773
63139.6,63139.6,20753.190519857955,0.4113844465260411,0.09991096046980978
62633.88,62633.88,20087.250454600762,0.4187415932077349,0.09870228352316221
62288.17,62288.17,19767.730142184526,0.4178169623971759,0.09792277841118163
62273.38,62273.38,19816.71625009016,0.4018038404363057,0.09846202229929567
60633.65,60633.65,18199.63716176703,0.43177415517347534,0.10119660896013132
60791.67,60791.67,18696.446356940665,0.4355456838443501,0.10119462590979808
60674.23,60674.23,18684.488275618343,0.42881607634825675,0.10100969934021618
62534.12,62534.12,20637.553614217242,0.4558381106876175,0.10679466313437357
62847.05,62847.05,20637.563144498105,0.4634512930083187,0.10655172710977785
64306.01,64306.01,21928.677375557447,0.46412042619640637,0.11002684258194717
65874.33,65874.33,23124.51530185045,0.4734960047993581,0.11206460854283365
65665.2,65665.2,22435.64298791875,0.4796637442148683,0.11190438790883639
66022.16,66022.16,22605.38263698046,0.4753075965264266,0.11085036087114276
66973.87,66973.87,23353.822479113893,0.49084076746136274,0.11054998283788621
67614.17,67614.17,23675.971454392507,0.48842039058111486,0.11054945554193525
67589.97,67589.97,23352.801489292237,0.4736979896872844,0.11082697130815478
67965.45,67965.45,23560.165191378073,0.4785792314323485,0.11084335918541098
68081.67,68081.67,23476.819194170224,0.47788346487833444,0.11091494106577701
68937.28,68937.28,24180.06099143908,0.4749626408452354,0.10513680536336835
67340.02,67340.02,22301.393052387728,0.4890920639821082,0.10909214732145078
67295.34,67295.34,22418.559326074173,0.4788106649264485,0.10911177973030926
66850.24,66850.24,21993.134401071664,0.47764363402063836,0.10620529570367608
66218.36,66218.36,21436.217102580347,0.4553608012208053,0.1121098682832998
67294.28,67294.28,22649.56369527308,0.48778206776311456,0.10911764578909461
68011.16,68011.16,23194.652042278816,0.4940565126038641,0.10980746460302915
67682.5,67682.5,22652.426396270545,0.4898839635230192,0.10889282866326519
67010.04,67010.04,21940.272610615473,0.5154825880796584,0.10583708494331667
67126.72,67126.72,22143.562502540954,0.4998468552627648,0.10602957935050465
67720.9,67720.9,22724.702543905485,0.4895911876571018,0.10809716604362413
68484.96,68484.96,23351.879043679954,0.493104995370148,0.10855528908980595
71462.7,71462.7,26108.222285076008,0.5193144552205112,0.1190243556931768
72742.75,72742.75,26680.505892564666,0.5291570511114374,0.12070868974522768
72053.71,72053.71,25418.74157510681,0.5366520125345404,0.1204512835978582
72218.09,72218.09,25414.146115855794,0.5406386299913127,0.1204850186219077
69369.45,69369.45,22374.549241881257,0.5405773697758296,0.13198996132920118
69388.99,69388.99,22819.61341675793,0.5360184609767876,0.13188682577181618
69506.92,69506.92,23042.553875204932,0.5357482814842585,0.13224489039189663
68088.62,68088.62,21634.651288272085,0.5296929451516459,0.13051589810193098
68613.65,68613.65,22441.221660569623,0.5313212241659333,0.1306651635763685
67857.89,67857.89,21683.442108447198,0.5194654336742719,0.1293428680515212
68809.35,68809.35,22796.013940857316,0.511243342094733,0.12816663582856125
69376.62,69376.62,23237.5763117819,0.5215030058025588,0.12812175938305545
74360.46,74360.46,28067.07763580246,0.5409035887947146,0.14757688610006975
74279.16,74279.16,26918.78083801145,0.517277550885864,0.1497244807034188
75809.54,75809.54,28019.304332120293,0.5176729892420066,0.15325378007366602
74751.95,74751.95,26385.139358664434,0.5381907785504957,0.1526296721201386
76062.14,76062.14,27589.312319118573,0.545593844372003,0.1537322882466025
76153.17,76153.17,27276.710876119658,0.5435583470243833,0.15380277152440358
76910.6,76910.6,27784.757928889492,0.5352064856197335,0.15592961909672842
76199.08,76199.08,26742.038477822265,0.5212972090927234,0.15579083459472579
77200.73,77200.73,27680.590222562336,0.530521981716803,0.15618823377914684
79676.02,79676.02,29853.033536049414,0.5528571462956322,0.15905607930490706
81614.07,81614.07,31117.094560429534,0.5739462250383275,0.15848371903743663
82137.47,82137.47,30915.878499306767,0.5450705536508307,0.16564397855018204
86089.49,86089.49,34372.77063735912,0.5660722738713956,0.17621694244830874
88046.36,88046.36,35218.55211462444,0.5892253261306329,0.17531646182985017
88986.33,88986.33,35206.012190667105,0.5712534551992657,0.18225191114236164
87148.58,87148.58,32633.664248147754,0.593530466023346,0.1830108567231025
87919.73,87919.73,33299.85083797405,0.597580876046074,0.18206332872845382
87350.25,87350.25,32362.209917123975,0.5891849774025819,0.1830626282482542
92514.12,92514.12,37371.54565188097,0.5865892950337233,0.1970229942647118
90176.45,90176.45,33820.267758510076,0.5777118321819044,0.20588665320071492
90784.26,90784.26,34311.93617525177,0.5704409362951097,0.20921927847836294
89458.21,89458.21,32647.12707062054,0.5912097672773277,0.20559031189457408
88208.94,88208.94,31408.241736033073,0.569555046206754,0.2050734130538502
88431.99,88431.99,31771.128949778373,0.5728093768445554,0.2050369795191906
91125.57,91125.57,34393.32673700042,0.6010150600468531,0.20560725911636066
90577.4,90577.4,33222.59220481815,0.5813831638420409,0.21047008380955967
90255.42,90255.42,32704.669714064534,0.5746950774523797,0.2107378010094619
91726.11,91726.11,34063.463024676814,0.5815030693270401,0.2124710619628402
92324.89,92324.89,34241.22096083677,0.5664869841440102,0.21538913947236732
91419.88,91419.88,32978.13675802392,0.5644022265591283,0.2158360254186623
91645.37,91645.37,33152.95662887032,0.5365071373281171,0.2031268699590302
93211.15,93211.15,34561.74528725792,0.5601685672165256,0.20161921978262518
92831.63,92831.63,33736.721384469754,0.543782734383692,0.20212197336747237
94731.25,94731.25,35466.68679735367,0.5445911970004267,0.2063411607598341
95799.02,95799.02,35998.32484133498,0.5474387649638076,0.2049034791670825
97985.51,97985.51,37680.72705788189,0.5706022623840825,0.20556003896426683
97809.62,97809.62,36765.73363470104,0.5573294926646623,0.20627668360994833
99166.57,99166.57,37752.03310401883,0.5599892099026756,0.2090889986773295
98663.19,98663.19,36694.232672293685,0.5562524822334287,0.20879182997197893
98535.84,98535.84,36327.57158791665,0.5208283192976416,0.21199508344892903
97672.5,97672.5,35266.062724501375,0.4998810491985506,0.21624306692367898
97264.62,97264.62,34843.83718931695,0.49780966532560295,0.21633735242623928
97927.53,97927.53,35487.95990998171,0.47127842769745126,0.2085517864870033
98168.23,98168.23,35515.23844393642,0.4438411931948228,0.2132117252114903
95997.55,95997.55,33149.12282781102,0.4553343109670562,0.21685977217074587
92970.66,92970.66,30408.909333930074,0.4605176784548831,0.22375417938298245
93773.68,93773.68,31862.077370031904,0.45006467527115696,0.2299022428660408
92812.17,92812.17,30967.984362657575,0.45921115571953525,0.22708777426374496
91956.47,91956.47,30348.19944855058,0.43303000617128784,0.20323034907854098
93585.1,93585.1,32240.28930083032,0.4373362892539645,0.19741463268550258
95562.72,95562.72,34003.44931386011,0.4497560728677623,0.19955079157021277
95840.17,95840.17,33812.86018147745,0.42838256964726334,0.20522831762341154
95461.82,95461.82,33172.84393811274,0.42174203682657374,0.2036190056517968
95643.21,95643.21,33270.97957471589,0.42107393783399216,0.20361893758708763
97235.37,97235.37,34736.33547556633,0.4132180355387062,0.19905888497745194
97442.02,97442.02,34528.10077014116,0.40839600090003053,0.1995183634083321
96464.9,96464.9,33298.48619237995,0.4211006211596632,0.1966712128011661
97192.64,97192.64,34052.82413558239,0.40478960574312756,0.1995051302843898
95122.59,95122.59,31782.01256171691,0.4295493531655145,0.19490293701752676
95830.29,95830.29,32779.7489620306,0.42584866960472634,0.19573407933975445
94988.31,94988.31,31860.254931385003,0.4366267134413264,0.19498866925924022
95848.38,95848.38,32842.02547512355,0.427086835068846,0.19576903468584245
96174.38,96174.38,33017.08051822074,0.4246069866470323,0.19618706565426464
98573.35,98573.35,35275.93302568901,0.44227319009881183,0.1891759702403493
102961.53,102961.53,39098.691512682606,0.45470951799238535,0.20841621539132718
102575.98,102575.98,37574.29411404393,0.43470090828615454,0.20709006600421992
99022.66,99022.66,33570.21517863152,0.4681952691138019,0.21400783993680986
96908.75,96908.75,31850.258383776847,0.470815986902809,0.21652366111998333
98150.28,98150.28,33555.59429695326,0.48067756755382807,0.21630921093358274
99312.31,99312.31,34610.272658976464,0.4963720377745494,0.2153576313595597
99296.58,99296.58,34314.11017089676,0.4840881341169581,0.21600377056077058
99843.19,99843.19,34724.4818728832,0.4909969174857239,0.2152565714802661
99912.63,99912.63,34582.56398680493,0.4783169680998053,0.2164108763364914
99573.95,99573.95,34100.078411002105,0.4796300713374054,0.21612055099476035
97802.36,97802.36,32286.9795421873,0.48471730682881004,0.21191886404645102
97074.36,97074.36,31847.402439256264,0.4591188061191748,0.20781641515269303
96927.64,96927.64,31922.09979112672,0.4497772214427356,0.20829449574256273
97726.01,97726.01,32829.49292438381,0.44478149351043145,0.20997555120581887
95646.56,95646.56,30635.649129586018,0.45155206110500423,0.21357268823039982
97388.48,97388.48,32748.084318811845,0.46856592363475164,0.2016703600971358
98306.08,98306.08,33448.84715668283,0.4530244454913194,0.2010329033189987
101133.19,101133.19,36020.655975802816,0.4925951884845816,0.19784475060402013
100370.79,100370.79,34574.00808400808,0.497197709222325,0.19773254711403807
101797.37,101797.37,35845.9681208251,0.5070288669265157,0.1988223290245883
100135.61,100135.61,33759.769716326045,0.517518563863202,0.192540332458109
101454.47,101454.47,35183.1277141585,0.5358922976335619,0.1917630757441955
101585.01,101585.01,35018.44251018952,0.5199534497614037,0.1932600237070831
101414.21,101414.21,34663.60240366898,0.5139022864548307,0.1930238721141467
103262.42,103262.42,36416.1369287149,0.510475844808916,0.19452015084480181
103769.12,103769.12,36461.07123829727,0.5083274226261842,0.19449127579642794
106331.33,106331.33,38690.827341809214,0.5107042966442717,0.19842203730634864
106822.37,106822.37,38464.54810934383,0.5062465844938283,0.19865406201072539
106472.61,106472.61,37655.646175032816,0.5073327724732365,0.19850521172729474
104761.24,104761.24,35722.89291917592,0.4967722297435906,0.19927101118151858
105012.8,105012.8,36123.39056959444,0.46644639643929087,0.18526151720099862
102794.75,102794.75,33826.80080097553,0.49264852347501803,0.18505690126152197
100206.58,100206.58,31600.26831608193,0.4779123767787121,0.1820146683583137
102464.59,102464.59,34470.975774804436,0.4899919141881033,0.17899318652487967
97203.86,97203.86,28991.52887245841,0.5116759135694638,0.1995793011485466
97112.23,97112.23,29892.323421729685,0.49487487126955965,0.19971246210117874
92717.72,92717.72,25897.79503474386,0.530054698375847,0.2102130601360759
97113.62,97113.62,31396.651725008312,0.5505268067392154,0.22201620129526348
99044.24,99044.24,32945.012712116426,0.5704229757099849,0.22299497872558482
97272.31,97272.31,30747.508190352703,0.5888557908377444,0.22176239511313675
96213.25,96213.25,29898.69607801264,0.5770289475046908,0.22307687781793006
94847.61,94847.61,28813.38567457888,0.5877459535132761,0.2226492648007386
95399.17,95399.17,29761.923711735755,0.591743109661394,0.2228496352989289
93253.44,93253.44,27692.22521765594,0.59587003295835,0.22491310913618112
94234.86,94234.86,29177.832874662985,0.5936703024972989,0.22293864373344402
98299.9,98299.9,33276.900634482285,0.574914353787095,0.24251928051492194
98092.02,98092.02,32326.325704457777,0.5693128167338669,0.24230447041193076
99440.87,99440.87,33451.998136384675,0.5457288379149068,0.25018661366559686
95708.63,95708.63,29321.40105126385,0.5636270494756827,0.2559841102746426
95783.86,95783.86,29949.508259878043,0.5517378575992429,0.25540338425704223
95102.45,95102.45,29424.5771537251,0.5224616548797103,0.26694002536079875
94748.06,94748.06,29285.302498333505,0.5065957777295899,0.27052770665820336
95033.35,95033.35,29743.308653774264,0.5086640696931677,0.27042477609581483
94513.48,94513.48,29258.86144934099,0.5121381733306177,0.27032308947415906
93716.13,93716.13,28604.035109366952,0.4941675793810618,0.27786788733458423
92121.0,92121.0,27240.72161655566,0.5043794426932522,0.2779551281995083
92860.7,92860.7,28412.56197419978,0.49945054465376815,0.2723131943861822
93838.2,93838.2,29444.840710692195,0.5026382418230292,0.2725248533686204
95016.6,95016.6,30500.43428085088,0.5130717607307475,0.2707822248425138
96468.58,96468.58,31699.725961255026,0.5011286544931274,0.2774335652845768
96755.91,96755.91,31605.947595260353,0.5018060530398502,0.27737929712318204
98182.95,98182.95,32812.31371468103,0.4870308222353138,0.2849853085148978
97650.3,97650.3,31872.03333451292,0.47287180123786987,0.2833473718616472
99041.06,99041.06,33172.200871485096,0.45607414172248095,0.29291475632837266
102155.92,102155.92,35920.84096333475,0.4502622062823087,0.2778721755922637
101703.32,101703.32,34661.94637420363,0.4545283965187682,0.2776104920611661
97954.18,97954.18,30628.038701219775,0.4512667660739275,0.2738671033279109
96521.96,96521.96,29735.436165595005,0.43820615468785684,0.25929579858160423
95133.01,95133.01,28770.634246468166,0.4297554619925349,0.26033771903485065
94253.55,94253.55,28331.64418129623,0.41829667213792104,0.26385637286876373
93222.02,93222.02,27671.00745474141,0.4202707445434204,0.2626285000153746
94249.18,94249.18,29089.956637738855,0.41566143662343424,0.26385810107629293
92543.96,92543.96,27380.245061179492,0.42852624976274317,0.2617618731890664
94499.5,94499.5,29728.464747903912,0.4309678281239023,0.25967811656760836
93738.25,93738.25,28761.122319366557,0.4263417014994685,0.2615590537924363
94723.41,94723.41,29864.344066207406,0.4164147587390771,0.24586241789198132
94628.78,94628.78,29630.362205710917,0.4146368723268833,0.24596375640707405
94664.46,94664.46,29646.84549429093,0.39510324263084656,0.24930950354948192
94259.83,94259.83,29227.4683383176,0.3695910940943034,0.23823336938685782
90855.61,90855.61,25898.997234705123,0.39928703905841123,0.24537527028541434
92306.66,92306.66,28060.734228179346,0.41744415963268305,0.23965909935205912
94883.85,94883.85,30638.420005498214,0.43481362233822146,0.24405939858736525
96558.96,96558.96,31858.0143302208,0.4474697159971741,0.24492368887873067
96462.25,96462.25,31274.55818286918,0.44228780396598916,0.24506057247622073
97324.01,97324.01,31943.788064700566,0.4492057719914544,0.24219019739848155
96755.86,96755.86,31084.55618406528,0.4366738510567005,0.24324336234467053
99853.51,99853.51,34144.025896590014,0.4641320406343493,0.24066246360311042
99820.03,99820.03,33433.43962528913,0.4497296548843201,0.2415776628626014
100413.97,100413.97,33735.43638485504,0.4452823493259163,0.24135705297544824
101431.16,101431.16,34445.0877972032,0.44292832436336455,0.2405921293559981
104003.86,104003.86,36627.69280846165,0.47054313525663666,0.23903105623768459
104084.75,104084.75,35974.53496417824,0.4546491935362622,0.23913323709185713
103580.95,103580.95,35089.2641955678,0.45565535097262577,0.23870540183593197
104553.19,104553.19,35906.29096711092,0.4524498329852449,0.23833996237042376
105166.4,105166.4,36171.40812640746,0.4262827476159321,0.2360658226536927
106223.94,106223.94,36896.54368305771,0.4425312951411322,0.23200611440627125
101337.81,101337.81,31589.178955434923,0.4386378003512601,0.24478731514665297
101902.25,101902.25,32885.87577743217,0.4261276682829052,0.24841965074031805
107161.45,107161.45,38240.62509274451,0.4558377100824132,0.2637098428508189
108244.56,108244.56,38313.38503285211,0.45133786911056695,0.26721970466268163
104966.25,104966.25,34408.609580542776,0.46076187045989875,0.27654381987674664
103688.92,103688.92,33444.00818840685,0.47999798524846404,0.2576948237408355
102934.69,102934.69,32966.68518787187,0.471437748760895,0.2580724902308958
103757.76,103757.76,34015.089584613495,0.46343904038198946,0.2570120343137337
103950.99,103950.99,34122.59089367553,0.45319470995054545,0.25923580933637475
105612.54,105612.54,35712.4742426552,0.4713318493518949,0.252877617960856
105129.05,105129.05,34852.59997708583,0.47426047880331124,0.252995161333405
103708.04,103708.04,33357.36554326686,0.4967016365427203,0.24727974619460727
101945.73,101945.73,31803.084517457843,0.5158421436193683,0.24404105830294034
103784.31,103784.31,34042.9896407185,0.5287839418073841,0.22424791071080039
105050.98,105050.98,35093.90731693135,0.5407083433635362,0.21642181170539695
105772.94,105772.94,35496.23019452684,0.5281673452730037,0.21345577282153383
105053.74,105053.74,34492.107425857204,0.5224633806168794,0.2110413236688686
102608.32,102608.32,32041.620630009013,0.5371643374683454,0.21561959063976222
99034.32,99034.32,28910.10204516814,0.5553729601419738,0.219645905749415
101110.83,101110.83,31850.252648333902,0.5785135908267768,0.21945426223964476
102069.33,102069.33,32753.956601576167,0.5522620628339354,0.21842688045034858
102784.97,102784.97,33325.91078526946,0.5623979352386731,0.21873515165532095
102634.63,102634.63,33002.779203585946,0.5535554653799669,0.21852897269595986
103584.51,103584.51,33918.01634955326,0.5506893867787191,0.21878115629102357
105147.24,105147.24,35267.763420590956,0.5406638902010678,0.2176922023764406
104200.01,104200.01,33915.83838759117,0.553480976151043,0.21639177097092882
102427.07,102427.07,32149.74352446792,0.5656992158486354,0.21668042620218733
100634.02,100634.02,30669.882020091245,0.5748655543527144,0.21533901282166695
99620.55,99620.55,30116.37869054568,0.5794972169531835,0.2147530373725948
99340.8,99340.8,30231.519618882186,0.5604880011937665,0.21654235313042147
97690.9,97690.9,28831.87583163762,0.5575249917880154,0.2011612347301315
94036.31,94036.31,25655.038295531456,0.6227144737514821,0.18317666638907287
95092.35,95092.35,27677.498786391894,0.5952051593999659,0.1663392885265585
98850.15,98850.15,31672.864118053578,0.614164496307799,0.17504380207793105
101878.55,101878.55,34155.60354894753,0.6121173622467305,0.17565052928291938
100632.74,100632.74,32166.18819461418,0.5944882875835403,0.1797673105259486
98985.29,98985.29,30476.506929442345,0.6028629412787393,0.18059363300982145
98869.97,98869.97,30627.342584461177,0.5932085847199249,0.1804017906412402
98048.97,98048.97,29916.061068673225,0.6057214850218821,0.17999210917376443
98113.72,98113.72,30201.97696343616,0.5768434558190516,0.18153202537413046
96609.92,96609.92,28789.12534212231,0.5881931293096236,0.18228230535019727
98872.45,98872.45,31415.44510579978,0.5880045671753371,0.1857667784839438
95995.25,95995.25,28253.939835295125,0.603472576392059,0.18620737489585124
97456.31,97456.31,30220.863618319447,0.5739822497422715,0.19672363050775124
97764.55,97764.55,30442.008430911505,0.5411060284185134,0.20677606974229412
96900.44,96900.44,29527.868569531012,0.5474054452019548,0.20671651508171326
95844.96,95844.96,28644.87374903141,0.5510747445898537,0.2067907718583094
96485.35,96485.35,29575.49873762137,0.5439697333836805,0.20375978702870415
96811.02,96811.02,29912.70485831787,0.512064377550202,0.1973429845094187
97672.02,97672.02,30751.241326115138,0.48897715126820035,0.19983175424641902
98272.1,98272.1,31194.32643257556,0.4891440783417763,0.1985694355113446
97029.01,97029.01,29783.900510775755,0.4897911175891305,0.20018748386242363
96077.47,96077.47,29014.998222244132,0.5068179114832756,0.19935787627174542
96097.6,96097.6,29291.653852241245,0.4948211138916805,0.19966924876200606
97867.85,97867.85,31174.697961658094,0.5168849213166501,0.18545362549333108
95929.99,95929.99,28956.122210009664,0.5249543036545019,0.1869220428959771
96608.68,96608.68,29934.98643159542,0.5173153411479312,0.1845148747597564
96885.2,96885.2,30189.997216833814,0.4977342860922366,0.18323487886650355
97955.62,97955.62,31222.09397951956,0.5049834324271841,0.1814516883424502
97639.65,97639.65,30690.0665232155,0.5080384576547252,0.1814643300546432
97048.16,97048.16,30082.74320157824,0.49212673925183736,0.18134170440047315
96078.03,96078.03,29214.313725509972,0.43456434293344626,0.20428494235641284
96199.86,96199.86,29567.12119439151,0.4221018857003867,0.20487489643333992
95636.43,95636.43,29078.622578588882,0.4002454026144269,0.19035779963258434
95552.2,95552.2,29159.674726081852,0.3790486894812696,0.17804771268165503
95689.69,95689.69,29398.743606816133,0.36993357393108145,0.17660031023824757
95949.69,95949.69,29697.294214599504,0.35235812486560875,0.17499516305515866
96874.7,96874.7,30608.573990715944,0.36920733147463575,0.17325515947175327
96910.4,96910.4,30472.53633000722,0.35550727524636433,0.17398643824020948
98181.89,98181.89,31680.60421086011,0.3781075624058079,0.1724213942067261
98637.5,98637.5,31853.944239462042,0.36495968393036077,0.16994237717264962
95139.33,95139.33,28148.493058832755,0.40270695619400015,0.15971022884281233
95825.76,95825.76,29430.34748855504,0.3749365876045382,0.15439925618864545
92147.77,92147.77,25826.998944463514,0.3903484771423022,0.16632761058738094
89242.29,89242.29,23722.112832576655,0.4152007892255205,0.17291027199852793
88714.34,88714.34,24117.968122795835,0.4095345065877686,0.17351258917827123
83807.82,83807.82,19763.9886452196,0.42522256478446846,0.19226613810361112
85495.32,85495.32,22770.08534689863,0.44307520086985,0.1918201891721168
79217.47,79217.47,16791.750075092903,0.46913371869817416,0.21385319438499745
84793.27,84793.27,23916.059424965984,0.49765199843687946,0.23476100295190536
94287.51,94287.51,33039.36185306324,0.5186882095973848,0.27696715546726025
90075.14,90075.14,26985.8152726674,0.5284770773383453,0.2837006013892847
82979.22,82979.22,20088.484550957248,0.552115635982617,0.30292830805530985
89815.01,89815.01,28347.87288773989,0.5809837133136991,0.32000047792494046
90821.68,90821.68,28555.95362959853,0.5474445341128763,0.346500900395812
88980.57,88980.57,26315.528734038227,0.5396967269349275,0.3494860808075033
86130.24,86130.24,23679.183112061626,0.5532650373904758,0.35043823606185925
82321.22,82321.22,20508.88737415566,0.5770049000128826,0.3523670202467328
78596.44,78596.44,17819.7366505425,0.5822477097839522,0.36065121014013213
83119.26,83119.26,23566.219610897664,0.6090061385355116,0.3605145053391046
81703.87,81703.87,21858.930745322272,0.6103094957439577,0.361000349142787
83255.79,83255.79,23746.74152342759,0.6108813836024578,0.36062703917597644
82400.39,82400.39,22790.657889215712,0.6155984563224879,0.3609125100534801
83166.08,83166.08,23771.65647272076,0.6172791604935629,0.3603884397890549
84733.09,84733.09,25322.623157547394,0.6302379024120197,0.35943353256381433
85492.51,85492.51,25822.1180399496,0.6313224230722433,0.3599496556930428
84273.5,84273.5,24389.685951513296,0.6409997080170411,0.35965624028145055
88209.8,88209.8,28499.410301023374,0.6495344168482271,0.36578213265377957
87401.9,87401.9,26978.459599299313,0.6561472208625276,0.3659192653191035
86940.1,86940.1,26419.532514165665,0.6366425036651504,0.3748070807358693
84052.3,84052.3,23550.367020438724,0.6560360993801577,0.37521676949718075
82553.8,82553.8,22618.66626541708,0.6086172310610987,0.4220056201538685
82970.0,82970.0,23557.965567053965,0.6008495415447508,0.4251670991732207
84568.7,84568.7,25329.12344048114,0.5828692151136837,0.42785735655712775
83475.6,83475.6,24053.32082599614,0.5658419308286531,0.4334434812204143
84010.7,84010.7,24788.080257397844,0.5594786046149187,0.43500783580346636
82854.5,82854.5,23625.943176299217,0.5366967870820706,0.4347837886291149
82849.8,82849.8,23885.916996711545,0.5103254640777033,0.4513530015634148
78417.6,78417.6,19585.120921168098,0.5061701024445359,0.4437947830046005
76686.5,76686.5,18834.820778114823,0.4855031299608452,0.44718265232013554
78125.2,78125.2,21051.243965315305,0.46519028176400273,0.4050607294460001
78492.2,78492.2,21548.384545461005,0.4472125890903641,0.3992694095824597
77691.5,77691.5,20851.07781051802,0.41116579777384754,0.38828633122286765
77261.9,77261.9,20709.0645045336,0.38452984646665234,0.3566533688231025
81876.0,81876.0,25592.779092252138,0.408781721222006,0.3585939628877763
82140.6,82140.6,25115.82180950448,0.39717088856450145,0.35884046946658066
85010.0,85010.0,27709.842941291543,0.3911109242741844,0.36653075488661213
83753.5,83753.5,25763.705151839313,0.37484352958313877,0.3643814156684572
84592.1,84592.1,26568.287231207214,0.35717852969177166,0.35964562549665596
83353.9,83353.9,25097.717808013258,0.3350904902557855,0.3564036330726638
84841.7,84841.7,26718.859989739532,0.33681492441924854,0.3555759757163638
84646.4,84646.4,26252.410569326217,0.3235820554601086,0.358512099001212
87407.9,87407.9,28943.630362194846,0.3373408186396352,0.3585146636639721
90923.7,90923.7,31857.5937460195,0.3503004576573379,0.36552888600462835
93468.7,93468.7,33444.79846133242,0.35750561998368413,0.364408145438793
92625.9,92625.9,31654.94059016586,0.3592459872742963,0.3640949539075893
94627.3,94627.3,33343.48968796339,0.36088650466208316,0.3672077133832264
94067.3,94067.3,32128.457626571442,0.33907308547033715,0.3644224832364066
93832.5,93832.5,31647.287412608173,0.33398723053365265,0.3649672293330913
95034.3,95034.3,32685.536971949434,0.3409898623559761,0.3638772788847736
96185.4,96185.4,33443.38167350873,0.3295857588741016,0.364019299991895
97315.4,97315.4,34115.24872436267,0.3287160052571085,0.3643049360691097
94273.2,94273.2,30582.306627981983,0.354584682763099,0.3498536061648288
93813.7,93813.7,30445.682101896018,0.34864634718510157,0.34863215502916417
96930.6,96930.6,33687.85843332877,0.3686308311963977,0.34087162982343816
99268.6,99268.6,35417.56059189404,0.38456190589933176,0.3390083333158609
101294.2,101294.2,36710.16744110799,0.3953096080706494,0.3365973011739863
102961.8,102961.8,37608.956250473166,0.4172631208989178,0.33011219429246574
104002.6,104002.6,37905.79525831765,0.4071035949452417,0.3101715830943857
104470.1,104470.1,37745.164937033405,0.39936495859466814,0.30948598250092485
102527.2,102527.2,35323.19805717468,0.4031957944083339,0.3100501598228875
104792.0,104792.0,37651.4387594211,0.4336561626340543,0.29415988774539203
102746.5,102746.5,35054.92417479762,0.4499599205827579,0.2885911716131632
103710.1,103710.1,36131.45367380571,0.46042525968046955,0.28701515208621237
103804.3,103804.3,35975.660976432075,0.42731708231742005,0.2777808266036982
103606.6,103606.6,35598.8937820705,0.4269485085306817,0.27762366298198565
105580.5,105580.5,37472.47411841639,0.4315373558753396,0.26931929721499726
106855.3,106855.3,38248.12492842524,0.44006671358835553,0.2650670092026434
108985.4,108985.4,39868.50041628411,0.45871485551509467,0.26321587993438716
111769.5,111769.5,41938.42791121996,0.4768499327710592,0.2615680230308083
111095.6,111095.6,40325.469995034,0.4739479144990897,0.2595699032611862
108355.5,108355.5,37225.9594667472,0.5032639911018052,0.25658900325192824
107712.0,107712.0,36836.18510000518,0.49094157666535015,0.25294203381529917
108876.1,108876.1,38106.43212729978,0.4872271584439013,0.24539685533557792
108856.0,108856.0,37831.61141884055,0.4664336837571206,0.24244468438215272
108783.5,108783.5,37614.86105603138,0.46036847085015836,0.2416449370349183
105910.0,105910.0,34636.03617596869,0.4771979171979689,0.2400535232475852
104289.4,104289.4,33489.34866979325,0.49263256493814317,0.23808503325205724
105866.2,105866.2,35527.10198329837,0.5111297005966317,0.23725643598549204
105297.1,105297.1,34823.37994261127,0.5086804352268497,0.23608450570371256
101909.6,101909.6,31516.14129833493,0.5230952422329626,0.24300007421874797
105472.1,105472.1,35776.36970510436,0.5500528824805743,0.24365667128221943
108562.7,108562.7,38427.753636093476,0.546607315771982,0.24531329158434892
109250.1,109250.1,38367.69643018396,0.5507616725678312,0.2455463749398158
107018.9,107018.9,35682.11553180285,0.5468982034390238,0.24142982847152236
104295.8,104295.8,33152.25414729158,0.5569999389314471,0.23858019559131574
105233.8,105233.8,34634.89739956944,0.5508707013490531,0.23692884788566193
107051.5,107051.5,36449.60914461764,0.5505982463033289,0.2376151585526806
105634.6,105634.6,34684.648546788056,0.55172378643752,0.23765315762216502
104795.8,104795.8,33988.87585552696,0.5564776051917268,0.23707938745672275
105973.2,105973.2,35357.44183604584,0.5546898143597915,0.23540054736365562
102390.8,102390.8,31605.597471913512,0.5577776168391285,0.24174845931973846
98876.1,98876.1,28743.629931219184,0.5600230525556614,0.24789388856062905
103163.8,103163.8,33978.991955457546,0.584434179360956,0.25434259881686117
106087.8,106087.8,36464.14730631832,0.6110171627767296,0.2558121803341838
107320.9,107320.9,37027.21215286132,0.6229035798860322,0.25567520969806606
107454.7,107454.7,36654.53696118579,0.5995412298894159,0.2573302740768894
107197.9,107197.9,36122.354772461345,0.5840215109761716,0.25894408400445107
107486.9,107486.9,36290.174988720435,0.5624709729595809,0.26013434204748687
108708.8,108708.8,37348.72912976089,0.5514840024437181,0.2583397476808273
109058.0,109058.0,37342.04240579484,0.5464319174806572,0.2587726102263721
109071.0,109071.0,37099.16152984183,0.5156186158631898,0.2606663550777449
111414.3,111414.3,39280.51973293963,0.5332153893101751,0.2603848082849534
116881.2,116881.2,44158.04572899827,0.5456772557598515,0.27547104363929
117816.0,117816.0,43713.12781783685,0.5577279241066123,0.27477720711168885
120760.8,120760.8,45836.25015071832,0.581107008501021,0.2764279644221395
119844.5,119844.5,43840.620689508476,0.5598791787358297,0.27841183620054816
116394.0,116394.0,39982.53462405414,0.5736084328661872,0.2799762534836696
118634.4,118634.4,42565.48640178531,0.5785668618313993,0.280027592763044
119364.3,119364.3,42836.93416223703,0.5794092430034891,0.28055160338001883
118030.6,118030.6,41102.775622980305,0.5702501772149826,0.2748006235675732
118311.9,118311.9,41391.5289575831,0.534739680082158,0.2784196404792695
118906.2,118906.2,41830.39524465594,0.5159744921836115,0.27653531096465606
118748.8,118748.8,41420.51050102204,0.5082411541921229,0.27706857855340067
118348.4,118348.4,40880.93020050204,0.48603235114195187,0.2803306485645369
116528.8,116528.8,39011.0552025192,0.4767828275174114,0.2818460363488826
119434.3,119434.3,42193.94579348421,0.49404516729160347,0.28113464270818905
118604.7,118604.7,40839.165132278504,0.48100251043479303,0.28313091674638063
116913.5,116913.5,39081.702173938436,0.48565829759179097,0.28137965080747157
115746.0,115746.0,38157.195201675975,0.48723610740480094,0.2818795301155776
113913.5,113913.5,36602.1377715844,0.49376163208987894,0.2811906994516108
114810.0,114810.0,37953.869502255824,0.46784319613041986,0.2825269220807141
115400.5,115400.5,38543.99175914012,0.4503878707275376,0.27478576908161134
116201.8,116201.8,39250.652368166324,0.4229229813811786,0.2700767682748981
119293.7,119293.7,42145.952850559304,0.42268930876181426,0.2715428166597134
119003.9,119003.9,41146.31674175768,0.41196481096064524,0.2725918350842659
120924.5,120924.5,42812.995975398095,0.4330783061736278,0.2695329570974248
118254.9,118254.9,39581.091976574564,0.4559780525483958,0.2703744100200742
118244.3,118244.3,39813.48930120269,0.4528257592388064,0.27044351692020824
115511.6,115511.6,37091.04988200216,0.4617314375670625,0.27406243183408513
113892.2,113892.2,35984.8691923609,0.47628596904251674,0.2730244437837838
116360.2,116360.2,38949.97214079859,0.4975293631869338,0.2739082705073548
114411.7,114411.7,36719.39529576099,0.4909079329177706,0.2771233623084436
110703.5,110703.5,33323.22363922927,0.4939423300093224,0.2626277746304849
111314.9,111314.9,34788.7971782426,0.48994085642565277,0.2631076276511131
110088.2,110088.2,33796.42332473693,0.48255812631370265,0.25763284740540854
109224.4,109224.4,33342.709937300824,0.4832198309415681,0.25741606778941495
109239.8,109239.8,33745.58213519688,0.44881570817719907,0.25609956754641167
111448.0,111448.0,36165.392421503115,0.44589600705998766,0.25815411330981164
112342.9,112342.9,36766.537609747465,0.4483030256397122,0.25772620573753713
111138.8,111138.8,35316.83613476662,0.44753569437572616,0.2575578264021238
112430.5,112430.5,36758.35064405948,0.45930567053253174,0.2566658890916381
113868.6,113868.6,37985.52789156987,0.46982746824240407,0.255370216715322
115082.8,115082.8,38834.65811154574,0.48583247955106296,0.2526864062804002
115800.9,115800.9,39150.09907224492,0.492013350646099,0.2519366831855314
115820.0,115820.0,38826.17774268254,0.4706991300276109,0.2532941899522596
115875.3,115875.3,38687.99364713066,0.44157387501133705,0.2522395418286202
116959.9,116959.9,39623.617806737806,0.450574546528221,0.24934536316230865
114650.0,114650.0,36987.25312286518,0.453183582231485,0.2517493020459182
113087.9,113087.9,35715.370358294545,0.4617672972751903,0.2489880600958414
113342.9,113342.9,36342.1618244361,0.4441989307675526,0.2502008578419954
111354.7,111354.7,34435.48936350482,0.4494170906907942,0.2523960916520404
109130.3,109130.3,32656.3256761277,0.47527822524049146,0.24381359376255166
109372.4,109372.4,33528.387344633185,0.46924608382494487,0.24387545123334856
113812.0,113812.0,38205.564078408104,0.4750837496462317,0.2522790477221621
114369.7,114369.7,38033.17570852449,0.4798159413200174,0.2517423737346251
118584.0,118584.0,41891.59770733984,0.48844569799106796,0.2631868024069402
120223.7,120223.7,42511.91913703618,0.4841106718705794,0.25931304693067314
122223.8,122223.8,43735.3226387819,0.5079241992491688,0.2574342075712897
124711.9,124711.9,45408.19530105719,0.5054264085441256,0.25679681214074745
124996.4,124996.4,44750.934573655206,0.4909773620036192,0.2577790161879326
121855.4,121855.4,41041.87377811837,0.49788291315725064,0.2591442033949949
123303.2,123303.2,42734.68802793468,0.4992188636696755,0.25645874371068483
120948.6,120948.6,40048.60555316054,0.4934717868490992,0.2494815491230473
116654.4,116654.4,36021.98394312746,0.5117859976918196,0.26215067588763774
110406.1,110406.1,30655.267122171426,0.5670669814785233,0.25322654398769473
111525.7,111525.7,33339.6115272398,0.5694370884597475,0.2534409608423923
114840.0,114840.0,37089.371166192825,0.5949964373176497,0.2568765662334189
111712.7,111712.7,33600.5133981002,0.6042661088935357,0.2569221553485332
112023.9,112023.9,34481.337285338755,0.5959732863535784,0.2572964634524271
110561.1,110561.1,33199.923524075406,0.5975765417551201,0.25749833332662786
108182.3,108182.3,31243.331797760446,0.6046916350572417,0.2585353927064431
106787.7,106787.7,30537.877732662106,0.6026894080619545,0.25902531171456505
108490.4,108490.4,32853.55210891599,0.6037527649556159,0.2601902813057329
110542.4,110542.4,34897.93466270139,0.6133885018609952,0.26106608136357545
111782.3,111782.3,35821.34536738292,0.6277006691181417,0.26059802426813916
107865.2,107865.2,31584.88042631204,0.6564110200961467,0.2646576333781629
111068.0,111068.0,35453.33992288934,0.6670413471756278,0.2681687348768397
113698.1,113698.1,37695.97890869048,0.6688661713298523,0.26845311994998367
114180.8,114180.8,37549.64624890048,0.6527243708300913,0.2701885965436944
111509.4,111509.4,34526.94372812932,0.6737395662176052,0.27079011255299956
109706.7,109706.7,33070.24636820106,0.6745959532893043,0.2702458585856776
109603.1,109603.1,33415.417187238345,0.6419627748541336,0.2761170815508825
107463.6,107463.6,31478.583241461907,0.6589330265398199,0.27608651579651194
104485.2,104485.2,29042.144879032057,0.6515935645315785,0.2716900395463746
101491.7,101491.7,26892.94836517975,0.6685048589067116,0.2731069802340406
103234.5,103234.5,29631.67425612682,0.6585209588680988,0.2662115771222785
100406.3,100406.3,26952.96919575824,0.6580305644022364,0.26913714474024475
101943.6,101943.6,29249.316182435956,0.6525660206157039,0.26966001206588247
106181.7,106181.7,33571.637496663636,0.6548170784797203,0.27690943058158346
103462.9,103462.9,30156.788666811248,0.6774822783377995,0.27655858727747035
101286.3,101286.3,28325.25869325141,0.6708148635713376,0.2757686998070473
101375.8,101375.8,28989.05227176209,0.6506460911027051,0.2786046762589524
97150.8,97150.8,25019.39232315852,0.6570537963684806,0.28292155318005285
96419.9,96419.9,25312.087665691186,0.6391677668952387,0.278345755923995
94586.0,94586.0,24102.666976832596,0.5825977110266228,0.2966376199731118
95568.4,95568.4,25829.171860748756,0.5788814398564565,0.2976640335166774
90834.9,90834.9,21322.38532670091,0.5902919163433429,0.29820496959776577
92964.2,92964.2,24627.988548873123,0.5787344185735268,0.300433278437608
88886.6,88886.6,20701.337659814802,0.6011644546659706,0.3049656372874371
89855.0,89855.0,22713.881745985753,0.59313951441314,0.3064131250543523
85820.4,85820.4,19018.03174584161,0.5966016733448838,0.3114384612653184
82931.0,82931.0,17235.601803230442,0.6116632809372882,0.30847614980499816
84283.6,84283.6,19741.96035514943,0.6056925393085888,0.31017096505087094
87451.2,87451.2,23282.14714658857,0.6116173428009478,0.31262024177586734
87808.3,87808.3,23363.97105332659,0.60044312783595,0.3142049918462187
87117.4,87117.4,22655.337815374718,0.577395251267789,0.31225495060347636
91379.4,91379.4,27141.16293095486,0.5834659971343142,0.31498095496980366
92360.5,92360.5,27436.190940195418,0.5662993473264258,0.31783683545076563
90961.9,90961.9,25649.433600860968,0.5738638544183342,0.31791351408719265
86132.3,86132.3,20955.37345455485,0.581730808845541,0.324036105231977
87377.0,87377.0,23216.285411863762,0.5769804851777456,0.3240886598205969
93008.9,93008.9,29031.844034271897,0.6081789314838442,0.33599961332347295
92940.6,92940.6,28017.872018630573,0.5881098655371183,0.3373716900825451
89628.2,89628.2,24421.540540664828,0.5888334348025944,0.33837437941393295
91967.9,91967.9,27292.78097921588,0.5853730315215278,0.3374282746318653
92708.6,92708.6,27764.78158015113,0.5704806496390685,0.34176334906575545
92971.2,92971.2,27819.877727275234,0.5515385047288546,0.34133121922962295
92429.0,92429.0,27154.59286487795,0.539680597749781,0.3446618202032567
88159.8,88159.8,22945.053001132394,0.5424458111014722,0.34240441539233096
87257.2,87257.2,22918.931111595637,0.524250155624784,0.345982256963623
87233.4,87233.4,23437.88902021837,0.5028041813933354,0.3485454584733479
84481.5,84481.5,20990.833406441176,0.5272898135550516,0.3460244408636394
88174.1,88174.1,25447.305427303036,0.5253413502825163,0.3443232957792125
88623.8,88623.8,25545.390172105122,0.5208718617388917,0.3448610265108493
87563.0,87563.0,24368.50183943042,0.5157010857450042,0.34490756151700674
87135.5,87135.5,24149.852291107454,0.5107437273840236,0.3452282858976167
90161.7,90161.7,27375.474893207997,0.49817154001069874,0.3453168807874107
87231.2,87231.2,23965.534807875076,0.5034928757740094,0.34529651542617684
88499.0,88499.0,25677.48438459869,0.49004142611291923,0.34002670058911516
88866.6,88866.6,25969.34525734061,0.4851639978781539,0.3401942827809018
91227.1,91227.1,28275.20149534459,0.4822173090162804,0.3325622451075348
93952.9,93952.9,30535.034643016203,0.4734064372861821,0.34035124788432397
93643.1,93643.1,29513.20129400178,0.4628755065914276,0.34106519683023234
91186.7,91186.7,26815.183818044527,0.4623029907965062,0.3366793468971305
90754.2,90754.2,26720.11467523613,0.46364177387937333,0.3365456321520348
91004.0,91004.0,27149.841158749143,0.4597862982826274,0.3366550837946467
92005.0,92005.0,28179.987025772563,0.4351675503017083,0.33672376544133215
94799.0,94799.0,30803.228064195893,0.44782096832883733,0.33722330802854733
96735.6,96735.6,32126.6919210841,0.45635731575647315,0.3339329787462034
95038.0,95038.0,29792.04890946175,0.4409174063086829,0.3240693375722891
91176.1,91176.1,25966.11053123405,0.4581631165023967,0.3276229298204916
89426.3,89426.3,24932.389365179,0.44121138792931486,0.311856419379308
89895.5,89895.5,26006.276991300314,0.4459291424866606,0.3116481662918454
89210.2,89210.2,25507.49865327141,0.426113331134972,0.3100473555410253
88455.1,88455.1,25029.08586068332,0.411934624101421,0.31090907984326144
88011.5,88011.5,24896.49653061053,0.410573668247911,0.31075983862071765
89121.6,89121.6,26272.5132419293,0.41972187356158913,0.3098271462589014
87830.5,87830.5,24924.517678716627,0.4277960790874033,0.3084933325344681
82676.3,82676.3,20064.667720991827,0.42815733816781837,0.3158770604115679
83542.3,83542.3,22113.412953639257,0.4293273393416397,0.31531390462080816
77751.4,77751.4,16674.066444108772,0.459217380554024,0.3327611204559761
77177.3,77177.3,17530.576488941617,0.4399919029917081,0.3358252066021388
77760.1,77760.1,18904.94043733774,0.415356216457271,0.3362737388772652
78127.6,78127.6,19656.379442145284,0.41566480358790137,0.3360173896803246
76027.0,76027.0,17807.890993188557,0.4252269999191639,0.33394643344657277
71219.8,71219.8,13660.30805539593,0.45318191408329445,0.3397110547913482
70320.3,70320.3,14102.35345502419,0.4334657430185174,0.33932027532767095
65259.2,65259.2,9894.458665276266,0.44592950000137577,0.34309909501450286
62899.0,62899.0,9087.265976690935,0.4508212870738397,0.34395371610741665
66625.2,66625.2,14100.252382669532,0.4836142817503085,0.3354265208550525
70913.0,70913.0,18408.97997500564,0.49191053779349075,0.3423549689653231
70995.1,70995.1,17902.90194948732,0.4709247041687729,0.3421674182541811
70140.7,70140.7,16966.595250051374,0.47732630820963934,0.34160217684881145
67060.5,67060.5,14103.043871460657,0.47687092140151016,0.3451914630925797
67129.8,67129.8,14946.805674052863,0.4728769018215812,0.34536893148207803
69207.4,69207.4,17403.87152145907,0.4920340552864646,0.3418130060221239
68806.0,68806.0,16868.562104745433,0.4870436090780885,0.3419943253671166
68114.2,68114.2,16323.49971616573,0.4724708488897954,0.3407688667180366
66407.8,66407.8,14889.811262525414,0.46670742272917276,0.34473198406626293
67645.2,67645.2,16654.664189158153,0.4644431005157994,0.34349831380771206
67687.6,67687.6,16745.44805485323,0.4357275436616305,0.3440216887332099
66201.7,66201.7,15378.389994528065,0.4337128296197319,0.3442470783368669
63184.5,63184.5,12787.786236246291,0.45953798799285406,0.33658296235219276
64061.3,64061.3,14513.03538255769,0.4612594319959026,0.33635621181162556
67403.3,67403.3,18114.051946089894,0.4832013491325129,0.33491272658997645
67983.9,67983.9,18265.92629555166,0.4839014812861156,0.3350342127603238
67482.8,67482.8,17588.449653398406,0.4789571895843507,0.33538300750173144
65788.9,65788.9,15969.74740936132,0.4825494023084138,0.3346139662121517
66970.7,66970.7,17553.45677255139,0.4664885627007514,0.32465692717133704
66013.8,66013.8,16565.25440789618,0.46736241237154685,0.3245293288430844
68379.3,68379.3,19180.982634611995,0.4610583648238228,0.30754596365209264
68330.6,68330.6,18807.847377154787,0.45558329615775395,0.3077678866472849
73388.2,73388.2,23807.796740684353,0.47953981068987445,0.31997212773342604
70916.1,70916.1,20322.403101093398,0.5027008877327905,0.31539630502389043
68098.3,68098.3,17616.179805802516,0.508527903491505,0.31524579477817843
65969.5,65969.5,16039.801463632022,0.4952633191704901,0.30782547532363036
68423.2,68423.2,19134.91571008887,0.513154113788433,0.306433354928672
69944.6,69944.6,20470.812130477745,0.49144321850146194,0.29788120611560204
69818.6,69818.6,20048.414321804812,0.4754839307521003,0.2956148587623042
72234.8,72234.8,22408.0225416272,0.46375074325276106,0.29671934913244774
71211.3,71211.3,20887.442727606765,0.4436994835179005,0.2895267743732217
73548.3,73548.3,23243.058021042365,0.4655944041096357,0.28821956850036756
74253.0,74253.0,23464.873385895407,0.4644616059334654,0.28799204446985033
72947.0,72947.0,21824.124491438422,0.45102199275613775,0.28504798706062867
69952.8,69952.8,18924.649327561994,0.47758207242833056,0.2861472613010368
70482.3,70482.3,20054.46640876966,0.46162090382584536,0.2876830100375621
68218.3,68218.3,17916.849302922055,0.4822752189977255,0.28515904412199633
70132.1,70132.1,20379.477944978273,0.49355869636765054,0.2844155684988307
71158.0,71158.0,21277.801012386917,0.4882374245035175,0.2836277062249644
71681.4,71681.4,21612.185630284897,0.4795824560870199,0.28485150238174217
69274.8,69274.8,19055.03698943717,0.4985950292582458,0.28684440172712034
66706.7,66706.7,16917.789630101768,0.5124827515745343,0.2845633145676245
66908.0,66908.0,17808.635847353187,0.4839877731075113,0.2862547717475237
67677.8,67677.8,18857.950845963802,0.48372104975839925,0.28609983668163497
66683.8,66683.8,17907.149653725806,0.4663716644003307,0.28418952258838914
68712.5,68712.5,20226.260833217995,0.47896433423483403,0.2843301892183037
66858.7,66858.7,18136.726417458252,0.49417036291395977,0.28232501074765953
67365.3,67365.3,18984.616547793456,0.4827666628676429,0.2825577425786235
68846.2,68846.2,20527.593871375415,0.48687679912204507,0.28162850455941774
69008.4,69008.4,20471.761589986483,0.4774787569217368,0.2821081312372717
71309.0,71309.0,22696.60517659319,0.48334558544362194,0.276695499974684
72148.5,72148.5,23061.595246373232,0.49396677092837843,0.275823265498667
72467.2,72467.2,23034.698434027865,0.468621458033558,0.2593399042011897
71464.4,71464.4,21805.1902239662,0.4555485407990049,0.25945526502056426
71872.9,71872.9,22292.271235512322,0.43516871866904794,0.25702122214638073
74377.7,74377.7,24719.405133780114,0.4455332950811637,0.2529363017693556
73739.8,73739.8,23543.747343451978,0.4317716394107905,0.24977509854993382
74709.7,74709.7,24419.06526896033,0.42874837828608403,0.24876062887971928
75348.1,75348.1,24780.913175806738,0.43629240211321507,0.24851403123011256
77782.2,77782.2,26948.133606036186,0.43869192534814566,0.24702315398986407
75256.1,75256.1,23791.09738423489,0.4567327346546115,0.24522547635961128
74832.5,74832.5,23580.250628578608,0.43935488555779834,0.2430675228687174
76080.9,76080.9,24927.1130838814,0.4491308454539126,0.24152003320875065
77528.4,77528.4,26143.786031532465,0.45746871800449346,0.2392587139964144
78053.1,78053.1,26277.662549104207,0.43832263529331755,0.23409101574830216
78238.0,78238.0,26176.485627270762,0.43533331508985523,0.23403685905741162
78223.1,78223.1,25965.858927047586,0.41011428866430116,0.2339992921847859
77371.8,77371.8,24992.439367186947,0.40431422215277313,0.23025031850046734
77048.2,77048.2,24746.70874723507,0.3986489937986431,0.2294334409205058
76406.5,76406.5,24164.188600623398,0.4025117455767176,0.22822542814407146
78690.4,78690.4,26583.036712287278,0.40958649462704305,0.2228117448792118
78789.4,78789.4,26269.700487240443,0.3834176911799336,0.21909299882031605
81373.1,81373.1,28669.762063969487,0.4133634841560186,0.21810679958290896
79903.7,79903.7,26573.67664452085,0.42503503005975485,0.21669210120310464
80668.3,80668.3,27347.57698499471,0.4271348763728596,0.21526121471319246
81439.8,81439.8,27898.101884050462,0.4209304384299282,0.21227586548182678
80504.7,80504.7,26681.656524913196,0.41273244715457,0.21001535945346456
81300.0,81300.0,27509.193019380124,0.4185206688402222,0.20951848337966927
79076.5,79076.5,25088.594042396362,0.4356410356286745,0.2034016362073039
77077.1,77077.1,23424.96285620262,0.46116997614904415,0.20301479022955177
76711.3,76711.3,23555.42006503352,0.43781036976090876,0.20259546290658173
78078.0,78078.0,25193.629840530397,0.44908111063482475,0.20063354002846248
76795.7,76795.7,23779.35018921119,0.46359680526611363,0.19985759038135945
76800.4,76800.4,24020.78043396838,0.44898840629518444,0.20017933629964296
76662.0,76662.0,23981.54402071388,0.44604339539720883,0.20017413653708716
75961.8,75961.8,23369.189203627044,0.42966896533236787,0.19674019888064276
73498.8,73498.8,21100.531863471522,0.4509120814116732,0.1989314044424155
73485.0,73485.0,21672.944324466866,0.43779161329353283,0.1990813455463778
73555.4,73555.4,22005.869153634645,0.43043300636540954,0.1991573151387239
71595.0,71595.0,20195.722701394792,0.42892689118712585,0.19617432312997587
67300.2,67300.2,16404.738866618703,0.43431632362086536,0.2089642570190525
67226.2,67226.2,17434.38463451313,0.4299806889148272,0.20903305155807944
64146.0,64146.0,14879.406389169577,0.4441921621586077,0.21379690337498147
63595.5,63595.5,15284.057377761827,0.4332332087755359,0.21429621892351575
63896.7,63896.7,16191.85545878065,0.42950507690568207,0.21462349555596372
62730.3,62730.3,15356.584707646427,0.44117309202925264,0.21461588113764507
60431.6,60431.6,13562.182493949338,0.4837027696839591,0.20418122394647378
61060.8,61060.8,14967.051356658121,0.4806823294563566,0.20391936302651922
62397.9,62397.9,16604.4909317536,0.4974669260338981,0.2021035104217444
63481.6,63481.6,17681.345224521567,0.5056822504461376,0.20095225260660135
63200.0,63200.0,17297.04219856148,0.48293764923109905,0.19820100050426206
61688.8,61688.8,15881.291710636113,0.5100961410995998,0.19468349026154913
61507.1,61507.1,16092.663115552547,0.4804637382021957,0.19169568207993246
63612.5,63612.5,18446.292471021385,0.4909725134402339,0.1917569631722496
63593.0,63593.0,18180.987164556995,0.47703659569427725,0.19282776493816411
64545.3,64545.3,19112.506041967965,0.4810151969133004,0.19216663021390873
65674.8,65674.8,20076.475226081107,0.48721608376230063,0.19106882148190948
66160.1,66160.1,20299.12704760668,0.4820657447654681,0.1912722209773522
65856.4,65856.4,19807.878025453196,0.45285948819266175,0.19378375439583087
64292.1,64292.1,18227.30661326457,0.4532934110733119,0.19106050773030972
62363.0,62363.0,16597.18831596001,0.4720247222072918,0.1914133333009058
63216.7,63216.7,17960.349415847617,0.4661098595767788,0.19112765866534445
63309.3,63309.3,18118.00516493716,0.44858986438525883,0.19190114645959963
64479.3,64479.3,19357.47084363547,0.46693310014527284,0.19147616960535277
62482.4,62482.4,17197.4073715028,0.4932766429480757,0.19047013427899026
62916.6,62916.6,18003.60905932739,0.48629753304066237,0.19134930332420458
61072.4,61072.4,16235.638702712044,0.48850568051717846,0.18652540713564092
61277.2,61277.2,16886.56321036307,0.4906312520033976,0.18663932301827435
60034.5,60034.5,15818.720440284604,0.5154626728375498,0.18343490100508716
60300.5,60300.5,16467.6847767797,0.49558915472502385,0.18266480505334987
60198.9,60198.9,16522.61468139547,0.46278558728743924,0.1684079338314254
59575.1,59575.1,16051.643142208872,0.472407997352583,0.168231436046731
60434.4,60434.4,17154.807886656883,0.4590270715592075,0.1587778374403197
58631.0,58631.0,15330.739018022956,0.4750012068088018,0.16052156005100068
60033.4,60033.4,17144.408479289646,0.4939145540189132,0.16053585524466107
61351.7,61351.7,18387.135221821896,0.499283740312593,0.1603252584819847
62207.7,62207.7,19016.07644205152,0.47562487959198313,0.16188477967972814
62774.0,62774.0,19360.18228577859,0.4753919582315397,0.16177444307800562
63403.7,63403.7,19801.819732242257,0.4668296531057851,0.16105351215146965
61971.9,61971.9,18168.307232688,0.4725937989112501,0.1607812757809905
64046.8,64046.8,20442.223316742646,0.4970692874352765,0.1633943142350529
63781.5,63781.5,19829.406338497996,0.47314670545435544,0.16514996361009435
62847.6,62847.6,18824.614646315335,0.4869201586125055,0.1646646221230656
64756.4,64756.4,20875.360971070557,0.4872453152362581,0.16304890964493177
63460.1,63460.1,19244.9574130247,0.5099097582216447,0.16237143280354208
64280.1,64280.1,20200.94835654248,0.5072926227120973,0.1624768160149413
66449.0,66449.0,22240.800577462855,0.5184520977368141,0.16485159940921157
65553.9,65553.9,20862.76120780776,0.5254350446147635,0.16480163198124942
64388.2,64388.2,19675.765533363956,0.5413021984562298,0.16417985465260015
63753.2,63753.2,19222.808510428316,0.5243491537047322,0.16497164996009503
64512.1,64512.1,20159.6943374201,0.5153571851871834,0.16178895843546284
64780.2,64780.2,20349.738289220273,0.5044067760929799,0.1622575627777384
62823.3,62823.3,18322.308540880156,0.5311259883307295,0.1637528577838293
62560.5,62560.5,18422.786174273468,0.5181461263845466,0.16346937663140457
64233.8,64233.8,20287.70994851936,0.5189927165940238,0.16093362231884378
64631.9,64631.9,20454.252951906055,0.5217816660055773,0.16061290273555148
64949.0,64949.0,20625.806136205945,0.4964921830777184,0.16141566894449375
63606.2,63606.2,19157.208983982433,0.5188782895665289,0.16039952610156918
63414.6,63414.6,19174.494713575783,0.49681374224175157,0.16281758136787786
63101.5,63101.5,18971.805039282175,0.49802030885195114,0.16258570802245778
64860.0,64860.0,20848.891188623827,0.5245669036028608,0.16292208593052965
68422.4,68422.4,24121.651751423546,0.5455283861187743,0.17343352164632633
71921.8,71921.8,26809.568144255783,0.5550776903649208,0.1831867358591639
76321.2,76321.2,30171.67006294991,0.5669004881109718,0.19398816014198833
77027.7,77027.7,29515.258289397796,0.5557478436789761,0.1951505402457655
76003.8,76003.8,27688.462072379632,0.5552971959626581,0.19452327700368346
78438.7,78438.7,29835.843860723347,0.558871320647873,0.19902712395227104
79498.6,79498.6,30134.1248899789,0.5695516249384535,0.19730271607016375
79478.4,79478.4,29479.151590460562,0.5568598531493604,0.19833018993845922
77574.0,77574.0,27185.97164614004,0.5605441530559689,0.19954924577680216
78580.8,78580.8,28278.874798964032,0.548922868502308,0.1995022873972878
77291.5,77291.5,26700.472826827725,0.5650568393619178,0.1988910720237733
80667.9,80667.9,30143.726819264717,0.5778502291356269,0.20456335545062063
80344.9,80344.9,29091.401350483517,0.5526731051756684,0.20838038961087457
78455.0,78455.0,26921.200131330334,0.5555865172858505,0.21051478283688466
77254.2,77254.2,25883.713368808647,0.5602001178885924,0.2111998639328418
76783.8,76783.8,25629.24226511982,0.5374024988884545,0.21425880429054567
76926.9,76926.9,25904.24431073181,0.5251901082296484,0.21445966019983678
76058.9,76058.9,25035.561485941827,0.5190215197982766,0.21570406745892814
80728.8,80728.8,29863.068379175485,0.540673688196497,0.22722535890549694
81725.6,81725.6,29968.979079618875,0.5383427296210765,0.22856875579774327
86412.2,86412.2,34094.775258705646,0.5697634267891701,0.23679386453891
83491.1,83491.1,29928.476061158115,0.5713245464775958,0.24237357931556128
84888.2,84888.2,31316.898399115555,0.5846580507625917,0.24089265252443548
83989.0,83989.0,29975.56660484537,0.5674489227038962,0.24727075108120444
83412.8,83412.8,29309.002050806994,0.566302345605392,0.24828442611904364
84662.9,84662.9,30537.065355729,0.578245030777645,0.24629935864213787
