,0
2021-08-31 04:00:00+00:00,100000.00000000001
2021-08-31 08:00:00+00:00,100000.00000000001
2021-08-31 12:00:00+00:00,100000.00000000001
2021-08-31 16:00:00+00:00,100000.00000000001
2021-08-31 20:00:00+00:00,100000.00000000001
2021-09-01 00:00:00+00:00,100000.00000000001
2021-09-01 04:00:00+00:00,100000.00000000001
2021-09-01 08:00:00+00:00,100000.00000000001
2021-09-01 12:00:00+00:00,100000.00000000001
2021-09-01 16:00:00+00:00,100000.00000000001
2021-09-01 20:00:00+00:00,100000.00000000001
2021-09-02 00:00:00+00:00,100000.00000000001
2021-09-02 04:00:00+00:00,100000.00000000001
2021-09-02 08:00:00+00:00,100000.00000000001
2021-09-02 12:00:00+00:00,100000.00000000001
2021-09-02 16:00:00+00:00,100000.00000000001
2021-09-02 20:00:00+00:00,100000.00000000001
2021-09-03 00:00:00+00:00,100000.00000000001
2021-09-03 04:00:00+00:00,100000.00000000001
2021-09-03 08:00:00+00:00,100000.00000000001
2021-09-03 12:00:00+00:00,100000.00000000001
2021-09-03 16:00:00+00:00,100000.00000000001
2021-09-03 20:00:00+00:00,100000.00000000001
2021-09-04 00:00:00+00:00,100000.00000000001
2021-09-04 04:00:00+00:00,100000.00000000001
2021-09-04 08:00:00+00:00,100000.00000000001
2021-09-04 12:00:00+00:00,100000.00000000001
2021-09-04 16:00:00+00:00,100000.00000000001
2021-09-04 20:00:00+00:00,100000.00000000001
2021-09-05 00:00:00+00:00,100000.00000000001
2021-09-05 04:00:00+00:00,100000.00000000001
2021-09-05 08:00:00+00:00,100000.00000000001
2021-09-05 12:00:00+00:00,100000.00000000001
2021-09-05 16:00:00+00:00,100000.00000000001
2021-09-05 20:00:00+00:00,100000.00000000001
2021-09-06 00:00:00+00:00,100000.00000000001
2021-09-06 04:00:00+00:00,100000.00000000001
2021-09-06 08:00:00+00:00,100000.00000000001
2021-09-06 12:00:00+00:00,100000.00000000001
2021-09-06 16:00:00+00:00,100000.00000000001
2021-09-06 20:00:00+00:00,100000.00000000001
2021-09-07 00:00:00+00:00,100000.00000000001
2021-09-07 04:00:00+00:00,100000.00000000001
2021-09-07 08:00:00+00:00,100000.00000000001
2021-09-07 12:00:00+00:00,100000.00000000001
2021-09-07 16:00:00+00:00,100000.00000000001
2021-09-07 20:00:00+00:00,100000.00000000001
2021-09-08 00:00:00+00:00,100000.00000000001
2021-09-08 04:00:00+00:00,100000.00000000001
2021-09-08 08:00:00+00:00,100000.00000000001
2021-09-08 12:00:00+00:00,100000.00000000001
2021-09-08 16:00:00+00:00,100000.00000000001
2021-09-08 20:00:00+00:00,100000.00000000001
2021-09-09 00:00:00+00:00,100000.00000000001
2021-09-09 04:00:00+00:00,100000.00000000001
2021-09-09 08:00:00+00:00,100000.00000000001
2021-09-09 12:00:00+00:00,100000.00000000001
2021-09-09 16:00:00+00:00,100000.00000000001
2021-09-09 20:00:00+00:00,100000.00000000001
2021-09-10 00:00:00+00:00,100000.00000000001
2021-09-10 04:00:00+00:00,100000.00000000001
2021-09-10 08:00:00+00:00,100000.00000000001
2021-09-10 12:00:00+00:00,100000.00000000001
2021-09-10 16:00:00+00:00,100000.00000000001
2021-09-10 20:00:00+00:00,100000.00000000001
2021-09-11 00:00:00+00:00,100000.00000000001
2021-09-11 04:00:00+00:00,100000.00000000001
2021-09-11 08:00:00+00:00,100000.00000000001
2021-09-11 12:00:00+00:00,100000.00000000001
2021-09-11 16:00:00+00:00,100000.00000000001
2021-09-11 20:00:00+00:00,100000.00000000001
2021-09-12 00:00:00+00:00,100000.00000000001
2021-09-12 04:00:00+00:00,100000.00000000001
2021-09-12 08:00:00+00:00,100000.00000000001
2021-09-12 12:00:00+00:00,100000.00000000001
2021-09-12 16:00:00+00:00,100000.00000000001
2021-09-12 20:00:00+00:00,100000.00000000001
2021-09-13 00:00:00+00:00,100000.00000000001
2021-09-13 04:00:00+00:00,100000.00000000001
2021-09-13 08:00:00+00:00,100000.00000000001
2021-09-13 12:00:00+00:00,100000.00000000001
2021-09-13 16:00:00+00:00,100000.00000000001
2021-09-13 20:00:00+00:00,100000.00000000001
2021-09-14 00:00:00+00:00,100000.00000000001
2021-09-14 04:00:00+00:00,100000.00000000001
2021-09-14 08:00:00+00:00,100000.00000000001
2021-09-14 12:00:00+00:00,100000.00000000001
2021-09-14 16:00:00+00:00,100000.00000000001
2021-09-14 20:00:00+00:00,100000.00000000001
2021-09-15 00:00:00+00:00,100000.00000000001
2021-09-15 04:00:00+00:00,100000.00000000001
2021-09-15 08:00:00+00:00,100000.00000000001
2021-09-15 12:00:00+00:00,100000.00000000001
2021-09-15 16:00:00+00:00,100000.00000000001
2021-09-15 20:00:00+00:00,100000.00000000001
2021-09-16 00:00:00+00:00,100000.00000000001
2021-09-16 04:00:00+00:00,100000.00000000001
2021-09-16 08:00:00+00:00,100000.00000000001
2021-09-16 12:00:00+00:00,100000.00000000001
2021-09-16 16:00:00+00:00,100000.00000000001
2021-09-16 20:00:00+00:00,100000.00000000001
2021-09-17 00:00:00+00:00,100000.00000000001
2021-09-17 04:00:00+00:00,100000.00000000001
2021-09-17 08:00:00+00:00,100000.00000000001
2021-09-17 12:00:00+00:00,100000.00000000001
2021-09-17 16:00:00+00:00,100000.00000000001
2021-09-17 20:00:00+00:00,100000.00000000001
2021-09-18 00:00:00+00:00,100000.00000000001
2021-09-18 04:00:00+00:00,100000.00000000001
2021-09-18 08:00:00+00:00,100000.00000000001
2021-09-18 12:00:00+00:00,100000.00000000001
2021-09-18 16:00:00+00:00,100000.00000000001
2021-09-18 20:00:00+00:00,100000.00000000001
2021-09-19 00:00:00+00:00,100000.00000000001
2021-09-19 04:00:00+00:00,100000.00000000001
2021-09-19 08:00:00+00:00,100000.00000000001
2021-09-19 12:00:00+00:00,100000.00000000001
2021-09-19 16:00:00+00:00,100000.00000000001
2021-09-19 20:00:00+00:00,100000.00000000001
2021-09-20 00:00:00+00:00,100000.00000000001
2021-09-20 04:00:00+00:00,100000.00000000001
2021-09-20 08:00:00+00:00,100000.00000000001
2021-09-20 12:00:00+00:00,100000.00000000001
2021-09-20 16:00:00+00:00,100000.00000000001
2021-09-20 20:00:00+00:00,100000.00000000001
2021-09-21 00:00:00+00:00,100000.00000000001
2021-09-21 04:00:00+00:00,100000.00000000001
2021-09-21 08:00:00+00:00,100000.00000000001
2021-09-21 12:00:00+00:00,100000.00000000001
2021-09-21 16:00:00+00:00,100000.00000000001
2021-09-21 20:00:00+00:00,100000.00000000001
2021-09-22 00:00:00+00:00,100000.00000000001
2021-09-22 04:00:00+00:00,100000.00000000001
2021-09-22 08:00:00+00:00,100000.00000000001
2021-09-22 12:00:00+00:00,100000.00000000001
2021-09-22 16:00:00+00:00,100000.00000000001
2021-09-22 20:00:00+00:00,100000.00000000001
2021-09-23 00:00:00+00:00,100000.00000000001
2021-09-23 04:00:00+00:00,100000.00000000001
2021-09-23 08:00:00+00:00,100000.00000000001
2021-09-23 12:00:00+00:00,100000.00000000001
2021-09-23 16:00:00+00:00,100000.00000000001
2021-09-23 20:00:00+00:00,100000.00000000001
2021-09-24 00:00:00+00:00,100000.00000000001
2021-09-24 04:00:00+00:00,100000.00000000001
2021-09-24 08:00:00+00:00,100000.00000000001
2021-09-24 12:00:00+00:00,100000.00000000001
2021-09-24 16:00:00+00:00,100000.00000000001
2021-09-24 20:00:00+00:00,100000.00000000001
2021-09-25 00:00:00+00:00,100000.00000000001
2021-09-25 04:00:00+00:00,100000.00000000001
2021-09-25 08:00:00+00:00,100000.00000000001
2021-09-25 12:00:00+00:00,100000.00000000001
2021-09-25 16:00:00+00:00,100000.00000000001
2021-09-25 20:00:00+00:00,100000.00000000001
2021-09-26 00:00:00+00:00,100000.00000000001
2021-09-26 04:00:00+00:00,100000.00000000001
2021-09-26 08:00:00+00:00,100000.00000000001
2021-09-26 12:00:00+00:00,100000.00000000001
2021-09-26 16:00:00+00:00,100000.00000000001
2021-09-26 20:00:00+00:00,100000.00000000001
2021-09-27 00:00:00+00:00,100000.00000000001
2021-09-27 04:00:00+00:00,100000.00000000001
2021-09-27 08:00:00+00:00,100000.00000000001
2021-09-27 12:00:00+00:00,100000.00000000001
2021-09-27 16:00:00+00:00,100000.00000000001
2021-09-27 20:00:00+00:00,100000.00000000001
2021-09-28 00:00:00+00:00,100000.00000000001
2021-09-28 04:00:00+00:00,100000.00000000001
2021-09-28 08:00:00+00:00,100000.00000000001
2021-09-28 12:00:00+00:00,100000.00000000001
2021-09-28 16:00:00+00:00,100000.00000000001
2021-09-28 20:00:00+00:00,100000.00000000001
2021-09-29 00:00:00+00:00,100000.00000000001
2021-09-29 04:00:00+00:00,100000.00000000001
2021-09-29 08:00:00+00:00,100000.00000000001
2021-09-29 12:00:00+00:00,100000.00000000001
2021-09-29 16:00:00+00:00,100000.00000000001
2021-09-29 20:00:00+00:00,100000.00000000001
2021-09-30 00:00:00+00:00,100000.00000000001
2021-09-30 04:00:00+00:00,100000.00000000001
2021-09-30 08:00:00+00:00,100000.00000000001
2021-09-30 12:00:00+00:00,100000.00000000001
2021-09-30 16:00:00+00:00,100000.00000000001
2021-09-30 20:00:00+00:00,100000.00000000001
2021-10-01 00:00:00+00:00,100000.00000000001
2021-10-01 04:00:00+00:00,100000.00000000001
2021-10-01 08:00:00+00:00,100000.00000000001
2021-10-01 12:00:00+00:00,100000.00000000001
2021-10-01 16:00:00+00:00,100000.00000000001
2021-10-01 20:00:00+00:00,100000.00000000001
2021-10-02 00:00:00+00:00,100000.00000000001
2021-10-02 04:00:00+00:00,100000.00000000001
2021-10-02 08:00:00+00:00,100000.00000000001
2021-10-02 12:00:00+00:00,100000.00000000001
2021-10-02 16:00:00+00:00,100000.00000000001
2021-10-02 20:00:00+00:00,100000.00000000001
2021-10-03 00:00:00+00:00,100000.00000000001
2021-10-03 04:00:00+00:00,100000.00000000001
2021-10-03 08:00:00+00:00,100000.00000000001
2021-10-03 12:00:00+00:00,100000.00000000001
2021-10-03 16:00:00+00:00,100000.00000000001
2021-10-03 20:00:00+00:00,100000.00000000001
2021-10-04 00:00:00+00:00,100000.00000000001
2021-10-04 04:00:00+00:00,100000.00000000001
2021-10-04 08:00:00+00:00,100000.00000000001
2021-10-04 12:00:00+00:00,100000.00000000001
2021-10-04 16:00:00+00:00,100000.00000000001
2021-10-04 20:00:00+00:00,100000.00000000001
2021-10-05 00:00:00+00:00,100000.00000000001
2021-10-05 04:00:00+00:00,100000.00000000001
2021-10-05 08:00:00+00:00,100000.00000000001
2021-10-05 12:00:00+00:00,100000.00000000001
2021-10-05 16:00:00+00:00,100000.00000000001
2021-10-05 20:00:00+00:00,100000.00000000001
2021-10-06 00:00:00+00:00,100000.00000000001
2021-10-06 04:00:00+00:00,100000.00000000001
2021-10-06 08:00:00+00:00,100000.00000000001
2021-10-06 12:00:00+00:00,100000.00000000001
2021-10-06 16:00:00+00:00,100000.00000000001
2021-10-06 20:00:00+00:00,100000.00000000001
2021-10-07 00:00:00+00:00,100000.00000000001
2021-10-07 04:00:00+00:00,100000.00000000001
2021-10-07 08:00:00+00:00,100000.00000000001
2021-10-07 12:00:00+00:00,100000.00000000001
2021-10-07 16:00:00+00:00,100000.00000000001
2021-10-07 20:00:00+00:00,100000.00000000001
2021-10-08 00:00:00+00:00,100000.00000000001
2021-10-08 04:00:00+00:00,100000.00000000001
2021-10-08 08:00:00+00:00,100000.00000000001
2021-10-08 12:00:00+00:00,100000.00000000001
2021-10-08 16:00:00+00:00,100000.00000000001
2021-10-08 20:00:00+00:00,100000.00000000001
2021-10-09 00:00:00+00:00,100000.00000000001
2021-10-09 04:00:00+00:00,100000.00000000001
2021-10-09 08:00:00+00:00,100000.00000000001
2021-10-09 12:00:00+00:00,100000.00000000001
2021-10-09 16:00:00+00:00,100000.00000000001
2021-10-09 20:00:00+00:00,100000.00000000001
2021-10-10 00:00:00+00:00,100000.00000000001
2021-10-10 04:00:00+00:00,100000.00000000001
2021-10-10 08:00:00+00:00,100000.00000000001
2021-10-10 12:00:00+00:00,100000.00000000001
2021-10-10 16:00:00+00:00,100000.00000000001
2021-10-10 20:00:00+00:00,100000.00000000001
2021-10-11 00:00:00+00:00,100000.00000000001
2021-10-11 04:00:00+00:00,100000.00000000001
2021-10-11 08:00:00+00:00,100000.00000000001
2021-10-11 12:00:00+00:00,100000.00000000001
2021-10-11 16:00:00+00:00,100000.00000000001
2021-10-11 20:00:00+00:00,100000.00000000001
2021-10-12 00:00:00+00:00,100000.00000000001
2021-10-12 04:00:00+00:00,100000.00000000001
2021-10-12 08:00:00+00:00,100000.00000000001
2021-10-12 12:00:00+00:00,100000.00000000001
2021-10-12 16:00:00+00:00,100000.00000000001
2021-10-12 20:00:00+00:00,100000.00000000001
2021-10-13 00:00:00+00:00,100000.00000000001
2021-10-13 04:00:00+00:00,100000.00000000001
2021-10-13 08:00:00+00:00,100000.00000000001
2021-10-13 12:00:00+00:00,100000.00000000001
2021-10-13 16:00:00+00:00,100000.00000000001
2021-10-13 20:00:00+00:00,100000.00000000001
2021-10-14 00:00:00+00:00,100000.00000000001
2021-10-14 04:00:00+00:00,100000.00000000001
2021-10-14 08:00:00+00:00,100000.00000000001
2021-10-14 12:00:00+00:00,100000.00000000001
2021-10-14 16:00:00+00:00,100000.00000000001
2021-10-14 20:00:00+00:00,100000.00000000001
2021-10-15 00:00:00+00:00,100000.00000000001
2021-10-15 04:00:00+00:00,100000.00000000001
2021-10-15 08:00:00+00:00,100000.00000000001
2021-10-15 12:00:00+00:00,100000.00000000001
2021-10-15 16:00:00+00:00,100000.00000000001
2021-10-15 20:00:00+00:00,99993.61388813956
2021-10-16 00:00:00+00:00,99996.49605732445
2021-10-16 04:00:00+00:00,99993.71076777604
2021-10-16 08:00:00+00:00,99992.6854582901
2021-10-16 12:00:00+00:00,99987.18753892063
2021-10-16 16:00:00+00:00,99980.22027839808
2021-10-16 20:00:00+00:00,99981.07604852019
2021-10-17 00:00:00+00:00,99989.20586468033
2021-10-17 04:00:00+00:00,99985.4194855551
2021-10-17 08:00:00+00:00,99982.10943130917
2021-10-17 12:00:00+00:00,99976.87793093998
2021-10-17 16:00:00+00:00,99978.40378521432
2021-10-17 20:00:00+00:00,99984.47490909956
2021-10-18 00:00:00+00:00,99988.11596877009
2021-10-18 04:00:00+00:00,99987.95450270931
2021-10-18 08:00:00+00:00,99979.15460239694
2021-10-18 12:00:00+00:00,99976.89407754605
2021-10-18 16:00:00+00:00,99973.22072466336
2021-10-18 20:00:00+00:00,99972.72746903826
2021-10-19 00:00:00+00:00,99972.72746903826
2021-10-19 04:00:00+00:00,99972.72746903826
2021-10-19 08:00:00+00:00,99972.72746903826
2021-10-19 12:00:00+00:00,99972.72746903826
2021-10-19 16:00:00+00:00,99972.72746903826
2021-10-19 20:00:00+00:00,99972.72746903826
2021-10-20 00:00:00+00:00,99972.72746903826
2021-10-20 04:00:00+00:00,99972.72746903826
2021-10-20 08:00:00+00:00,99972.72746903826
2021-10-20 12:00:00+00:00,99972.72746903826
2021-10-20 16:00:00+00:00,99972.72746903826
2021-10-20 20:00:00+00:00,99972.72746903826
2021-10-21 00:00:00+00:00,99972.72746903826
2021-10-21 04:00:00+00:00,99972.72746903826
2021-10-21 08:00:00+00:00,99972.72746903826
2021-10-21 12:00:00+00:00,99972.72746903826
2021-10-21 16:00:00+00:00,99972.72746903826
2021-10-21 20:00:00+00:00,99972.72746903826
2021-10-22 00:00:00+00:00,99972.72746903826
2021-10-22 04:00:00+00:00,99972.72746903826
2021-10-22 08:00:00+00:00,99972.72746903826
2021-10-22 12:00:00+00:00,99945.79779530257
2021-10-22 16:00:00+00:00,99935.91493166116
2021-10-22 20:00:00+00:00,99935.91493166116
2021-10-23 00:00:00+00:00,99935.91493166116
2021-10-23 04:00:00+00:00,99935.91493166116
2021-10-23 08:00:00+00:00,99935.91493166116
2021-10-23 12:00:00+00:00,99935.91493166116
2021-10-23 16:00:00+00:00,99935.91493166116
2021-10-23 20:00:00+00:00,99935.91493166116
2021-10-24 00:00:00+00:00,99935.91493166116
2021-10-24 04:00:00+00:00,99935.91493166116
2021-10-24 08:00:00+00:00,99935.91493166116
2021-10-24 12:00:00+00:00,99935.91493166116
2021-10-24 16:00:00+00:00,99935.91493166116
2021-10-24 20:00:00+00:00,99935.91493166116
2021-10-25 00:00:00+00:00,99935.91493166116
2021-10-25 04:00:00+00:00,99935.91493166116
2021-10-25 08:00:00+00:00,99935.91493166116
2021-10-25 12:00:00+00:00,99935.91493166116
2021-10-25 16:00:00+00:00,99935.91493166116
2021-10-25 20:00:00+00:00,99935.91493166116
2021-10-26 00:00:00+00:00,99935.91493166116
2021-10-26 04:00:00+00:00,99935.91493166116
2021-10-26 08:00:00+00:00,99935.91493166116
2021-10-26 12:00:00+00:00,99935.91493166116
2021-10-26 16:00:00+00:00,99935.91493166116
2021-10-26 20:00:00+00:00,99935.91493166116
2021-10-27 00:00:00+00:00,99935.91493166116
2021-10-27 04:00:00+00:00,99935.91493166116
2021-10-27 08:00:00+00:00,99935.91493166116
2021-10-27 12:00:00+00:00,99935.91493166116
2021-10-27 16:00:00+00:00,99935.91493166116
2021-10-27 20:00:00+00:00,99935.91493166116
2021-10-28 00:00:00+00:00,99935.91493166116
2021-10-28 04:00:00+00:00,99935.91493166116
2021-10-28 08:00:00+00:00,99935.91493166116
2021-10-28 12:00:00+00:00,99935.91493166116
2021-10-28 16:00:00+00:00,99935.91493166116
2021-10-28 20:00:00+00:00,99935.91493166116
2021-10-29 00:00:00+00:00,99935.91493166116
2021-10-29 04:00:00+00:00,99935.91493166116
2021-10-29 08:00:00+00:00,99935.91493166116
2021-10-29 12:00:00+00:00,99935.91493166116
2021-10-29 16:00:00+00:00,99935.91493166116
2021-10-29 20:00:00+00:00,99935.91493166116
2021-10-30 00:00:00+00:00,99935.91493166116
2021-10-30 04:00:00+00:00,99935.91493166116
2021-10-30 08:00:00+00:00,99935.91493166116
2021-10-30 12:00:00+00:00,99935.91493166116
2021-10-30 16:00:00+00:00,99935.91493166116
2021-10-30 20:00:00+00:00,99935.91493166116
2021-10-31 00:00:00+00:00,99935.91493166116
2021-10-31 04:00:00+00:00,99935.91493166116
2021-10-31 08:00:00+00:00,99935.91493166116
2021-10-31 12:00:00+00:00,99935.91493166116
2021-10-31 16:00:00+00:00,99935.91493166116
2021-10-31 20:00:00+00:00,99935.91493166116
2021-11-01 00:00:00+00:00,99935.91493166116
2021-11-01 04:00:00+00:00,99935.91493166116
2021-11-01 08:00:00+00:00,99935.91493166116
2021-11-01 12:00:00+00:00,99935.91493166116
2021-11-01 16:00:00+00:00,99935.91493166116
2021-11-01 20:00:00+00:00,99935.91493166116
2021-11-02 00:00:00+00:00,99935.91493166116
2021-11-02 04:00:00+00:00,99935.91493166116
2021-11-02 08:00:00+00:00,99935.91493166116
2021-11-02 12:00:00+00:00,99930.04860765507
2021-11-02 16:00:00+00:00,99937.45344880378
2021-11-02 20:00:00+00:00,99932.29623095592
2021-11-03 00:00:00+00:00,99924.20632654085
2021-11-03 04:00:00+00:00,99930.18715977635
2021-11-03 08:00:00+00:00,99928.50144230071
2021-11-03 12:00:00+00:00,99945.1815782355
2021-11-03 16:00:00+00:00,99951.87056675756
2021-11-03 20:00:00+00:00,99945.52026119863
2021-11-04 00:00:00+00:00,99944.696645811
2021-11-04 04:00:00+00:00,99924.565194465
2021-11-04 08:00:00+00:00,99916.18475079355
2021-11-04 12:00:00+00:00,99911.85801915474
2021-11-04 16:00:00+00:00,99909.47804873055
2021-11-04 20:00:00+00:00,99912.00277627399
2021-11-05 00:00:00+00:00,99903.33557135356
2021-11-05 04:00:00+00:00,99903.73583303728
2021-11-05 08:00:00+00:00,99896.62349081128
2021-11-05 12:00:00+00:00,99889.06470286114
2021-11-05 16:00:00+00:00,99892.66705801457
2021-11-05 20:00:00+00:00,99896.61579347121
2021-11-06 00:00:00+00:00,99892.15903356986
2021-11-06 04:00:00+00:00,99887.60990558764
2021-11-06 08:00:00+00:00,99880.0478535154
2021-11-06 12:00:00+00:00,99880.0478535154
2021-11-06 16:00:00+00:00,99880.0478535154
2021-11-06 20:00:00+00:00,99880.0478535154
2021-11-07 00:00:00+00:00,99880.0478535154
2021-11-07 04:00:00+00:00,99880.0478535154
2021-11-07 08:00:00+00:00,99880.0478535154
2021-11-07 12:00:00+00:00,99880.0478535154
2021-11-07 16:00:00+00:00,99880.0478535154
2021-11-07 20:00:00+00:00,99880.0478535154
2021-11-08 00:00:00+00:00,99880.0478535154
2021-11-08 04:00:00+00:00,99880.0478535154
2021-11-08 08:00:00+00:00,99880.0478535154
2021-11-08 12:00:00+00:00,99880.0478535154
2021-11-08 16:00:00+00:00,99880.0478535154
2021-11-08 20:00:00+00:00,99880.0478535154
2021-11-09 00:00:00+00:00,99880.0478535154
2021-11-09 04:00:00+00:00,99880.0478535154
2021-11-09 08:00:00+00:00,99880.0478535154
2021-11-09 12:00:00+00:00,99880.0478535154
2021-11-09 16:00:00+00:00,99880.0478535154
2021-11-09 20:00:00+00:00,99880.0478535154
2021-11-10 00:00:00+00:00,99880.0478535154
2021-11-10 04:00:00+00:00,99880.0478535154
2021-11-10 08:00:00+00:00,99880.0478535154
2021-11-10 12:00:00+00:00,99880.0478535154
2021-11-10 16:00:00+00:00,99829.89058888987
2021-11-10 20:00:00+00:00,99805.87002386927
2021-11-11 00:00:00+00:00,99805.87002386927
2021-11-11 04:00:00+00:00,99805.87002386927
2021-11-11 08:00:00+00:00,99805.87002386927
2021-11-11 12:00:00+00:00,99805.87002386927
2021-11-11 16:00:00+00:00,99805.87002386927
2021-11-11 20:00:00+00:00,99805.87002386927
2021-11-12 00:00:00+00:00,99805.87002386927
2021-11-12 04:00:00+00:00,99805.87002386927
2021-11-12 08:00:00+00:00,99805.87002386927
2021-11-12 12:00:00+00:00,99805.87002386927
2021-11-12 16:00:00+00:00,99805.87002386927
2021-11-12 20:00:00+00:00,99805.87002386927
2021-11-13 00:00:00+00:00,99805.87002386927
2021-11-13 04:00:00+00:00,99805.87002386927
2021-11-13 08:00:00+00:00,99805.87002386927
2021-11-13 12:00:00+00:00,99805.87002386927
2021-11-13 16:00:00+00:00,99805.87002386927
2021-11-13 20:00:00+00:00,99805.87002386927
2021-11-14 00:00:00+00:00,99805.87002386927
2021-11-14 04:00:00+00:00,99805.87002386927
2021-11-14 08:00:00+00:00,99805.87002386927
2021-11-14 12:00:00+00:00,99805.87002386927
2021-11-14 16:00:00+00:00,99805.87002386927
2021-11-14 20:00:00+00:00,99805.87002386927
2021-11-15 00:00:00+00:00,99805.87002386927
2021-11-15 04:00:00+00:00,99805.87002386927
2021-11-15 08:00:00+00:00,99805.87002386927
2021-11-15 12:00:00+00:00,99805.87002386927
2021-11-15 16:00:00+00:00,99805.87002386927
2021-11-15 20:00:00+00:00,99805.87002386927
2021-11-16 00:00:00+00:00,99805.87002386927
2021-11-16 04:00:00+00:00,99805.87002386927
2021-11-16 08:00:00+00:00,99805.87002386927
2021-11-16 12:00:00+00:00,99805.87002386927
2021-11-16 16:00:00+00:00,99805.87002386927
2021-11-16 20:00:00+00:00,99805.87002386927
2021-11-17 00:00:00+00:00,99805.87002386927
2021-11-17 04:00:00+00:00,99805.87002386927
2021-11-17 08:00:00+00:00,99805.87002386927
2021-11-17 12:00:00+00:00,99805.87002386927
2021-11-17 16:00:00+00:00,99805.87002386927
2021-11-17 20:00:00+00:00,99805.87002386927
2021-11-18 00:00:00+00:00,99805.87002386927
2021-11-18 04:00:00+00:00,99805.87002386927
2021-11-18 08:00:00+00:00,99805.87002386927
2021-11-18 12:00:00+00:00,99805.87002386927
2021-11-18 16:00:00+00:00,99805.87002386927
2021-11-18 20:00:00+00:00,99805.87002386927
2021-11-19 00:00:00+00:00,99805.87002386927
2021-11-19 04:00:00+00:00,99805.87002386927
2021-11-19 08:00:00+00:00,99805.87002386927
2021-11-19 12:00:00+00:00,99805.87002386927
2021-11-19 16:00:00+00:00,99805.87002386927
2021-11-19 20:00:00+00:00,99805.87002386927
2021-11-20 00:00:00+00:00,99805.87002386927
2021-11-20 04:00:00+00:00,99805.87002386927
2021-11-20 08:00:00+00:00,99805.87002386927
2021-11-20 12:00:00+00:00,99805.87002386927
2021-11-20 16:00:00+00:00,99805.87002386927
2021-11-20 20:00:00+00:00,99805.87002386927
2021-11-21 00:00:00+00:00,99805.87002386927
2021-11-21 04:00:00+00:00,99805.87002386927
2021-11-21 08:00:00+00:00,99805.87002386927
2021-11-21 12:00:00+00:00,99805.87002386927
2021-11-21 16:00:00+00:00,99805.87002386927
2021-11-21 20:00:00+00:00,99805.87002386927
2021-11-22 00:00:00+00:00,99805.87002386927
2021-11-22 04:00:00+00:00,99805.87002386927
2021-11-22 08:00:00+00:00,99805.87002386927
2021-11-22 12:00:00+00:00,99805.87002386927
2021-11-22 16:00:00+00:00,99805.87002386927
2021-11-22 20:00:00+00:00,99805.87002386927
2021-11-23 00:00:00+00:00,99805.87002386927
2021-11-23 04:00:00+00:00,99805.87002386927
2021-11-23 08:00:00+00:00,99805.87002386927
2021-11-23 12:00:00+00:00,99805.87002386927
2021-11-23 16:00:00+00:00,99805.87002386927
2021-11-23 20:00:00+00:00,99805.87002386927
2021-11-24 00:00:00+00:00,99805.87002386927
2021-11-24 04:00:00+00:00,99805.87002386927
2021-11-24 08:00:00+00:00,99805.87002386927
2021-11-24 12:00:00+00:00,99805.87002386927
2021-11-24 16:00:00+00:00,99805.87002386927
2021-11-24 20:00:00+00:00,99805.87002386927
2021-11-25 00:00:00+00:00,99805.87002386927
2021-11-25 04:00:00+00:00,99805.87002386927
2021-11-25 08:00:00+00:00,99805.87002386927
2021-11-25 12:00:00+00:00,99805.87002386927
2021-11-25 16:00:00+00:00,99805.87002386927
2021-11-25 20:00:00+00:00,99805.87002386927
2021-11-26 00:00:00+00:00,99805.87002386927
2021-11-26 04:00:00+00:00,99805.87002386927
2021-11-26 08:00:00+00:00,99805.87002386927
2021-11-26 12:00:00+00:00,99805.87002386927
2021-11-26 16:00:00+00:00,99805.87002386927
2021-11-26 20:00:00+00:00,99805.87002386927
2021-11-27 00:00:00+00:00,99805.87002386927
2021-11-27 04:00:00+00:00,99805.87002386927
2021-11-27 08:00:00+00:00,99805.87002386927
2021-11-27 12:00:00+00:00,99805.87002386927
2021-11-27 16:00:00+00:00,99805.87002386927
2021-11-27 20:00:00+00:00,99805.87002386927
2021-11-28 00:00:00+00:00,99805.87002386927
2021-11-28 04:00:00+00:00,99805.87002386927
2021-11-28 08:00:00+00:00,99805.87002386927
2021-11-28 12:00:00+00:00,99805.87002386927
2021-11-28 16:00:00+00:00,99805.87002386927
2021-11-28 20:00:00+00:00,99805.87002386927
2021-11-29 00:00:00+00:00,99805.87002386927
2021-11-29 04:00:00+00:00,99805.87002386927
2021-11-29 08:00:00+00:00,99805.87002386927
2021-11-29 12:00:00+00:00,99805.87002386927
2021-11-29 16:00:00+00:00,99805.87002386927
2021-11-29 20:00:00+00:00,99805.87002386927
2021-11-30 00:00:00+00:00,99805.87002386927
2021-11-30 04:00:00+00:00,99805.87002386927
2021-11-30 08:00:00+00:00,99805.87002386927
2021-11-30 12:00:00+00:00,99805.87002386927
2021-11-30 16:00:00+00:00,99805.87002386927
2021-11-30 20:00:00+00:00,99805.87002386927
2021-12-01 00:00:00+00:00,99805.87002386927
2021-12-01 04:00:00+00:00,99805.87002386927
2021-12-01 08:00:00+00:00,99805.87002386927
2021-12-01 12:00:00+00:00,99805.87002386927
2021-12-01 16:00:00+00:00,99805.87002386927
2021-12-01 20:00:00+00:00,99805.87002386927
2021-12-02 00:00:00+00:00,99805.87002386927
2021-12-02 04:00:00+00:00,99805.87002386927
2021-12-02 08:00:00+00:00,99805.58343277128
2021-12-02 12:00:00+00:00,99815.69008957117
2021-12-02 16:00:00+00:00,99805.16232207128
2021-12-02 20:00:00+00:00,99805.79398812127
2021-12-03 00:00:00+00:00,99796.31899737137
2021-12-03 04:00:00+00:00,99791.26566897142
2021-12-03 08:00:00+00:00,99793.7923331714
2021-12-03 12:00:00+00:00,99782.21178892152
2021-12-03 16:00:00+00:00,99769.26951724062
2021-12-03 20:00:00+00:00,99769.26951724062
2021-12-04 00:00:00+00:00,99769.26951724062
2021-12-04 04:00:00+00:00,99769.26951724062
2021-12-04 08:00:00+00:00,99769.26951724062
2021-12-04 12:00:00+00:00,99769.26951724062
2021-12-04 16:00:00+00:00,99769.26951724062
2021-12-04 20:00:00+00:00,99769.26951724062
2021-12-05 00:00:00+00:00,99769.26951724062
2021-12-05 04:00:00+00:00,99769.26951724062
2021-12-05 08:00:00+00:00,99769.26951724062
2021-12-05 12:00:00+00:00,99769.26951724062
2021-12-05 16:00:00+00:00,99769.26951724062
2021-12-05 20:00:00+00:00,99769.26951724062
2021-12-06 00:00:00+00:00,99769.26951724062
2021-12-06 04:00:00+00:00,99769.26951724062
2021-12-06 08:00:00+00:00,99769.26951724062
2021-12-06 12:00:00+00:00,99769.26951724062
2021-12-06 16:00:00+00:00,99769.26951724062
2021-12-06 20:00:00+00:00,99769.26951724062
2021-12-07 00:00:00+00:00,99769.26951724062
2021-12-07 04:00:00+00:00,99769.26951724062
2021-12-07 08:00:00+00:00,99769.26951724062
2021-12-07 12:00:00+00:00,99769.26951724062
2021-12-07 16:00:00+00:00,99769.26951724062
2021-12-07 20:00:00+00:00,99769.26951724062
2021-12-08 00:00:00+00:00,99769.26951724062
2021-12-08 04:00:00+00:00,99769.26951724062
2021-12-08 08:00:00+00:00,99769.26951724062
2021-12-08 12:00:00+00:00,99769.26951724062
2021-12-08 16:00:00+00:00,99769.26951724062
2021-12-08 20:00:00+00:00,99769.26951724062
2021-12-09 00:00:00+00:00,99769.26951724062
2021-12-09 04:00:00+00:00,99769.26951724062
2021-12-09 08:00:00+00:00,99769.26951724062
2021-12-09 12:00:00+00:00,99769.26951724062
2021-12-09 16:00:00+00:00,99769.26951724062
2021-12-09 20:00:00+00:00,99769.26951724062
2021-12-10 00:00:00+00:00,99769.26951724062
2021-12-10 04:00:00+00:00,99769.26951724062
2021-12-10 08:00:00+00:00,99769.26951724062
2021-12-10 12:00:00+00:00,99769.26951724062
2021-12-10 16:00:00+00:00,99769.26951724062
2021-12-10 20:00:00+00:00,99769.26951724062
2021-12-11 00:00:00+00:00,99769.26951724062
2021-12-11 04:00:00+00:00,99769.26951724062
2021-12-11 08:00:00+00:00,99769.26951724062
2021-12-11 12:00:00+00:00,99769.26951724062
2021-12-11 16:00:00+00:00,99769.26951724062
2021-12-11 20:00:00+00:00,99769.26951724062
2021-12-12 00:00:00+00:00,99769.26951724062
2021-12-12 04:00:00+00:00,99769.26951724062
2021-12-12 08:00:00+00:00,99769.26951724062
2021-12-12 12:00:00+00:00,99769.26951724062
2021-12-12 16:00:00+00:00,99769.26951724062
2021-12-12 20:00:00+00:00,99769.26951724062
2021-12-13 00:00:00+00:00,99769.26951724062
2021-12-13 04:00:00+00:00,99769.26951724062
2021-12-13 08:00:00+00:00,99769.26951724062
2021-12-13 12:00:00+00:00,99769.26951724062
2021-12-13 16:00:00+00:00,99769.26951724062
2021-12-13 20:00:00+00:00,99769.26951724062
2021-12-14 00:00:00+00:00,99769.26951724062
2021-12-14 04:00:00+00:00,99769.26951724062
2021-12-14 08:00:00+00:00,99769.26951724062
2021-12-14 12:00:00+00:00,99769.26951724062
2021-12-14 16:00:00+00:00,99769.26951724062
2021-12-14 20:00:00+00:00,99769.26951724062
2021-12-15 00:00:00+00:00,99769.26951724062
2021-12-15 04:00:00+00:00,99769.26951724062
2021-12-15 08:00:00+00:00,99769.26951724062
2021-12-15 12:00:00+00:00,99769.26951724062
2021-12-15 16:00:00+00:00,99769.26951724062
2021-12-15 20:00:00+00:00,99769.26951724062
2021-12-16 00:00:00+00:00,99769.26951724062
2021-12-16 04:00:00+00:00,99769.26951724062
2021-12-16 08:00:00+00:00,99769.26951724062
2021-12-16 12:00:00+00:00,99769.26951724062
2021-12-16 16:00:00+00:00,99769.26951724062
2021-12-16 20:00:00+00:00,99769.26951724062
2021-12-17 00:00:00+00:00,99769.26951724062
2021-12-17 04:00:00+00:00,99769.26951724062
2021-12-17 08:00:00+00:00,99769.26951724062
2021-12-17 12:00:00+00:00,99769.26951724062
2021-12-17 16:00:00+00:00,99762.56404841662
2021-12-17 20:00:00+00:00,99767.19590834998
2021-12-18 00:00:00+00:00,99766.71467614912
2021-12-18 04:00:00+00:00,99769.36145325389
2021-12-18 08:00:00+00:00,99761.42112193957
2021-12-18 12:00:00+00:00,99778.5048650704
2021-12-18 16:00:00+00:00,99774.95577758898
2021-12-18 20:00:00+00:00,99781.63287437604
2021-12-19 00:00:00+00:00,99778.86578922105
2021-12-19 04:00:00+00:00,99774.89562356388
2021-12-19 08:00:00+00:00,99767.49667847552
2021-12-19 12:00:00+00:00,99768.33883482705
2021-12-19 16:00:00+00:00,99758.65403678457
2021-12-19 20:00:00+00:00,99759.37588508587
2021-12-20 00:00:00+00:00,99759.5563471612
2021-12-20 04:00:00+00:00,99752.87925037414
2021-12-20 08:00:00+00:00,99748.9692387421
2021-12-20 12:00:00+00:00,99748.61005851679
2021-12-20 16:00:00+00:00,99748.61005851679
2021-12-20 20:00:00+00:00,99748.61005851679
2021-12-21 00:00:00+00:00,99748.61005851679
2021-12-21 04:00:00+00:00,99748.61005851679
2021-12-21 08:00:00+00:00,99748.61005851679
2021-12-21 12:00:00+00:00,99748.61005851679
2021-12-21 16:00:00+00:00,99748.61005851679
2021-12-21 20:00:00+00:00,99748.61005851679
2021-12-22 00:00:00+00:00,99748.61005851679
2021-12-22 04:00:00+00:00,99748.61005851679
2021-12-22 08:00:00+00:00,99741.84990994236
2021-12-22 12:00:00+00:00,99759.10614540885
2021-12-22 16:00:00+00:00,99755.29452713313
2021-12-22 20:00:00+00:00,99749.88895939663
2021-12-23 00:00:00+00:00,99756.88847659389
2021-12-23 04:00:00+00:00,99746.90896692652
2021-12-23 08:00:00+00:00,99743.85967230593
2021-12-23 12:00:00+00:00,99750.00511052314
2021-12-23 16:00:00+00:00,99864.44109916613
2021-12-23 20:00:00+00:00,99886.3412246719
2021-12-24 00:00:00+00:00,99853.40203131987
2021-12-24 04:00:00+00:00,99860.42047227143
2021-12-24 08:00:00+00:00,99856.5792962922
2021-12-24 12:00:00+00:00,99877.55002335348
2021-12-24 16:00:00+00:00,99844.9485011494
2021-12-24 20:00:00+00:00,99795.78491506167
2021-12-25 00:00:00+00:00,99824.64638731249
2021-12-25 04:00:00+00:00,99884.3468937416
2021-12-25 08:00:00+00:00,99892.73752022262
2021-12-25 12:00:00+00:00,99913.13799082211
2021-12-25 16:00:00+00:00,99916.60722315482
2021-12-25 20:00:00+00:00,99959.35457974128
2021-12-26 00:00:00+00:00,99925.71465141556
2021-12-26 04:00:00+00:00,99940.812522759
2021-12-26 08:00:00+00:00,99927.21569769428
2021-12-26 12:00:00+00:00,99912.5710258403
2021-12-26 16:00:00+00:00,99928.70418285805
2021-12-26 20:00:00+00:00,99942.8540256853
2021-12-27 00:00:00+00:00,99945.03793055938
2021-12-27 04:00:00+00:00,99925.7577616087
2021-12-27 08:00:00+00:00,99908.5039120206
2021-12-27 12:00:00+00:00,99926.64467528777
2021-12-27 16:00:00+00:00,99920.40058810984
2021-12-27 20:00:00+00:00,99875.94310503901
2021-12-28 00:00:00+00:00,99776.82924848254
2021-12-28 04:00:00+00:00,99768.84118353759
2021-12-28 08:00:00+00:00,99782.58399319494
2021-12-28 12:00:00+00:00,99785.3246682916
2021-12-28 16:00:00+00:00,99760.02764563683
2021-12-28 20:00:00+00:00,99759.2021692827
2021-12-29 00:00:00+00:00,99759.2021692827
2021-12-29 04:00:00+00:00,99759.2021692827
2021-12-29 08:00:00+00:00,99759.2021692827
2021-12-29 12:00:00+00:00,99759.2021692827
2021-12-29 16:00:00+00:00,99759.2021692827
2021-12-29 20:00:00+00:00,99759.2021692827
2021-12-30 00:00:00+00:00,99759.2021692827
2021-12-30 04:00:00+00:00,99759.2021692827
2021-12-30 08:00:00+00:00,99759.2021692827
2021-12-30 12:00:00+00:00,99759.2021692827
2021-12-30 16:00:00+00:00,99759.2021692827
2021-12-30 20:00:00+00:00,99759.2021692827
2021-12-31 00:00:00+00:00,99759.2021692827
2021-12-31 04:00:00+00:00,99759.2021692827
2021-12-31 08:00:00+00:00,99759.2021692827
2021-12-31 12:00:00+00:00,99759.2021692827
2021-12-31 16:00:00+00:00,99759.2021692827
2021-12-31 20:00:00+00:00,99759.2021692827
2022-01-01 00:00:00+00:00,99759.2021692827
2022-01-01 04:00:00+00:00,99759.2021692827
2022-01-01 08:00:00+00:00,99759.2021692827
2022-01-01 12:00:00+00:00,99759.2021692827
2022-01-01 16:00:00+00:00,99759.2021692827
2022-01-01 20:00:00+00:00,99759.2021692827
2022-01-02 00:00:00+00:00,99759.2021692827
2022-01-02 04:00:00+00:00,99759.2021692827
2022-01-02 08:00:00+00:00,99759.2021692827
2022-01-02 12:00:00+00:00,99759.2021692827
2022-01-02 16:00:00+00:00,99759.2021692827
2022-01-02 20:00:00+00:00,99759.2021692827
2022-01-03 00:00:00+00:00,99759.2021692827
2022-01-03 04:00:00+00:00,99759.2021692827
2022-01-03 08:00:00+00:00,99759.2021692827
2022-01-03 12:00:00+00:00,99765.56872313381
2022-01-03 16:00:00+00:00,99765.56872313381
2022-01-03 20:00:00+00:00,99775.03077943918
2022-01-04 00:00:00+00:00,99763.09524338073
2022-01-04 04:00:00+00:00,99775.96586414165
2022-01-04 08:00:00+00:00,99787.40929913269
2022-01-04 12:00:00+00:00,99802.53932178121
2022-01-04 16:00:00+00:00,99809.21836583536
2022-01-04 20:00:00+00:00,99803.2186251379
2022-01-05 00:00:00+00:00,99801.50136849405
2022-01-05 04:00:00+00:00,99797.87965291702
2022-01-05 08:00:00+00:00,99784.59570432926
2022-01-05 12:00:00+00:00,99790.80303568413
2022-01-05 16:00:00+00:00,99759.88314865454
2022-01-05 20:00:00+00:00,99771.15142902838
2022-01-06 00:00:00+00:00,99746.48891753
2022-01-06 04:00:00+00:00,99745.98746693434
2022-01-06 08:00:00+00:00,99745.98746693434
2022-01-06 12:00:00+00:00,99745.98746693434
2022-01-06 16:00:00+00:00,99745.98746693434
2022-01-06 20:00:00+00:00,99745.98746693434
2022-01-07 00:00:00+00:00,99745.98746693434
2022-01-07 04:00:00+00:00,99745.98746693434
2022-01-07 08:00:00+00:00,99745.98746693434
2022-01-07 12:00:00+00:00,99745.98746693434
2022-01-07 16:00:00+00:00,99745.98746693434
2022-01-07 20:00:00+00:00,99745.98746693434
2022-01-08 00:00:00+00:00,99745.98746693434
2022-01-08 04:00:00+00:00,99745.98746693434
2022-01-08 08:00:00+00:00,99745.98746693434
2022-01-08 12:00:00+00:00,99745.98746693434
2022-01-08 16:00:00+00:00,99745.98746693434
2022-01-08 20:00:00+00:00,99745.98746693434
2022-01-09 00:00:00+00:00,99745.98746693434
2022-01-09 04:00:00+00:00,99745.98746693434
2022-01-09 08:00:00+00:00,99745.98746693434
2022-01-09 12:00:00+00:00,99745.98746693434
2022-01-09 16:00:00+00:00,99745.98746693434
2022-01-09 20:00:00+00:00,99742.51708506737
2022-01-10 00:00:00+00:00,99743.63706304473
2022-01-10 04:00:00+00:00,99749.61027892401
2022-01-10 08:00:00+00:00,99734.21058173524
2022-01-10 12:00:00+00:00,99732.71727776543
2022-01-10 16:00:00+00:00,99736.35720619187
2022-01-10 20:00:00+00:00,99746.43700798815
2022-01-11 00:00:00+00:00,99748.49030094665
2022-01-11 04:00:00+00:00,99743.17040555416
2022-01-11 08:00:00+00:00,99735.70388570506
2022-01-11 12:00:00+00:00,99730.29065881447
2022-01-11 16:00:00+00:00,99733.8372557428
2022-01-11 20:00:00+00:00,99733.74392424469
2022-01-12 00:00:00+00:00,99734.11725023713
2022-01-12 04:00:00+00:00,99727.21071937672
2022-01-12 08:00:00+00:00,99726.84810742026
2022-01-12 12:00:00+00:00,99726.84810742026
2022-01-12 16:00:00+00:00,99726.84810742026
2022-01-12 20:00:00+00:00,99726.84810742026
2022-01-13 00:00:00+00:00,99726.84810742026
2022-01-13 04:00:00+00:00,99726.84810742026
2022-01-13 08:00:00+00:00,99726.84810742026
2022-01-13 12:00:00+00:00,99726.84810742026
2022-01-13 16:00:00+00:00,99726.84810742026
2022-01-13 20:00:00+00:00,99726.84810742026
2022-01-14 00:00:00+00:00,99726.84810742026
2022-01-14 04:00:00+00:00,99726.84810742026
2022-01-14 08:00:00+00:00,99726.84810742026
2022-01-14 12:00:00+00:00,99726.84810742026
2022-01-14 16:00:00+00:00,99726.84810742026
2022-01-14 20:00:00+00:00,99726.84810742026
2022-01-15 00:00:00+00:00,99717.87748515792
2022-01-15 04:00:00+00:00,99717.06290953388
2022-01-15 08:00:00+00:00,99722.6776651936
2022-01-15 12:00:00+00:00,99720.08110226267
2022-01-15 16:00:00+00:00,99739.5076468668
2022-01-15 20:00:00+00:00,99719.17896103291
2022-01-16 00:00:00+00:00,99722.45277062854
2022-01-16 04:00:00+00:00,99722.24834153728
2022-01-16 08:00:00+00:00,99715.55366722091
2022-01-16 12:00:00+00:00,99710.85037972259
2022-01-16 16:00:00+00:00,99707.2506231185
2022-01-16 20:00:00+00:00,99710.41324282526
2022-01-17 00:00:00+00:00,99677.09940608678
2022-01-17 04:00:00+00:00,99676.01389977217
2022-01-17 08:00:00+00:00,99676.01389977217
2022-01-17 12:00:00+00:00,99676.01389977217
2022-01-17 16:00:00+00:00,99676.01389977217
2022-01-17 20:00:00+00:00,99676.01389977217
2022-01-18 00:00:00+00:00,99676.01389977217
2022-01-18 04:00:00+00:00,99676.01389977217
2022-01-18 08:00:00+00:00,99676.01389977217
2022-01-18 12:00:00+00:00,99676.01389977217
2022-01-18 16:00:00+00:00,99676.01389977217
2022-01-18 20:00:00+00:00,99676.01389977217
2022-01-19 00:00:00+00:00,99676.01389977217
2022-01-19 04:00:00+00:00,99676.01389977217
2022-01-19 08:00:00+00:00,99676.01389977217
2022-01-19 12:00:00+00:00,99676.01389977217
2022-01-19 16:00:00+00:00,99676.01389977217
2022-01-19 20:00:00+00:00,99676.01389977217
2022-01-20 00:00:00+00:00,99676.01389977217
2022-01-20 04:00:00+00:00,99676.01389977217
2022-01-20 08:00:00+00:00,99676.01389977217
2022-01-20 12:00:00+00:00,99676.01389977217
2022-01-20 16:00:00+00:00,99676.01389977217
2022-01-20 20:00:00+00:00,99676.01389977217
2022-01-21 00:00:00+00:00,99676.01389977217
2022-01-21 04:00:00+00:00,99676.01389977217
2022-01-21 08:00:00+00:00,99676.01389977217
2022-01-21 12:00:00+00:00,99676.01389977217
2022-01-21 16:00:00+00:00,99676.01389977217
2022-01-21 20:00:00+00:00,99676.01389977217
2022-01-22 00:00:00+00:00,99676.01389977217
2022-01-22 04:00:00+00:00,99676.01389977217
2022-01-22 08:00:00+00:00,99676.01389977217
2022-01-22 12:00:00+00:00,99676.01389977217
2022-01-22 16:00:00+00:00,99676.01389977217
2022-01-22 20:00:00+00:00,99676.01389977217
2022-01-23 00:00:00+00:00,99676.01389977217
2022-01-23 04:00:00+00:00,99676.01389977217
2022-01-23 08:00:00+00:00,99676.01389977217
2022-01-23 12:00:00+00:00,99676.01389977217
2022-01-23 16:00:00+00:00,99676.01389977217
2022-01-23 20:00:00+00:00,99676.01389977217
2022-01-24 00:00:00+00:00,99676.01389977217
2022-01-24 04:00:00+00:00,99676.01389977217
2022-01-24 08:00:00+00:00,99676.01389977217
2022-01-24 12:00:00+00:00,99676.01389977217
2022-01-24 16:00:00+00:00,99676.01389977217
2022-01-24 20:00:00+00:00,99676.01389977217
2022-01-25 00:00:00+00:00,99676.01389977217
2022-01-25 04:00:00+00:00,99676.01389977217
2022-01-25 08:00:00+00:00,99676.01389977217
2022-01-25 12:00:00+00:00,99676.01389977217
2022-01-25 16:00:00+00:00,99676.01389977217
2022-01-25 20:00:00+00:00,99676.01389977217
2022-01-26 00:00:00+00:00,99676.01389977217
2022-01-26 04:00:00+00:00,99676.01389977217
2022-01-26 08:00:00+00:00,99676.01389977217
2022-01-26 12:00:00+00:00,99676.01389977217
2022-01-26 16:00:00+00:00,99676.01389977217
2022-01-26 20:00:00+00:00,99676.01389977217
2022-01-27 00:00:00+00:00,99676.01389977217
2022-01-27 04:00:00+00:00,99676.01389977217
2022-01-27 08:00:00+00:00,99676.01389977217
2022-01-27 12:00:00+00:00,99676.01389977217
2022-01-27 16:00:00+00:00,99676.01389977217
2022-01-27 20:00:00+00:00,99676.01389977217
2022-01-28 00:00:00+00:00,99676.01389977217
2022-01-28 04:00:00+00:00,99676.01389977217
2022-01-28 08:00:00+00:00,99676.01389977217
2022-01-28 12:00:00+00:00,99676.01389977217
2022-01-28 16:00:00+00:00,99676.01389977217
2022-01-28 20:00:00+00:00,99676.01389977217
2022-01-29 00:00:00+00:00,99676.01389977217
2022-01-29 04:00:00+00:00,99691.93235779769
2022-01-29 08:00:00+00:00,99690.05257347
2022-01-29 12:00:00+00:00,99683.85989687435
2022-01-29 16:00:00+00:00,99698.27999869276
2022-01-29 20:00:00+00:00,99700.65920600714
2022-01-30 00:00:00+00:00,99709.55533586977
2022-01-30 04:00:00+00:00,99711.80568700041
2022-01-30 08:00:00+00:00,99698.65591456502
2022-01-30 12:00:00+00:00,99682.6817476519
2022-01-30 16:00:00+00:00,99662.25221397201
2022-01-30 20:00:00+00:00,99676.07395523599
2022-01-31 00:00:00+00:00,99657.05020506348
2022-01-31 04:00:00+00:00,99660.56806309966
2022-01-31 08:00:00+00:00,99659.79071501075
2022-01-31 12:00:00+00:00,99667.40670500865
2022-01-31 16:00:00+00:00,99680.78416659511
2022-01-31 20:00:00+00:00,99680.29569217304
2022-02-01 00:00:00+00:00,99675.71498117023
2022-02-01 04:00:00+00:00,99671.93863258793
2022-02-01 08:00:00+00:00,99669.0934174348
2022-02-01 12:00:00+00:00,99666.00581839166
2022-02-01 16:00:00+00:00,99671.35510535333
2022-02-01 20:00:00+00:00,99680.08427252113
2022-02-02 00:00:00+00:00,99669.13963139233
2022-02-02 04:00:00+00:00,99669.24918830054
2022-02-02 08:00:00+00:00,99667.52840725612
2022-02-02 12:00:00+00:00,99637.17557860381
2022-02-02 16:00:00+00:00,99642.4827587776
2022-02-02 20:00:00+00:00,99628.26352133085
2022-02-03 00:00:00+00:00,99627.79684535704
2022-02-03 04:00:00+00:00,99627.79684535704
2022-02-03 08:00:00+00:00,99627.79684535704
2022-02-03 12:00:00+00:00,99627.79684535704
2022-02-03 16:00:00+00:00,99627.79684535704
2022-02-03 20:00:00+00:00,99627.79684535704
2022-02-04 00:00:00+00:00,99627.79684535704
2022-02-04 04:00:00+00:00,99627.79684535704
2022-02-04 08:00:00+00:00,99627.79684535704
2022-02-04 12:00:00+00:00,99627.79684535704
2022-02-04 16:00:00+00:00,99627.79684535704
2022-02-04 20:00:00+00:00,99627.79684535704
2022-02-05 00:00:00+00:00,99627.79684535704
2022-02-05 04:00:00+00:00,99627.79684535704
2022-02-05 08:00:00+00:00,99627.79684535704
2022-02-05 12:00:00+00:00,99627.79684535704
2022-02-05 16:00:00+00:00,99627.79684535704
2022-02-05 20:00:00+00:00,99627.79684535704
2022-02-06 00:00:00+00:00,99627.79684535704
2022-02-06 04:00:00+00:00,99627.79684535704
2022-02-06 08:00:00+00:00,99627.79684535704
2022-02-06 12:00:00+00:00,99627.79684535704
2022-02-06 16:00:00+00:00,99627.79684535704
2022-02-06 20:00:00+00:00,99627.79684535704
2022-02-07 00:00:00+00:00,99627.79684535704
2022-02-07 04:00:00+00:00,99627.79684535704
2022-02-07 08:00:00+00:00,99627.79684535704
2022-02-07 12:00:00+00:00,99627.79684535704
2022-02-07 16:00:00+00:00,99627.79684535704
2022-02-07 20:00:00+00:00,99627.79684535704
2022-02-08 00:00:00+00:00,99627.79684535704
2022-02-08 04:00:00+00:00,99627.79684535704
2022-02-08 08:00:00+00:00,99627.79684535704
2022-02-08 12:00:00+00:00,99627.79684535704
2022-02-08 16:00:00+00:00,99627.79684535704
2022-02-08 20:00:00+00:00,99627.79684535704
2022-02-09 00:00:00+00:00,99627.79684535704
2022-02-09 04:00:00+00:00,99627.79684535704
2022-02-09 08:00:00+00:00,99627.79684535704
2022-02-09 12:00:00+00:00,99627.79684535704
2022-02-09 16:00:00+00:00,99627.79684535704
2022-02-09 20:00:00+00:00,99627.79684535704
2022-02-10 00:00:00+00:00,99627.79684535704
2022-02-10 04:00:00+00:00,99627.79684535704
2022-02-10 08:00:00+00:00,99627.79684535704
2022-02-10 12:00:00+00:00,99627.79684535704
2022-02-10 16:00:00+00:00,99627.79684535704
2022-02-10 20:00:00+00:00,99627.79684535704
2022-02-11 00:00:00+00:00,99627.79684535704
2022-02-11 04:00:00+00:00,99627.79684535704
2022-02-11 08:00:00+00:00,99627.79684535704
2022-02-11 12:00:00+00:00,99627.79684535704
2022-02-11 16:00:00+00:00,99627.79684535704
2022-02-11 20:00:00+00:00,99627.79684535704
2022-02-12 00:00:00+00:00,99627.79684535704
2022-02-12 04:00:00+00:00,99627.79684535704
2022-02-12 08:00:00+00:00,99627.79684535704
2022-02-12 12:00:00+00:00,99627.79684535704
2022-02-12 16:00:00+00:00,99627.79684535704
2022-02-12 20:00:00+00:00,99627.79684535704
2022-02-13 00:00:00+00:00,99627.79684535704
2022-02-13 04:00:00+00:00,99627.79684535704
2022-02-13 08:00:00+00:00,99627.79684535704
2022-02-13 12:00:00+00:00,99627.79684535704
2022-02-13 16:00:00+00:00,99627.79684535704
2022-02-13 20:00:00+00:00,99627.79684535704
2022-02-14 00:00:00+00:00,99627.79684535704
2022-02-14 04:00:00+00:00,99627.79684535704
2022-02-14 08:00:00+00:00,99627.79684535704
2022-02-14 12:00:00+00:00,99627.79684535704
2022-02-14 16:00:00+00:00,99627.79684535704
2022-02-14 20:00:00+00:00,99627.79684535704
2022-02-15 00:00:00+00:00,99627.79684535704
2022-02-15 04:00:00+00:00,99627.79684535704
2022-02-15 08:00:00+00:00,99627.79684535704
2022-02-15 12:00:00+00:00,99627.79684535704
2022-02-15 16:00:00+00:00,99627.79684535704
2022-02-15 20:00:00+00:00,99627.79684535704
2022-02-16 00:00:00+00:00,99627.79684535704
2022-02-16 04:00:00+00:00,99627.79684535704
2022-02-16 08:00:00+00:00,99627.79684535704
2022-02-16 12:00:00+00:00,99627.79684535704
2022-02-16 16:00:00+00:00,99627.79684535704
2022-02-16 20:00:00+00:00,99620.66144611553
2022-02-17 00:00:00+00:00,99610.01419284198
2022-02-17 04:00:00+00:00,99615.12487441328
2022-02-17 08:00:00+00:00,99595.99937234542
2022-02-17 12:00:00+00:00,99587.72572667108
2022-02-17 16:00:00+00:00,99562.84478842665
2022-02-17 20:00:00+00:00,99554.2238906395
2022-02-18 00:00:00+00:00,99554.2238906395
2022-02-18 04:00:00+00:00,99554.2238906395
2022-02-18 08:00:00+00:00,99554.2238906395
2022-02-18 12:00:00+00:00,99554.2238906395
2022-02-18 16:00:00+00:00,99554.2238906395
2022-02-18 20:00:00+00:00,99554.2238906395
2022-02-19 00:00:00+00:00,99554.2238906395
2022-02-19 04:00:00+00:00,99554.2238906395
2022-02-19 08:00:00+00:00,99554.2238906395
2022-02-19 12:00:00+00:00,99554.2238906395
2022-02-19 16:00:00+00:00,99554.2238906395
2022-02-19 20:00:00+00:00,99554.2238906395
2022-02-20 00:00:00+00:00,99554.2238906395
2022-02-20 04:00:00+00:00,99554.2238906395
2022-02-20 08:00:00+00:00,99554.2238906395
2022-02-20 12:00:00+00:00,99554.2238906395
2022-02-20 16:00:00+00:00,99554.2238906395
2022-02-20 20:00:00+00:00,99554.2238906395
2022-02-21 00:00:00+00:00,99554.2238906395
2022-02-21 04:00:00+00:00,99554.2238906395
2022-02-21 08:00:00+00:00,99554.2238906395
2022-02-21 12:00:00+00:00,99554.2238906395
2022-02-21 16:00:00+00:00,99554.2238906395
2022-02-21 20:00:00+00:00,99554.2238906395
2022-02-22 00:00:00+00:00,99554.2238906395
2022-02-22 04:00:00+00:00,99554.2238906395
2022-02-22 08:00:00+00:00,99554.2238906395
2022-02-22 12:00:00+00:00,99554.2238906395
2022-02-22 16:00:00+00:00,99554.2238906395
2022-02-22 20:00:00+00:00,99554.2238906395
2022-02-23 00:00:00+00:00,99554.2238906395
2022-02-23 04:00:00+00:00,99554.2238906395
2022-02-23 08:00:00+00:00,99554.2238906395
2022-02-23 12:00:00+00:00,99554.2238906395
2022-02-23 16:00:00+00:00,99554.2238906395
2022-02-23 20:00:00+00:00,99554.2238906395
2022-02-24 00:00:00+00:00,99554.2238906395
2022-02-24 04:00:00+00:00,99554.2238906395
2022-02-24 08:00:00+00:00,99554.2238906395
2022-02-24 12:00:00+00:00,99554.2238906395
2022-02-24 16:00:00+00:00,99554.2238906395
2022-02-24 20:00:00+00:00,99554.2238906395
2022-02-25 00:00:00+00:00,99554.2238906395
2022-02-25 04:00:00+00:00,99554.2238906395
2022-02-25 08:00:00+00:00,99554.2238906395
2022-02-25 12:00:00+00:00,99554.2238906395
2022-02-25 16:00:00+00:00,99554.2238906395
2022-02-25 20:00:00+00:00,99554.2238906395
2022-02-26 00:00:00+00:00,99554.2238906395
2022-02-26 04:00:00+00:00,99554.2238906395
2022-02-26 08:00:00+00:00,99554.2238906395
2022-02-26 12:00:00+00:00,99554.2238906395
2022-02-26 16:00:00+00:00,99554.2238906395
2022-02-26 20:00:00+00:00,99554.2238906395
2022-02-27 00:00:00+00:00,99554.2238906395
2022-02-27 04:00:00+00:00,99554.2238906395
2022-02-27 08:00:00+00:00,99554.2238906395
2022-02-27 12:00:00+00:00,99554.2238906395
2022-02-27 16:00:00+00:00,99541.56744299033
2022-02-27 20:00:00+00:00,99544.26690908942
2022-02-28 00:00:00+00:00,99542.5797427775
2022-02-28 04:00:00+00:00,99540.89257646556
2022-02-28 08:00:00+00:00,99544.60434235181
2022-02-28 12:00:00+00:00,99559.45140589682
2022-02-28 16:00:00+00:00,99554.7273402234
2022-02-28 20:00:00+00:00,99570.24927029318
2022-03-01 00:00:00+00:00,99561.52011374003
2022-03-01 04:00:00+00:00,99559.13902861925
2022-03-01 08:00:00+00:00,99563.01675721126
2022-03-01 12:00:00+00:00,99550.67863692463
2022-03-01 16:00:00+00:00,99549.88945669543
2022-03-01 20:00:00+00:00,99549.55202343305
2022-03-02 00:00:00+00:00,99555.00811248345
2022-03-02 04:00:00+00:00,99541.08485952184
2022-03-02 08:00:00+00:00,99561.18268047765
2022-03-02 12:00:00+00:00,99542.14754394462
2022-03-02 16:00:00+00:00,99529.12904928235
2022-03-02 20:00:00+00:00,99528.92097419125
2022-03-03 00:00:00+00:00,99521.19608269892
2022-03-03 04:00:00+00:00,99515.88994757761
2022-03-03 08:00:00+00:00,99510.95475324949
2022-03-03 12:00:00+00:00,99502.93759281613
2022-03-03 16:00:00+00:00,99526.03665043639
2022-03-03 20:00:00+00:00,99529.96780194796
2022-03-04 00:00:00+00:00,99527.58623667847
2022-03-04 04:00:00+00:00,99531.66617276064
2022-03-04 08:00:00+00:00,99525.95770352139
2022-03-04 12:00:00+00:00,99518.27252498704
2022-03-04 16:00:00+00:00,99499.40016373967
2022-03-04 20:00:00+00:00,99498.92788314288
2022-03-05 00:00:00+00:00,99498.92788314288
2022-03-05 04:00:00+00:00,99498.92788314288
2022-03-05 08:00:00+00:00,99498.92788314288
2022-03-05 12:00:00+00:00,99498.92788314288
2022-03-05 16:00:00+00:00,99498.92788314288
2022-03-05 20:00:00+00:00,99498.92788314288
2022-03-06 00:00:00+00:00,99498.92788314288
2022-03-06 04:00:00+00:00,99498.92788314288
2022-03-06 08:00:00+00:00,99498.92788314288
2022-03-06 12:00:00+00:00,99498.92788314288
2022-03-06 16:00:00+00:00,99498.92788314288
2022-03-06 20:00:00+00:00,99498.92788314288
2022-03-07 00:00:00+00:00,99498.92788314288
2022-03-07 04:00:00+00:00,99498.92788314288
2022-03-07 08:00:00+00:00,99498.92788314288
2022-03-07 12:00:00+00:00,99498.92788314288
2022-03-07 16:00:00+00:00,99498.92788314288
2022-03-07 20:00:00+00:00,99498.92788314288
2022-03-08 00:00:00+00:00,99498.92788314288
2022-03-08 04:00:00+00:00,99498.92788314288
2022-03-08 08:00:00+00:00,99498.92788314288
2022-03-08 12:00:00+00:00,99498.92788314288
2022-03-08 16:00:00+00:00,99498.92788314288
2022-03-08 20:00:00+00:00,99498.92788314288
2022-03-09 00:00:00+00:00,99498.92788314288
2022-03-09 04:00:00+00:00,99498.92788314288
2022-03-09 08:00:00+00:00,99498.92788314288
2022-03-09 12:00:00+00:00,99498.92788314288
2022-03-09 16:00:00+00:00,99498.92788314288
2022-03-09 20:00:00+00:00,99498.92788314288
2022-03-10 00:00:00+00:00,99498.92788314288
2022-03-10 04:00:00+00:00,99498.92788314288
2022-03-10 08:00:00+00:00,99498.92788314288
2022-03-10 12:00:00+00:00,99498.92788314288
2022-03-10 16:00:00+00:00,99498.92788314288
2022-03-10 20:00:00+00:00,99498.92788314288
2022-03-11 00:00:00+00:00,99498.92788314288
2022-03-11 04:00:00+00:00,99498.92788314288
2022-03-11 08:00:00+00:00,99498.92788314288
2022-03-11 12:00:00+00:00,99498.92788314288
2022-03-11 16:00:00+00:00,99498.92788314288
2022-03-11 20:00:00+00:00,99498.92788314288
2022-03-12 00:00:00+00:00,99498.92788314288
2022-03-12 04:00:00+00:00,99498.92788314288
2022-03-12 08:00:00+00:00,99498.92788314288
2022-03-12 12:00:00+00:00,99498.92788314288
2022-03-12 16:00:00+00:00,99498.92788314288
2022-03-12 20:00:00+00:00,99498.92788314288
2022-03-13 00:00:00+00:00,99498.92788314288
2022-03-13 04:00:00+00:00,99498.92788314288
2022-03-13 08:00:00+00:00,99498.92788314288
2022-03-13 12:00:00+00:00,99498.92788314288
2022-03-13 16:00:00+00:00,99498.92788314288
2022-03-13 20:00:00+00:00,99498.92788314288
2022-03-14 00:00:00+00:00,99498.92788314288
2022-03-14 04:00:00+00:00,99498.92788314288
2022-03-14 08:00:00+00:00,99498.92788314288
2022-03-14 12:00:00+00:00,99498.92788314288
2022-03-14 16:00:00+00:00,99498.92788314288
2022-03-14 20:00:00+00:00,99498.92788314288
2022-03-15 00:00:00+00:00,99498.92788314288
2022-03-15 04:00:00+00:00,99498.92788314288
2022-03-15 08:00:00+00:00,99498.92788314288
2022-03-15 12:00:00+00:00,99498.92788314288
2022-03-15 16:00:00+00:00,99498.92788314288
2022-03-15 20:00:00+00:00,99498.92788314288
2022-03-16 00:00:00+00:00,99498.92788314288
2022-03-16 04:00:00+00:00,99498.92788314288
2022-03-16 08:00:00+00:00,99498.92788314288
2022-03-16 12:00:00+00:00,99498.92788314288
2022-03-16 16:00:00+00:00,99498.92788314288
2022-03-16 20:00:00+00:00,99498.92788314288
2022-03-17 00:00:00+00:00,99498.92788314288
2022-03-17 04:00:00+00:00,99498.92788314288
2022-03-17 08:00:00+00:00,99498.92788314288
2022-03-17 12:00:00+00:00,99498.92788314288
2022-03-17 16:00:00+00:00,99498.92788314288
2022-03-17 20:00:00+00:00,99482.85404813725
2022-03-18 00:00:00+00:00,99464.74859241518
2022-03-18 04:00:00+00:00,99475.65020416616
2022-03-18 08:00:00+00:00,99464.7055125872
2022-03-18 12:00:00+00:00,99492.50745908167
2022-03-18 16:00:00+00:00,99516.46079136817
2022-03-18 20:00:00+00:00,99497.99704843099
2022-03-19 00:00:00+00:00,99518.3469049583
2022-03-19 04:00:00+00:00,99504.85923817265
2022-03-19 08:00:00+00:00,99529.86779111106
2022-03-19 12:00:00+00:00,99593.22152727698
2022-03-19 16:00:00+00:00,99578.40649936258
2022-03-19 20:00:00+00:00,99570.09789948257
2022-03-20 00:00:00+00:00,99545.87918589723
2022-03-20 04:00:00+00:00,99551.12849003682
2022-03-20 08:00:00+00:00,99475.24418315639
2022-03-20 12:00:00+00:00,99443.51987675304
2022-03-20 16:00:00+00:00,99453.19012194469
2022-03-20 20:00:00+00:00,99439.40314998922
2022-03-21 00:00:00+00:00,99425.9926065024
2022-03-21 04:00:00+00:00,99455.50898399044
2022-03-21 08:00:00+00:00,99471.57071435105
2022-03-21 12:00:00+00:00,99459.85125709178
2022-03-21 16:00:00+00:00,99461.21029087483
2022-03-21 20:00:00+00:00,99461.52090778985
2022-03-22 00:00:00+00:00,99475.85270927739
2022-03-22 04:00:00+00:00,99483.3267569144
2022-03-22 08:00:00+00:00,99489.98721229391
2022-03-22 12:00:00+00:00,99472.60156522578
2022-03-22 16:00:00+00:00,99473.32517759159
2022-03-22 20:00:00+00:00,99466.3931413445
2022-03-23 00:00:00+00:00,99465.92997134676
2022-03-23 04:00:00+00:00,99458.63024104573
2022-03-23 08:00:00+00:00,99465.89224967858
2022-03-23 12:00:00+00:00,99486.53255099733
2022-03-23 16:00:00+00:00,99454.10114498207
2022-03-23 20:00:00+00:00,99486.48655539978
2022-03-24 00:00:00+00:00,99465.08318625248
2022-03-24 04:00:00+00:00,99500.09932393687
2022-03-24 08:00:00+00:00,99498.1316095243
2022-03-24 12:00:00+00:00,99529.99128953826
2022-03-24 16:00:00+00:00,99523.50181529144
2022-03-24 20:00:00+00:00,99536.12926231066
2022-03-25 00:00:00+00:00,99516.15895333068
2022-03-25 04:00:00+00:00,99510.20110919047
2022-03-25 08:00:00+00:00,99575.5586114073
2022-03-25 12:00:00+00:00,99502.16494691253
2022-03-25 16:00:00+00:00,99452.14207064146
2022-03-25 20:00:00+00:00,99438.27403708428
2022-03-26 00:00:00+00:00,99440.28512162897
2022-03-26 04:00:00+00:00,99460.90551725768
2022-03-26 08:00:00+00:00,99460.39873523678
2022-03-26 12:00:00+00:00,99443.10183203571
2022-03-26 16:00:00+00:00,99439.12539025952
2022-03-26 20:00:00+00:00,99457.50311634465
2022-03-27 00:00:00+00:00,99466.44109563844
2022-03-27 04:00:00+00:00,99479.77578078423
2022-03-27 08:00:00+00:00,99469.77221008
2022-03-27 12:00:00+00:00,99489.90005519259
2022-03-27 16:00:00+00:00,99505.4938500866
2022-03-27 20:00:00+00:00,99554.40942174582
2022-03-28 00:00:00+00:00,99575.5160261805
2022-03-28 04:00:00+00:00,99565.55144788454
2022-03-28 08:00:00+00:00,99572.91508618892
2022-03-28 12:00:00+00:00,99562.61904741495
2022-03-28 16:00:00+00:00,99593.34767365293
2022-03-28 20:00:00+00:00,99442.74631365118
2022-03-29 00:00:00+00:00,99493.30357663977
2022-03-29 04:00:00+00:00,99554.08685340802
2022-03-29 08:00:00+00:00,99588.89565536795
2022-03-29 12:00:00+00:00,99527.2663517332
2022-03-29 16:00:00+00:00,99526.14714339546
2022-03-29 20:00:00+00:00,99522.72089983326
2022-03-30 00:00:00+00:00,99464.08146381492
2022-03-30 04:00:00+00:00,99496.29692432695
2022-03-30 08:00:00+00:00,99516.68134512486
2022-03-30 12:00:00+00:00,99512.74525563
2022-03-30 16:00:00+00:00,99498.59678129079
2022-03-30 20:00:00+00:00,99493.82140475861
2022-03-31 00:00:00+00:00,99551.01610456749
2022-03-31 04:00:00+00:00,99569.44282537766
2022-03-31 08:00:00+00:00,99560.51891748146
2022-03-31 12:00:00+00:00,99418.47687580767
2022-03-31 16:00:00+00:00,99383.70487859631
2022-03-31 20:00:00+00:00,99375.82000305763
2022-04-01 00:00:00+00:00,99330.86460453224
2022-04-01 04:00:00+00:00,99338.72466936325
2022-04-01 08:00:00+00:00,99332.71019639245
2022-04-01 12:00:00+00:00,99350.0640608125
2022-04-01 16:00:00+00:00,99360.33086284871
2022-04-01 20:00:00+00:00,99350.59142109202
2022-04-02 00:00:00+00:00,99353.62546085835
2022-04-02 04:00:00+00:00,99369.309732873
2022-04-02 08:00:00+00:00,99373.33159953999
2022-04-02 12:00:00+00:00,99361.4625569325
2022-04-02 16:00:00+00:00,99355.671673724
2022-04-02 20:00:00+00:00,99348.17683492944
2022-04-03 00:00:00+00:00,99352.83923128435
2022-04-03 04:00:00+00:00,99358.70342261162
2022-04-03 08:00:00+00:00,99354.25576001637
2022-04-03 12:00:00+00:00,99353.32097984222
2022-04-03 16:00:00+00:00,99341.50792480358
2022-04-03 20:00:00+00:00,99350.71105220454
2022-04-04 00:00:00+00:00,99339.88832438391
2022-04-04 04:00:00+00:00,99338.67038548151
2022-04-04 08:00:00+00:00,99331.68482867388
2022-04-04 12:00:00+00:00,99303.4537090079
2022-04-04 16:00:00+00:00,99302.86249447246
2022-04-04 20:00:00+00:00,99302.86249447246
2022-04-05 00:00:00+00:00,99302.86249447246
2022-04-05 04:00:00+00:00,99302.86249447246
2022-04-05 08:00:00+00:00,99302.86249447246
2022-04-05 12:00:00+00:00,99302.86249447246
2022-04-05 16:00:00+00:00,99302.86249447246
2022-04-05 20:00:00+00:00,99302.86249447246
2022-04-06 00:00:00+00:00,99302.86249447246
2022-04-06 04:00:00+00:00,99302.86249447246
2022-04-06 08:00:00+00:00,99302.86249447246
2022-04-06 12:00:00+00:00,99302.86249447246
2022-04-06 16:00:00+00:00,99302.86249447246
2022-04-06 20:00:00+00:00,99302.86249447246
2022-04-07 00:00:00+00:00,99302.86249447246
2022-04-07 04:00:00+00:00,99302.86249447246
2022-04-07 08:00:00+00:00,99302.86249447246
2022-04-07 12:00:00+00:00,99302.86249447246
2022-04-07 16:00:00+00:00,99302.86249447246
2022-04-07 20:00:00+00:00,99302.86249447246
2022-04-08 00:00:00+00:00,99302.86249447246
2022-04-08 04:00:00+00:00,99302.86249447246
2022-04-08 08:00:00+00:00,99302.86249447246
2022-04-08 12:00:00+00:00,99302.86249447246
2022-04-08 16:00:00+00:00,99302.86249447246
2022-04-08 20:00:00+00:00,99302.86249447246
2022-04-09 00:00:00+00:00,99302.86249447246
2022-04-09 04:00:00+00:00,99302.86249447246
2022-04-09 08:00:00+00:00,99302.86249447246
2022-04-09 12:00:00+00:00,99302.86249447246
2022-04-09 16:00:00+00:00,99302.86249447246
2022-04-09 20:00:00+00:00,99302.86249447246
2022-04-10 00:00:00+00:00,99302.86249447246
2022-04-10 04:00:00+00:00,99302.86249447246
2022-04-10 08:00:00+00:00,99302.86249447246
2022-04-10 12:00:00+00:00,99302.86249447246
2022-04-10 16:00:00+00:00,99302.86249447246
2022-04-10 20:00:00+00:00,99302.86249447246
2022-04-11 00:00:00+00:00,99302.86249447246
2022-04-11 04:00:00+00:00,99302.86249447246
2022-04-11 08:00:00+00:00,99302.86249447246
2022-04-11 12:00:00+00:00,99302.86249447246
2022-04-11 16:00:00+00:00,99302.86249447246
2022-04-11 20:00:00+00:00,99302.86249447246
2022-04-12 00:00:00+00:00,99302.86249447246
2022-04-12 04:00:00+00:00,99302.86249447246
2022-04-12 08:00:00+00:00,99302.86249447246
2022-04-12 12:00:00+00:00,99302.86249447246
2022-04-12 16:00:00+00:00,99302.86249447246
2022-04-12 20:00:00+00:00,99302.86249447246
2022-04-13 00:00:00+00:00,99302.86249447246
2022-04-13 04:00:00+00:00,99302.86249447246
2022-04-13 08:00:00+00:00,99302.86249447246
2022-04-13 12:00:00+00:00,99302.86249447246
2022-04-13 16:00:00+00:00,99302.86249447246
2022-04-13 20:00:00+00:00,99302.86249447246
2022-04-14 00:00:00+00:00,99302.86249447246
2022-04-14 04:00:00+00:00,99302.86249447246
2022-04-14 08:00:00+00:00,99302.86249447246
2022-04-14 12:00:00+00:00,99302.86249447246
2022-04-14 16:00:00+00:00,99302.86249447246
2022-04-14 20:00:00+00:00,99302.86249447246
2022-04-15 00:00:00+00:00,99302.86249447246
2022-04-15 04:00:00+00:00,99302.86249447246
2022-04-15 08:00:00+00:00,99302.86249447246
2022-04-15 12:00:00+00:00,99302.86249447246
2022-04-15 16:00:00+00:00,99302.86249447246
2022-04-15 20:00:00+00:00,99302.86249447246
2022-04-16 00:00:00+00:00,99302.86249447246
2022-04-16 04:00:00+00:00,99302.86249447246
2022-04-16 08:00:00+00:00,99302.86249447246
2022-04-16 12:00:00+00:00,99302.86249447246
2022-04-16 16:00:00+00:00,99302.86249447246
2022-04-16 20:00:00+00:00,99302.86249447246
2022-04-17 00:00:00+00:00,99302.86249447246
2022-04-17 04:00:00+00:00,99302.86249447246
2022-04-17 08:00:00+00:00,99302.86249447246
2022-04-17 12:00:00+00:00,99302.86249447246
2022-04-17 16:00:00+00:00,99302.86249447246
2022-04-17 20:00:00+00:00,99302.86249447246
2022-04-18 00:00:00+00:00,99302.86249447246
2022-04-18 04:00:00+00:00,99302.86249447246
2022-04-18 08:00:00+00:00,99302.86249447246
2022-04-18 12:00:00+00:00,99302.86249447246
2022-04-18 16:00:00+00:00,99302.86249447246
2022-04-18 20:00:00+00:00,99302.86249447246
2022-04-19 00:00:00+00:00,99302.86249447246
2022-04-19 04:00:00+00:00,99302.86249447246
2022-04-19 08:00:00+00:00,99302.86249447246
2022-04-19 12:00:00+00:00,99302.86249447246
2022-04-19 16:00:00+00:00,99302.86249447246
2022-04-19 20:00:00+00:00,99302.86249447246
2022-04-20 00:00:00+00:00,99302.86249447246
2022-04-20 04:00:00+00:00,99302.86249447246
2022-04-20 08:00:00+00:00,99302.86249447246
2022-04-20 12:00:00+00:00,99294.81148275697
2022-04-20 16:00:00+00:00,99285.96661294709
2022-04-20 20:00:00+00:00,99295.24293982086
2022-04-21 00:00:00+00:00,99304.59117620529
2022-04-21 04:00:00+00:00,99304.05185487542
2022-04-21 08:00:00+00:00,99306.92823530138
2022-04-21 12:00:00+00:00,99399.82465441086
2022-04-21 16:00:00+00:00,99376.98648595359
2022-04-21 20:00:00+00:00,99352.48974542532
2022-04-22 00:00:00+00:00,99307.00696981081
2022-04-22 04:00:00+00:00,99314.94001206916
2022-04-22 08:00:00+00:00,99316.52662052082
2022-04-22 12:00:00+00:00,99305.02370924622
2022-04-22 16:00:00+00:00,99304.23040502038
2022-04-22 20:00:00+00:00,99292.06640689092
2022-04-23 00:00:00+00:00,99320.75757639194
2022-04-23 04:00:00+00:00,99307.5358392947
2022-04-23 08:00:00+00:00,99306.47810032692
2022-04-23 12:00:00+00:00,99311.23792568193
2022-04-23 16:00:00+00:00,99305.02370924622
2022-04-23 20:00:00+00:00,99302.51157919774
2022-04-24 00:00:00+00:00,99307.00696981081
2022-04-24 04:00:00+00:00,99283.34006040674
2022-04-24 08:00:00+00:00,99275.33635868566
2022-04-24 12:00:00+00:00,99275.33635868566
2022-04-24 16:00:00+00:00,99275.33635868566
2022-04-24 20:00:00+00:00,99275.33635868566
2022-04-25 00:00:00+00:00,99275.33635868566
2022-04-25 04:00:00+00:00,99275.33635868566
2022-04-25 08:00:00+00:00,99275.33635868566
2022-04-25 12:00:00+00:00,99275.33635868566
2022-04-25 16:00:00+00:00,99275.33635868566
2022-04-25 20:00:00+00:00,99275.33635868566
2022-04-26 00:00:00+00:00,99275.33635868566
2022-04-26 04:00:00+00:00,99275.33635868566
2022-04-26 08:00:00+00:00,99275.33635868566
2022-04-26 12:00:00+00:00,99275.33635868566
2022-04-26 16:00:00+00:00,99275.33635868566
2022-04-26 20:00:00+00:00,99275.33635868566
2022-04-27 00:00:00+00:00,99275.33635868566
2022-04-27 04:00:00+00:00,99275.33635868566
2022-04-27 08:00:00+00:00,99275.33635868566
2022-04-27 12:00:00+00:00,99275.33635868566
2022-04-27 16:00:00+00:00,99275.33635868566
2022-04-27 20:00:00+00:00,99275.33635868566
2022-04-28 00:00:00+00:00,99275.33635868566
2022-04-28 04:00:00+00:00,99275.33635868566
2022-04-28 08:00:00+00:00,99275.33635868566
2022-04-28 12:00:00+00:00,99275.33635868566
2022-04-28 16:00:00+00:00,99275.33635868566
2022-04-28 20:00:00+00:00,99275.33635868566
2022-04-29 00:00:00+00:00,99275.33635868566
2022-04-29 04:00:00+00:00,99275.33635868566
2022-04-29 08:00:00+00:00,99275.33635868566
2022-04-29 12:00:00+00:00,99275.33635868566
2022-04-29 16:00:00+00:00,99275.33635868566
2022-04-29 20:00:00+00:00,99275.33635868566
2022-04-30 00:00:00+00:00,99275.33635868566
2022-04-30 04:00:00+00:00,99275.33635868566
2022-04-30 08:00:00+00:00,99275.33635868566
2022-04-30 12:00:00+00:00,99275.33635868566
2022-04-30 16:00:00+00:00,99275.33635868566
2022-04-30 20:00:00+00:00,99275.33635868566
2022-05-01 00:00:00+00:00,99275.33635868566
2022-05-01 04:00:00+00:00,99275.33635868566
2022-05-01 08:00:00+00:00,99275.33635868566
2022-05-01 12:00:00+00:00,99275.33635868566
2022-05-01 16:00:00+00:00,99275.33635868566
2022-05-01 20:00:00+00:00,99275.33635868566
2022-05-02 00:00:00+00:00,99275.33635868566
2022-05-02 04:00:00+00:00,99275.33635868566
2022-05-02 08:00:00+00:00,99275.33635868566
2022-05-02 12:00:00+00:00,99275.33635868566
2022-05-02 16:00:00+00:00,99275.33635868566
2022-05-02 20:00:00+00:00,99275.33635868566
2022-05-03 00:00:00+00:00,99275.33635868566
2022-05-03 04:00:00+00:00,99275.33635868566
2022-05-03 08:00:00+00:00,99275.33635868566
2022-05-03 12:00:00+00:00,99275.33635868566
2022-05-03 16:00:00+00:00,99275.33635868566
2022-05-03 20:00:00+00:00,99275.33635868566
2022-05-04 00:00:00+00:00,99275.33635868566
2022-05-04 04:00:00+00:00,99275.33635868566
2022-05-04 08:00:00+00:00,99291.58322437482
2022-05-04 12:00:00+00:00,99266.62487156551
2022-05-04 16:00:00+00:00,99297.20571044723
2022-05-04 20:00:00+00:00,99316.40444337745
2022-05-05 00:00:00+00:00,99316.90726733516
2022-05-05 04:00:00+00:00,99313.98174612674
2022-05-05 08:00:00+00:00,99305.47945011478
2022-05-05 12:00:00+00:00,99281.11534380095
2022-05-05 16:00:00+00:00,99263.05939259275
2022-05-05 20:00:00+00:00,99262.64799117282
2022-05-06 00:00:00+00:00,99287.10352002442
2022-05-06 04:00:00+00:00,99284.72653404258
2022-05-06 08:00:00+00:00,99293.27454132342
2022-05-06 12:00:00+00:00,99304.42809093051
2022-05-06 16:00:00+00:00,99299.12558374026
2022-05-06 20:00:00+00:00,99317.0444011418
2022-05-07 00:00:00+00:00,99312.336140447
2022-05-07 04:00:00+00:00,99300.13123165564
2022-05-07 08:00:00+00:00,99304.10811204834
2022-05-07 12:00:00+00:00,99305.25089377038
2022-05-07 16:00:00+00:00,99312.8389644047
2022-05-07 20:00:00+00:00,99303.1938866707
2022-05-08 00:00:00+00:00,99304.56522473716
2022-05-08 04:00:00+00:00,99290.30330884612
2022-05-08 08:00:00+00:00,99300.17694292453
2022-05-08 12:00:00+00:00,99329.29502120204
2022-05-08 16:00:00+00:00,99326.23236618699
2022-05-08 20:00:00+00:00,99325.27242954048
2022-05-09 00:00:00+00:00,99304.79378108156
2022-05-09 04:00:00+00:00,99307.6735910211
2022-05-09 08:00:00+00:00,99288.20059047759
2022-05-09 12:00:00+00:00,99287.6516897437
2022-05-09 16:00:00+00:00,99287.6516897437
2022-05-09 20:00:00+00:00,99287.6516897437
2022-05-10 00:00:00+00:00,99287.6516897437
2022-05-10 04:00:00+00:00,99287.6516897437
2022-05-10 08:00:00+00:00,99287.6516897437
2022-05-10 12:00:00+00:00,99287.6516897437
2022-05-10 16:00:00+00:00,99287.6516897437
2022-05-10 20:00:00+00:00,99287.6516897437
2022-05-11 00:00:00+00:00,99287.6516897437
2022-05-11 04:00:00+00:00,99287.6516897437
2022-05-11 08:00:00+00:00,99287.6516897437
2022-05-11 12:00:00+00:00,99287.6516897437
2022-05-11 16:00:00+00:00,99287.6516897437
2022-05-11 20:00:00+00:00,99287.6516897437
2022-05-12 00:00:00+00:00,99287.6516897437
2022-05-12 04:00:00+00:00,99287.6516897437
2022-05-12 08:00:00+00:00,99287.6516897437
2022-05-12 12:00:00+00:00,99287.6516897437
2022-05-12 16:00:00+00:00,99287.6516897437
2022-05-12 20:00:00+00:00,99287.6516897437
2022-05-13 00:00:00+00:00,99287.6516897437
2022-05-13 04:00:00+00:00,99287.6516897437
2022-05-13 08:00:00+00:00,99287.6516897437
2022-05-13 12:00:00+00:00,99287.6516897437
2022-05-13 16:00:00+00:00,99287.6516897437
2022-05-13 20:00:00+00:00,99287.6516897437
2022-05-14 00:00:00+00:00,99287.6516897437
2022-05-14 04:00:00+00:00,99287.6516897437
2022-05-14 08:00:00+00:00,99287.6516897437
2022-05-14 12:00:00+00:00,99287.6516897437
2022-05-14 16:00:00+00:00,99287.6516897437
2022-05-14 20:00:00+00:00,99287.6516897437
2022-05-15 00:00:00+00:00,99287.6516897437
2022-05-15 04:00:00+00:00,99287.6516897437
2022-05-15 08:00:00+00:00,99287.6516897437
2022-05-15 12:00:00+00:00,99287.6516897437
2022-05-15 16:00:00+00:00,99287.6516897437
2022-05-15 20:00:00+00:00,99287.6516897437
2022-05-16 00:00:00+00:00,99287.6516897437
2022-05-16 04:00:00+00:00,99287.6516897437
2022-05-16 08:00:00+00:00,99287.6516897437
2022-05-16 12:00:00+00:00,99287.6516897437
2022-05-16 16:00:00+00:00,99287.6516897437
2022-05-16 20:00:00+00:00,99287.6516897437
2022-05-17 00:00:00+00:00,99287.6516897437
2022-05-17 04:00:00+00:00,99287.6516897437
2022-05-17 08:00:00+00:00,99287.6516897437
2022-05-17 12:00:00+00:00,99287.6516897437
2022-05-17 16:00:00+00:00,99287.6516897437
2022-05-17 20:00:00+00:00,99287.6516897437
2022-05-18 00:00:00+00:00,99287.6516897437
2022-05-18 04:00:00+00:00,99287.6516897437
2022-05-18 08:00:00+00:00,99287.6516897437
2022-05-18 12:00:00+00:00,99287.6516897437
2022-05-18 16:00:00+00:00,99287.6516897437
2022-05-18 20:00:00+00:00,99287.6516897437
2022-05-19 00:00:00+00:00,99287.6516897437
2022-05-19 04:00:00+00:00,99287.6516897437
2022-05-19 08:00:00+00:00,99287.6516897437
2022-05-19 12:00:00+00:00,99287.6516897437
2022-05-19 16:00:00+00:00,99287.6516897437
2022-05-19 20:00:00+00:00,99287.6516897437
2022-05-20 00:00:00+00:00,99287.6516897437
2022-05-20 04:00:00+00:00,99287.6516897437
2022-05-20 08:00:00+00:00,99287.6516897437
2022-05-20 12:00:00+00:00,99287.6516897437
2022-05-20 16:00:00+00:00,99287.6516897437
2022-05-20 20:00:00+00:00,99287.6516897437
2022-05-21 00:00:00+00:00,99287.6516897437
2022-05-21 04:00:00+00:00,99287.6516897437
2022-05-21 08:00:00+00:00,99287.6516897437
2022-05-21 12:00:00+00:00,99287.6516897437
2022-05-21 16:00:00+00:00,99287.6516897437
2022-05-21 20:00:00+00:00,99287.6516897437
2022-05-22 00:00:00+00:00,99287.6516897437
2022-05-22 04:00:00+00:00,99287.6516897437
2022-05-22 08:00:00+00:00,99287.6516897437
2022-05-22 12:00:00+00:00,99287.6516897437
2022-05-22 16:00:00+00:00,99287.6516897437
2022-05-22 20:00:00+00:00,99287.6516897437
2022-05-23 00:00:00+00:00,99279.98167661346
2022-05-23 04:00:00+00:00,99288.38881640823
2022-05-23 08:00:00+00:00,99295.59025367204
2022-05-23 12:00:00+00:00,99279.73788953385
2022-05-23 16:00:00+00:00,99268.26934187187
2022-05-23 20:00:00+00:00,99223.54739735452
2022-05-24 00:00:00+00:00,99254.3710388741
2022-05-24 04:00:00+00:00,99260.9974617222
2022-05-24 08:00:00+00:00,99272.0147711804
2022-05-24 12:00:00+00:00,99277.28407089945
2022-05-24 16:00:00+00:00,99277.73833099293
2022-05-24 20:00:00+00:00,99278.00369497121
2022-05-25 00:00:00+00:00,99308.53846062
2022-05-25 04:00:00+00:00,99290.95053268387
2022-05-25 08:00:00+00:00,99270.3618721396
2022-05-25 12:00:00+00:00,99303.47969107391
2022-05-25 16:00:00+00:00,99297.77254306241
2022-05-25 20:00:00+00:00,99305.7990453686
2022-05-26 00:00:00+00:00,99313.41130856371
2022-05-26 04:00:00+00:00,99274.3779295902
2022-05-26 08:00:00+00:00,99245.32700511809
2022-05-26 12:00:00+00:00,99264.28527960014
2022-05-26 16:00:00+00:00,99254.02916389673
2022-05-26 20:00:00+00:00,99254.88384020535
2022-05-27 00:00:00+00:00,99224.8229067831
2022-05-27 04:00:00+00:00,99224.8229067831
2022-05-27 08:00:00+00:00,99224.8229067831
2022-05-27 12:00:00+00:00,99224.8229067831
2022-05-27 16:00:00+00:00,99224.8229067831
2022-05-27 20:00:00+00:00,99224.8229067831
2022-05-28 00:00:00+00:00,99224.8229067831
2022-05-28 04:00:00+00:00,99224.8229067831
2022-05-28 08:00:00+00:00,99224.8229067831
2022-05-28 12:00:00+00:00,99224.8229067831
2022-05-28 16:00:00+00:00,99224.8229067831
2022-05-28 20:00:00+00:00,99224.8229067831
2022-05-29 00:00:00+00:00,99224.8229067831
2022-05-29 04:00:00+00:00,99224.8229067831
2022-05-29 08:00:00+00:00,99224.8229067831
2022-05-29 12:00:00+00:00,99224.8229067831
2022-05-29 16:00:00+00:00,99224.8229067831
2022-05-29 20:00:00+00:00,99224.8229067831
2022-05-30 00:00:00+00:00,99224.8229067831
2022-05-30 04:00:00+00:00,99224.8229067831
2022-05-30 08:00:00+00:00,99224.8229067831
2022-05-30 12:00:00+00:00,99224.8229067831
2022-05-30 16:00:00+00:00,99224.8229067831
2022-05-30 20:00:00+00:00,99224.8229067831
2022-05-31 00:00:00+00:00,99223.39281760783
2022-05-31 04:00:00+00:00,99219.45138877466
2022-05-31 08:00:00+00:00,99225.64506265537
2022-05-31 12:00:00+00:00,99242.25536988086
2022-05-31 16:00:00+00:00,99219.45138877466
2022-05-31 20:00:00+00:00,99223.11128697688
2022-06-01 00:00:00+00:00,99220.01445003656
2022-06-01 04:00:00+00:00,99220.01445003656
2022-06-01 08:00:00+00:00,99221.1405725603
2022-06-01 12:00:00+00:00,99203.12261218012
2022-06-01 16:00:00+00:00,99202.56916673768
2022-06-01 20:00:00+00:00,99202.56916673768
2022-06-02 00:00:00+00:00,99202.56916673768
2022-06-02 04:00:00+00:00,99202.56916673768
2022-06-02 08:00:00+00:00,99202.56916673768
2022-06-02 12:00:00+00:00,99202.56916673768
2022-06-02 16:00:00+00:00,99202.56916673768
2022-06-02 20:00:00+00:00,99202.56916673768
2022-06-03 00:00:00+00:00,99202.56916673768
2022-06-03 04:00:00+00:00,99202.56916673768
2022-06-03 08:00:00+00:00,99202.56916673768
2022-06-03 12:00:00+00:00,99202.56916673768
2022-06-03 16:00:00+00:00,99202.56916673768
2022-06-03 20:00:00+00:00,99202.56916673768
2022-06-04 00:00:00+00:00,99202.56916673768
2022-06-04 04:00:00+00:00,99202.56916673768
2022-06-04 08:00:00+00:00,99202.56916673768
2022-06-04 12:00:00+00:00,99202.56916673768
2022-06-04 16:00:00+00:00,99202.56916673768
2022-06-04 20:00:00+00:00,99202.56916673768
2022-06-05 00:00:00+00:00,99202.56916673768
2022-06-05 04:00:00+00:00,99202.56916673768
2022-06-05 08:00:00+00:00,99202.56916673768
2022-06-05 12:00:00+00:00,99202.56916673768
2022-06-05 16:00:00+00:00,99202.56916673768
2022-06-05 20:00:00+00:00,99202.56916673768
2022-06-06 00:00:00+00:00,99202.56916673768
2022-06-06 04:00:00+00:00,99202.56916673768
2022-06-06 08:00:00+00:00,99202.56916673768
2022-06-06 12:00:00+00:00,99202.56916673768
2022-06-06 16:00:00+00:00,99202.56916673768
2022-06-06 20:00:00+00:00,99202.56916673768
2022-06-07 00:00:00+00:00,99202.56916673768
2022-06-07 04:00:00+00:00,99202.56916673768
2022-06-07 08:00:00+00:00,99202.56916673768
2022-06-07 12:00:00+00:00,99202.56916673768
2022-06-07 16:00:00+00:00,99202.56916673768
2022-06-07 20:00:00+00:00,99216.10804070758
2022-06-08 00:00:00+00:00,99199.26387757932
2022-06-08 04:00:00+00:00,99203.36110644836
2022-06-08 08:00:00+00:00,99204.7268494047
2022-06-08 12:00:00+00:00,99209.73457357798
2022-06-08 16:00:00+00:00,99215.65279305547
2022-06-08 20:00:00+00:00,99215.19754540337
2022-06-09 00:00:00+00:00,99212.92130714278
2022-06-09 04:00:00+00:00,99220.20526957662
2022-06-09 08:00:00+00:00,99237.50468035701
2022-06-09 12:00:00+00:00,99249.341119312
2022-06-09 16:00:00+00:00,99235.22844209643
2022-06-09 20:00:00+00:00,99241.60190922605
2022-06-10 00:00:00+00:00,99246.6096333993
2022-06-10 04:00:00+00:00,99232.04170853163
2022-06-10 08:00:00+00:00,99223.39200314145
2022-06-10 12:00:00+00:00,99211.55556418643
2022-06-10 16:00:00+00:00,99197.44288697086
2022-06-10 20:00:00+00:00,99185.60644801585
2022-06-11 00:00:00+00:00,99185.05760235696
2022-06-11 04:00:00+00:00,99185.05760235696
2022-06-11 08:00:00+00:00,99185.05760235696
2022-06-11 12:00:00+00:00,99185.05760235696
2022-06-11 16:00:00+00:00,99185.05760235696
2022-06-11 20:00:00+00:00,99185.05760235696
2022-06-12 00:00:00+00:00,99185.05760235696
2022-06-12 04:00:00+00:00,99185.05760235696
2022-06-12 08:00:00+00:00,99185.05760235696
2022-06-12 12:00:00+00:00,99185.05760235696
2022-06-12 16:00:00+00:00,99185.05760235696
2022-06-12 20:00:00+00:00,99185.05760235696
2022-06-13 00:00:00+00:00,99185.05760235696
2022-06-13 04:00:00+00:00,99185.05760235696
2022-06-13 08:00:00+00:00,99185.05760235696
2022-06-13 12:00:00+00:00,99185.05760235696
2022-06-13 16:00:00+00:00,99185.05760235696
2022-06-13 20:00:00+00:00,99185.05760235696
2022-06-14 00:00:00+00:00,99185.05760235696
2022-06-14 04:00:00+00:00,99185.05760235696
2022-06-14 08:00:00+00:00,99185.05760235696
2022-06-14 12:00:00+00:00,99185.05760235696
2022-06-14 16:00:00+00:00,99185.05760235696
2022-06-14 20:00:00+00:00,99185.05760235696
2022-06-15 00:00:00+00:00,99185.05760235696
2022-06-15 04:00:00+00:00,99185.05760235696
2022-06-15 08:00:00+00:00,99185.05760235696
2022-06-15 12:00:00+00:00,99185.05760235696
2022-06-15 16:00:00+00:00,99185.05760235696
2022-06-15 20:00:00+00:00,99185.05760235696
2022-06-16 00:00:00+00:00,99185.05760235696
2022-06-16 04:00:00+00:00,99185.05760235696
2022-06-16 08:00:00+00:00,99185.05760235696
2022-06-16 12:00:00+00:00,99185.05760235696
2022-06-16 16:00:00+00:00,99185.05760235696
2022-06-16 20:00:00+00:00,99185.05760235696
2022-06-17 00:00:00+00:00,99185.05760235696
2022-06-17 04:00:00+00:00,99185.05760235696
2022-06-17 08:00:00+00:00,99185.05760235696
2022-06-17 12:00:00+00:00,99185.05760235696
2022-06-17 16:00:00+00:00,99185.05760235696
2022-06-17 20:00:00+00:00,99185.05760235696
2022-06-18 00:00:00+00:00,99185.05760235696
2022-06-18 04:00:00+00:00,99185.05760235696
2022-06-18 08:00:00+00:00,99185.05760235696
2022-06-18 12:00:00+00:00,99185.05760235696
2022-06-18 16:00:00+00:00,99185.05760235696
2022-06-18 20:00:00+00:00,99185.05760235696
2022-06-19 00:00:00+00:00,99185.05760235696
2022-06-19 04:00:00+00:00,99185.05760235696
2022-06-19 08:00:00+00:00,99185.05760235696
2022-06-19 12:00:00+00:00,99185.05760235696
2022-06-19 16:00:00+00:00,99185.05760235696
2022-06-19 20:00:00+00:00,99185.05760235696
2022-06-20 00:00:00+00:00,99185.05760235696
2022-06-20 04:00:00+00:00,99185.05760235696
2022-06-20 08:00:00+00:00,99185.05760235696
2022-06-20 12:00:00+00:00,99185.05760235696
2022-06-20 16:00:00+00:00,99185.05760235696
2022-06-20 20:00:00+00:00,99185.05760235696
2022-06-21 00:00:00+00:00,99185.05760235696
2022-06-21 04:00:00+00:00,99185.05760235696
2022-06-21 08:00:00+00:00,99185.05760235696
2022-06-21 12:00:00+00:00,99185.05760235696
2022-06-21 16:00:00+00:00,99185.05760235696
2022-06-21 20:00:00+00:00,99185.05760235696
2022-06-22 00:00:00+00:00,99185.05760235696
2022-06-22 04:00:00+00:00,99185.05760235696
2022-06-22 08:00:00+00:00,99185.05760235696
2022-06-22 12:00:00+00:00,99185.05760235696
2022-06-22 16:00:00+00:00,99185.05760235696
2022-06-22 20:00:00+00:00,99185.05760235696
2022-06-23 00:00:00+00:00,99185.05760235696
2022-06-23 04:00:00+00:00,99185.05760235696
2022-06-23 08:00:00+00:00,99185.05760235696
2022-06-23 12:00:00+00:00,99185.05760235696
2022-06-23 16:00:00+00:00,99196.64649784831
2022-06-23 20:00:00+00:00,99198.51761262071
2022-06-24 00:00:00+00:00,99207.40437970457
2022-06-24 04:00:00+00:00,99196.55440378147
2022-06-24 08:00:00+00:00,99196.92759841366
2022-06-24 12:00:00+00:00,99187.68985608216
2022-06-24 16:00:00+00:00,99207.32550158908
2022-06-24 20:00:00+00:00,99228.44821352826
2022-06-25 00:00:00+00:00,99254.58864439941
2022-06-25 04:00:00+00:00,99292.65624951081
2022-06-25 08:00:00+00:00,99263.40569127063
2022-06-25 12:00:00+00:00,99188.47345195895
2022-06-25 16:00:00+00:00,99287.45928270697
2022-06-25 20:00:00+00:00,99312.85484702986
2022-06-26 00:00:00+00:00,99292.9439978078
2022-06-26 04:00:00+00:00,99291.17304269005
2022-06-26 08:00:00+00:00,99341.55270095586
2022-06-26 12:00:00+00:00,99276.39526960975
2022-06-26 16:00:00+00:00,99229.91191304121
2022-06-26 20:00:00+00:00,99155.7572004593
2022-06-27 00:00:00+00:00,99199.51667864407
2022-06-27 04:00:00+00:00,99210.78415132189
2022-06-27 08:00:00+00:00,99203.54678310138
2022-06-27 12:00:00+00:00,99146.79491135872
2022-06-27 16:00:00+00:00,99124.03647611492
2022-06-27 20:00:00+00:00,99113.60686927273
2022-06-28 00:00:00+00:00,99102.86777690817
2022-06-28 04:00:00+00:00,99110.40147859861
2022-06-28 08:00:00+00:00,99113.96254586615
2022-06-28 12:00:00+00:00,99104.29216253464
2022-06-28 16:00:00+00:00,99099.6280787785
2022-06-28 20:00:00+00:00,99098.90805446605
2022-06-29 00:00:00+00:00,99098.90805446605
2022-06-29 04:00:00+00:00,99098.90805446605
2022-06-29 08:00:00+00:00,99098.90805446605
2022-06-29 12:00:00+00:00,99098.90805446605
2022-06-29 16:00:00+00:00,99098.90805446605
2022-06-29 20:00:00+00:00,99098.90805446605
2022-06-30 00:00:00+00:00,99098.90805446605
2022-06-30 04:00:00+00:00,99098.90805446605
2022-06-30 08:00:00+00:00,99098.90805446605
2022-06-30 12:00:00+00:00,99098.90805446605
2022-06-30 16:00:00+00:00,99098.90805446605
2022-06-30 20:00:00+00:00,99098.90805446605
2022-07-01 00:00:00+00:00,99098.90805446605
2022-07-01 04:00:00+00:00,99098.90805446605
2022-07-01 08:00:00+00:00,99098.90805446605
2022-07-01 12:00:00+00:00,99098.90805446605
2022-07-01 16:00:00+00:00,99098.90805446605
2022-07-01 20:00:00+00:00,99098.90805446605
2022-07-02 00:00:00+00:00,99098.90805446605
2022-07-02 04:00:00+00:00,99098.90805446605
2022-07-02 08:00:00+00:00,99098.90805446605
2022-07-02 12:00:00+00:00,99098.90805446605
2022-07-02 16:00:00+00:00,99098.90805446605
2022-07-02 20:00:00+00:00,99098.90805446605
2022-07-03 00:00:00+00:00,99098.90805446605
2022-07-03 04:00:00+00:00,99098.90805446605
2022-07-03 08:00:00+00:00,99098.90805446605
2022-07-03 12:00:00+00:00,99098.90805446605
2022-07-03 16:00:00+00:00,99098.90805446605
2022-07-03 20:00:00+00:00,99098.90805446605
2022-07-04 00:00:00+00:00,99098.90805446605
2022-07-04 04:00:00+00:00,99098.90805446605
2022-07-04 08:00:00+00:00,99098.90805446605
2022-07-04 12:00:00+00:00,99098.90805446605
2022-07-04 16:00:00+00:00,99098.90805446605
2022-07-04 20:00:00+00:00,99103.61723233433
2022-07-05 00:00:00+00:00,99111.01854958692
2022-07-05 04:00:00+00:00,99119.44350345124
2022-07-05 08:00:00+00:00,99100.11705553293
2022-07-05 12:00:00+00:00,99102.54642352852
2022-07-05 16:00:00+00:00,99143.20154069427
2022-07-05 20:00:00+00:00,99131.62461231768
2022-07-06 00:00:00+00:00,99136.87208491497
2022-07-06 04:00:00+00:00,99133.27511673392
2022-07-06 08:00:00+00:00,99127.40807977262
2022-07-06 12:00:00+00:00,99127.47183462718
2022-07-06 16:00:00+00:00,99129.99911632169
2022-07-06 20:00:00+00:00,99130.42672153415
2022-07-07 00:00:00+00:00,99123.90492745159
2022-07-07 04:00:00+00:00,99123.51143187546
2022-07-07 08:00:00+00:00,99135.9589213711
2022-07-07 12:00:00+00:00,99161.38447433911
2022-07-07 16:00:00+00:00,99237.22164426572
2022-07-07 20:00:00+00:00,99217.92524330228
2022-07-08 00:00:00+00:00,99257.56308525236
2022-07-08 04:00:00+00:00,99180.31776269438
2022-07-08 08:00:00+00:00,99125.79113926087
2022-07-08 12:00:00+00:00,99169.01072772229
2022-07-08 16:00:00+00:00,99174.59344933879
2022-07-08 20:00:00+00:00,99131.18374629066
2022-07-09 00:00:00+00:00,99185.28896859218
2022-07-09 04:00:00+00:00,99230.61651629946
2022-07-09 08:00:00+00:00,99188.6213813801
2022-07-09 12:00:00+00:00,99214.02499380734
2022-07-09 16:00:00+00:00,99234.06405703335
2022-07-09 20:00:00+00:00,99211.19900364555
2022-07-10 00:00:00+00:00,99100.06309718988
2022-07-10 04:00:00+00:00,99103.78954295954
2022-07-10 08:00:00+00:00,99075.71650938684
2022-07-10 12:00:00+00:00,99047.29596980619
2022-07-10 16:00:00+00:00,99070.68306575583
2022-07-10 20:00:00+00:00,99061.49527806132
2022-07-11 00:00:00+00:00,99058.15426435423
2022-07-11 04:00:00+00:00,99047.29596980619
2022-07-11 08:00:00+00:00,99053.14274379359
2022-07-11 12:00:00+00:00,99047.29596980619
2022-07-11 16:00:00+00:00,99026.41463413685
2022-07-11 20:00:00+00:00,99025.68570095403
2022-07-12 00:00:00+00:00,99025.68570095403
2022-07-12 04:00:00+00:00,99025.68570095403
2022-07-12 08:00:00+00:00,99025.68570095403
2022-07-12 12:00:00+00:00,99025.68570095403
2022-07-12 16:00:00+00:00,99025.68570095403
2022-07-12 20:00:00+00:00,99025.68570095403
2022-07-13 00:00:00+00:00,99025.68570095403
2022-07-13 04:00:00+00:00,99025.68570095403
2022-07-13 08:00:00+00:00,99025.68570095403
2022-07-13 12:00:00+00:00,99025.68570095403
2022-07-13 16:00:00+00:00,99025.68570095403
2022-07-13 20:00:00+00:00,99025.68570095403
2022-07-14 00:00:00+00:00,99025.68570095403
2022-07-14 04:00:00+00:00,99025.68570095403
2022-07-14 08:00:00+00:00,99025.68570095403
2022-07-14 12:00:00+00:00,99025.68570095403
2022-07-14 16:00:00+00:00,99025.68570095403
2022-07-14 20:00:00+00:00,99025.68570095403
2022-07-15 00:00:00+00:00,99025.68570095403
2022-07-15 04:00:00+00:00,99025.68570095403
2022-07-15 08:00:00+00:00,99025.68570095403
2022-07-15 12:00:00+00:00,99025.68570095403
2022-07-15 16:00:00+00:00,99025.68570095403
2022-07-15 20:00:00+00:00,99015.12234220374
2022-07-16 00:00:00+00:00,99011.32779710408
2022-07-16 04:00:00+00:00,99002.50201237953
2022-07-16 08:00:00+00:00,99006.38664977148
2022-07-16 12:00:00+00:00,99021.23712792312
2022-07-16 16:00:00+00:00,99042.4166736544
2022-07-16 20:00:00+00:00,99067.69536880194
2022-07-17 00:00:00+00:00,99064.93973128393
2022-07-17 04:00:00+00:00,99084.17122584947
2022-07-17 08:00:00+00:00,99078.8160907574
2022-07-17 12:00:00+00:00,99034.81767192567
2022-07-17 16:00:00+00:00,99022.64421105785
2022-07-17 20:00:00+00:00,98981.9717748647
2022-07-18 00:00:00+00:00,99100.48652263918
2022-07-18 04:00:00+00:00,99225.93271062023
2022-07-18 08:00:00+00:00,99262.67359905822
2022-07-18 12:00:00+00:00,99379.68227159337
2022-07-18 16:00:00+00:00,99148.0061490439
2022-07-18 20:00:00+00:00,99342.36631145017
2022-07-19 00:00:00+00:00,99281.952952113
2022-07-19 04:00:00+00:00,99272.50852788992
2022-07-19 08:00:00+00:00,99379.94433566228
2022-07-19 12:00:00+00:00,99461.69730225134
2022-07-19 16:00:00+00:00,99525.24615775963
2022-07-19 20:00:00+00:00,99514.54752572783
2022-07-20 00:00:00+00:00,99575.38469422692
2022-07-20 04:00:00+00:00,99505.24683658451
2022-07-20 08:00:00+00:00,99496.80395838966
2022-07-20 12:00:00+00:00,99536.14793123586
2022-07-20 16:00:00+00:00,99332.1080890113
2022-07-20 20:00:00+00:00,99165.62050963541
2022-07-21 00:00:00+00:00,99086.39044782572
2022-07-21 04:00:00+00:00,99123.4918718739
2022-07-21 08:00:00+00:00,99128.1621540269
2022-07-21 12:00:00+00:00,99177.2338645531
2022-07-21 16:00:00+00:00,99226.05433153074
2022-07-21 20:00:00+00:00,99211.4959784092
2022-07-22 00:00:00+00:00,99219.5436068402
2022-07-22 04:00:00+00:00,99226.3554157516
2022-07-22 08:00:00+00:00,99256.10349054627
2022-07-22 12:00:00+00:00,99188.87240928103
2022-07-22 16:00:00+00:00,99156.0977398351
2022-07-22 20:00:00+00:00,99162.98122533788
2022-07-23 00:00:00+00:00,99188.7600144591
2022-07-23 04:00:00+00:00,99198.96642689631
2022-07-23 08:00:00+00:00,99120.5713404221
2022-07-23 12:00:00+00:00,99119.15539171954
2022-07-23 16:00:00+00:00,99119.15539171954
2022-07-23 20:00:00+00:00,99119.15539171954
2022-07-24 00:00:00+00:00,99119.15539171954
2022-07-24 04:00:00+00:00,99119.15539171954
2022-07-24 08:00:00+00:00,99119.15539171954
2022-07-24 12:00:00+00:00,99119.15539171954
2022-07-24 16:00:00+00:00,99119.15539171954
2022-07-24 20:00:00+00:00,99119.15539171954
2022-07-25 00:00:00+00:00,99119.15539171954
2022-07-25 04:00:00+00:00,99119.15539171954
2022-07-25 08:00:00+00:00,99119.15539171954
2022-07-25 12:00:00+00:00,99119.15539171954
2022-07-25 16:00:00+00:00,99119.15539171954
2022-07-25 20:00:00+00:00,99119.15539171954
2022-07-26 00:00:00+00:00,99119.15539171954
2022-07-26 04:00:00+00:00,99119.15539171954
2022-07-26 08:00:00+00:00,99119.15539171954
2022-07-26 12:00:00+00:00,99119.15539171954
2022-07-26 16:00:00+00:00,99119.15539171954
2022-07-26 20:00:00+00:00,99119.15539171954
2022-07-27 00:00:00+00:00,99119.15539171954
2022-07-27 04:00:00+00:00,99119.15539171954
2022-07-27 08:00:00+00:00,99119.15539171954
2022-07-27 12:00:00+00:00,99119.15539171954
2022-07-27 16:00:00+00:00,99119.15539171954
2022-07-27 20:00:00+00:00,99119.15539171954
2022-07-28 00:00:00+00:00,99119.15539171954
2022-07-28 04:00:00+00:00,99119.15539171954
2022-07-28 08:00:00+00:00,99119.15539171954
2022-07-28 12:00:00+00:00,99119.15539171954
2022-07-28 16:00:00+00:00,99119.15539171954
2022-07-28 20:00:00+00:00,99119.15539171954
2022-07-29 00:00:00+00:00,99119.15539171954
2022-07-29 04:00:00+00:00,99110.63829128086
2022-07-29 08:00:00+00:00,99106.9603987965
2022-07-29 12:00:00+00:00,99112.37507384292
2022-07-29 16:00:00+00:00,99114.88018725053
2022-07-29 20:00:00+00:00,99114.11849427698
2022-07-30 00:00:00+00:00,99107.08951299073
2022-07-30 04:00:00+00:00,99148.81238884055
2022-07-30 08:00:00+00:00,99171.37361307842
2022-07-30 12:00:00+00:00,99237.11335904786
2022-07-30 16:00:00+00:00,99231.14674178694
2022-07-30 20:00:00+00:00,99151.14614035684
2022-07-31 00:00:00+00:00,99187.37133182377
2022-07-31 04:00:00+00:00,99185.71820351506
2022-07-31 08:00:00+00:00,99200.22684515452
2022-07-31 12:00:00+00:00,99291.49116055226
2022-07-31 16:00:00+00:00,99319.66878700526
2022-07-31 20:00:00+00:00,99201.80478893421
2022-08-01 00:00:00+00:00,99315.51289475404
2022-08-01 04:00:00+00:00,99232.31768028051
2022-08-01 08:00:00+00:00,99174.21241231996
2022-08-01 12:00:00+00:00,99150.6993052522
2022-08-01 16:00:00+00:00,99103.21170822503
2022-08-01 20:00:00+00:00,99119.93039786986
2022-08-02 00:00:00+00:00,99045.50016329742
2022-08-02 04:00:00+00:00,99045.50016329742
2022-08-02 08:00:00+00:00,99045.50016329742
2022-08-02 12:00:00+00:00,99045.50016329742
2022-08-02 16:00:00+00:00,99045.50016329742
2022-08-02 20:00:00+00:00,99045.50016329742
2022-08-03 00:00:00+00:00,99045.50016329742
2022-08-03 04:00:00+00:00,99045.50016329742
2022-08-03 08:00:00+00:00,99045.50016329742
2022-08-03 12:00:00+00:00,99045.50016329742
2022-08-03 16:00:00+00:00,99045.50016329742
2022-08-03 20:00:00+00:00,99045.50016329742
2022-08-04 00:00:00+00:00,99045.50016329742
2022-08-04 04:00:00+00:00,99045.50016329742
2022-08-04 08:00:00+00:00,99045.50016329742
2022-08-04 12:00:00+00:00,99045.50016329742
2022-08-04 16:00:00+00:00,99045.50016329742
2022-08-04 20:00:00+00:00,99045.50016329742
2022-08-05 00:00:00+00:00,99045.50016329742
2022-08-05 04:00:00+00:00,99045.50016329742
2022-08-05 08:00:00+00:00,99045.50016329742
2022-08-05 12:00:00+00:00,99054.34118937473
2022-08-05 16:00:00+00:00,99048.28557893718
2022-08-05 20:00:00+00:00,99058.01975839214
2022-08-06 00:00:00+00:00,99038.44068213011
2022-08-06 04:00:00+00:00,99038.96703142529
2022-08-06 08:00:00+00:00,99028.11118954135
2022-08-06 12:00:00+00:00,99030.5811568254
2022-08-06 16:00:00+00:00,99026.13587523626
2022-08-06 20:00:00+00:00,99019.22456068965
2022-08-07 00:00:00+00:00,99026.09791557204
2022-08-07 04:00:00+00:00,99040.70323975726
2022-08-07 08:00:00+00:00,99044.79471828186
2022-08-07 12:00:00+00:00,99059.5351143255
2022-08-07 16:00:00+00:00,99060.5315329995
2022-08-07 20:00:00+00:00,99060.03387765745
2022-08-08 00:00:00+00:00,99090.05087920961
2022-08-08 04:00:00+00:00,99110.04921668237
2022-08-08 08:00:00+00:00,99205.3002307304
2022-08-08 12:00:00+00:00,99173.17338887998
2022-08-08 16:00:00+00:00,99154.07502534545
2022-08-08 20:00:00+00:00,99166.34296077015
2022-08-09 00:00:00+00:00,99177.1900664801
2022-08-09 04:00:00+00:00,99158.84723272479
2022-08-09 08:00:00+00:00,99072.11989134683
2022-08-09 12:00:00+00:00,99050.34708602053
2022-08-09 16:00:00+00:00,99072.66390313469
2022-08-09 20:00:00+00:00,99098.48856424126
2022-08-10 00:00:00+00:00,99000.43111110813
2022-08-10 04:00:00+00:00,99007.65841226157
2022-08-10 08:00:00+00:00,99002.42574101812
2022-08-10 12:00:00+00:00,99103.90117839907
2022-08-10 16:00:00+00:00,99095.15296116388
2022-08-10 20:00:00+00:00,99096.00293899245
2022-08-11 00:00:00+00:00,99094.22282299201
2022-08-11 04:00:00+00:00,99081.28261612337
2022-08-11 08:00:00+00:00,99093.4223089731
2022-08-11 12:00:00+00:00,99069.9873320828
2022-08-11 16:00:00+00:00,99095.66924846025
2022-08-11 20:00:00+00:00,99076.92966368202
2022-08-12 00:00:00+00:00,99087.09074317147
2022-08-12 04:00:00+00:00,99092.49948659961
2022-08-12 08:00:00+00:00,99082.19271802032
2022-08-12 12:00:00+00:00,99114.33503313345
2022-08-12 16:00:00+00:00,99106.22000687104
2022-08-12 20:00:00+00:00,99121.21771844434
2022-08-13 00:00:00+00:00,99125.10305618009
2022-08-13 04:00:00+00:00,99109.60703336753
2022-08-13 08:00:00+00:00,99102.99203206223
2022-08-13 12:00:00+00:00,99104.6603356256
2022-08-13 16:00:00+00:00,99099.78839354879
2022-08-13 20:00:00+00:00,99100.90335304388
2022-08-14 00:00:00+00:00,99101.72629223796
2022-08-14 04:00:00+00:00,99116.96290240342
2022-08-14 08:00:00+00:00,99090.99310140424
2022-08-14 12:00:00+00:00,99077.6279056213
2022-08-14 16:00:00+00:00,99038.77198087455
2022-08-14 20:00:00+00:00,99038.77198087455
2022-08-15 00:00:00+00:00,99038.77198087455
2022-08-15 04:00:00+00:00,99038.77198087455
2022-08-15 08:00:00+00:00,99038.77198087455
2022-08-15 12:00:00+00:00,99038.77198087455
2022-08-15 16:00:00+00:00,99038.77198087455
2022-08-15 20:00:00+00:00,99038.77198087455
2022-08-16 00:00:00+00:00,99038.77198087455
2022-08-16 04:00:00+00:00,99038.77198087455
2022-08-16 08:00:00+00:00,99038.77198087455
2022-08-16 12:00:00+00:00,99038.77198087455
2022-08-16 16:00:00+00:00,99038.77198087455
2022-08-16 20:00:00+00:00,99038.77198087455
2022-08-17 00:00:00+00:00,99038.77198087455
2022-08-17 04:00:00+00:00,99038.77198087455
2022-08-17 08:00:00+00:00,99038.77198087455
2022-08-17 12:00:00+00:00,99038.77198087455
2022-08-17 16:00:00+00:00,99038.77198087455
2022-08-17 20:00:00+00:00,99038.77198087455
2022-08-18 00:00:00+00:00,99038.77198087455
2022-08-18 04:00:00+00:00,99038.77198087455
2022-08-18 08:00:00+00:00,99038.77198087455
2022-08-18 12:00:00+00:00,99038.77198087455
2022-08-18 16:00:00+00:00,99038.77198087455
2022-08-18 20:00:00+00:00,99038.77198087455
2022-08-19 00:00:00+00:00,99038.77198087455
2022-08-19 04:00:00+00:00,99038.77198087455
2022-08-19 08:00:00+00:00,99038.77198087455
2022-08-19 12:00:00+00:00,99038.77198087455
2022-08-19 16:00:00+00:00,99038.77198087455
2022-08-19 20:00:00+00:00,99038.77198087455
2022-08-20 00:00:00+00:00,99038.77198087455
2022-08-20 04:00:00+00:00,99038.77198087455
2022-08-20 08:00:00+00:00,99038.77198087455
2022-08-20 12:00:00+00:00,99038.77198087455
2022-08-20 16:00:00+00:00,99038.77198087455
2022-08-20 20:00:00+00:00,99038.77198087455
2022-08-21 00:00:00+00:00,99038.77198087455
2022-08-21 04:00:00+00:00,99038.77198087455
2022-08-21 08:00:00+00:00,99038.77198087455
2022-08-21 12:00:00+00:00,99038.77198087455
2022-08-21 16:00:00+00:00,99038.77198087455
2022-08-21 20:00:00+00:00,99038.77198087455
2022-08-22 00:00:00+00:00,99038.77198087455
2022-08-22 04:00:00+00:00,99038.77198087455
2022-08-22 08:00:00+00:00,99038.77198087455
2022-08-22 12:00:00+00:00,99038.77198087455
2022-08-22 16:00:00+00:00,99038.77198087455
2022-08-22 20:00:00+00:00,99038.77198087455
2022-08-23 00:00:00+00:00,99038.77198087455
2022-08-23 04:00:00+00:00,99038.77198087455
2022-08-23 08:00:00+00:00,99038.77198087455
2022-08-23 12:00:00+00:00,99038.77198087455
2022-08-23 16:00:00+00:00,99038.77198087455
2022-08-23 20:00:00+00:00,99038.77198087455
2022-08-24 00:00:00+00:00,99038.77198087455
2022-08-24 04:00:00+00:00,99038.77198087455
2022-08-24 08:00:00+00:00,99038.77198087455
2022-08-24 12:00:00+00:00,99038.77198087455
2022-08-24 16:00:00+00:00,99030.98247450108
2022-08-24 20:00:00+00:00,99023.94910688922
2022-08-25 00:00:00+00:00,99018.10192982982
2022-08-25 04:00:00+00:00,99035.1137272558
2022-08-25 08:00:00+00:00,99030.58517844872
2022-08-25 12:00:00+00:00,99023.84695775196
2022-08-25 16:00:00+00:00,99033.69942609327
2022-08-25 20:00:00+00:00,99019.69235158023
2022-08-26 00:00:00+00:00,99020.7405430313
2022-08-26 04:00:00+00:00,98999.35449501516
2022-08-26 08:00:00+00:00,98991.987762538
2022-08-26 12:00:00+00:00,98991.40850598355
2022-08-26 16:00:00+00:00,98991.40850598355
2022-08-26 20:00:00+00:00,98991.40850598355
2022-08-27 00:00:00+00:00,98991.40850598355
2022-08-27 04:00:00+00:00,98991.40850598355
2022-08-27 08:00:00+00:00,98991.40850598355
2022-08-27 12:00:00+00:00,98991.40850598355
2022-08-27 16:00:00+00:00,98991.40850598355
2022-08-27 20:00:00+00:00,98991.40850598355
2022-08-28 00:00:00+00:00,98991.40850598355
2022-08-28 04:00:00+00:00,98991.40850598355
2022-08-28 08:00:00+00:00,98991.40850598355
2022-08-28 12:00:00+00:00,98991.40850598355
2022-08-28 16:00:00+00:00,98991.40850598355
2022-08-28 20:00:00+00:00,98991.40850598355
2022-08-29 00:00:00+00:00,98991.40850598355
2022-08-29 04:00:00+00:00,98991.40850598355
2022-08-29 08:00:00+00:00,98991.40850598355
2022-08-29 12:00:00+00:00,98991.40850598355
2022-08-29 16:00:00+00:00,98991.40850598355
2022-08-29 20:00:00+00:00,98991.40850598355
2022-08-30 00:00:00+00:00,98991.40850598355
2022-08-30 04:00:00+00:00,98991.40850598355
2022-08-30 08:00:00+00:00,98991.40850598355
2022-08-30 12:00:00+00:00,98991.40850598355
2022-08-30 16:00:00+00:00,98991.40850598355
2022-08-30 20:00:00+00:00,98991.40850598355
2022-08-31 00:00:00+00:00,98991.40850598355
2022-08-31 04:00:00+00:00,98991.40850598355
2022-08-31 08:00:00+00:00,98991.40850598355
2022-08-31 12:00:00+00:00,98991.40850598355
2022-08-31 16:00:00+00:00,98991.40850598355
2022-08-31 20:00:00+00:00,98991.40850598355
2022-09-01 00:00:00+00:00,98991.40850598355
2022-09-01 04:00:00+00:00,98991.40850598355
2022-09-01 08:00:00+00:00,98991.40850598355
2022-09-01 12:00:00+00:00,98991.40850598355
2022-09-01 16:00:00+00:00,98991.40850598355
2022-09-01 20:00:00+00:00,98991.40850598355
2022-09-02 00:00:00+00:00,98985.24434395602
2022-09-02 04:00:00+00:00,98985.26714482885
2022-09-02 08:00:00+00:00,98987.598534077
2022-09-02 12:00:00+00:00,98997.31170590794
2022-09-02 16:00:00+00:00,98983.81358918514
2022-09-02 20:00:00+00:00,98987.57858331325
2022-09-03 00:00:00+00:00,98985.13888991911
2022-09-03 04:00:00+00:00,98977.26688857023
2022-09-03 08:00:00+00:00,98976.7709695859
2022-09-03 12:00:00+00:00,98979.08240807032
2022-09-03 16:00:00+00:00,98987.10546520178
2022-09-03 20:00:00+00:00,98988.59322215476
2022-09-04 00:00:00+00:00,98984.84817879037
2022-09-04 04:00:00+00:00,98975.11467496053
2022-09-04 08:00:00+00:00,98990.41302013268
2022-09-04 12:00:00+00:00,98982.26980494962
2022-09-04 16:00:00+00:00,98980.78536793965
2022-09-04 20:00:00+00:00,98994.81433410436
2022-09-05 00:00:00+00:00,98984.41358793648
2022-09-05 04:00:00+00:00,98960.9765376619
2022-09-05 08:00:00+00:00,98954.13185924443
2022-09-05 12:00:00+00:00,98955.22060092266
2022-09-05 16:00:00+00:00,98945.77450684192
2022-09-05 20:00:00+00:00,98957.0427313231
2022-09-06 00:00:00+00:00,98945.72125998103
2022-09-06 04:00:00+00:00,98949.22112672598
2022-09-06 08:00:00+00:00,98946.95626243575
2022-09-06 12:00:00+00:00,98936.40896467648
2022-09-06 16:00:00+00:00,98909.04985598494
2022-09-06 20:00:00+00:00,98909.04985598494
2022-09-07 00:00:00+00:00,98909.04985598494
2022-09-07 04:00:00+00:00,98909.04985598494
2022-09-07 08:00:00+00:00,98909.04985598494
2022-09-07 12:00:00+00:00,98909.04985598494
2022-09-07 16:00:00+00:00,98909.04985598494
2022-09-07 20:00:00+00:00,98909.04985598494
2022-09-08 00:00:00+00:00,98909.04985598494
2022-09-08 04:00:00+00:00,98909.04985598494
2022-09-08 08:00:00+00:00,98909.04985598494
2022-09-08 12:00:00+00:00,98909.04985598494
2022-09-08 16:00:00+00:00,98909.04985598494
2022-09-08 20:00:00+00:00,98909.04985598494
2022-09-09 00:00:00+00:00,98909.04985598494
2022-09-09 04:00:00+00:00,98909.04985598494
2022-09-09 08:00:00+00:00,98916.4571864913
2022-09-09 12:00:00+00:00,98908.41004917845
2022-09-09 16:00:00+00:00,98900.37884416117
2022-09-09 20:00:00+00:00,98905.50759189713
2022-09-10 00:00:00+00:00,98906.99336791472
2022-09-10 04:00:00+00:00,98894.94580979254
2022-09-10 08:00:00+00:00,98910.44395338373
2022-09-10 12:00:00+00:00,98891.81516958146
2022-09-10 16:00:00+00:00,98914.5530031928
2022-09-10 20:00:00+00:00,98917.97042573949
2022-09-11 00:00:00+00:00,98907.22787091594
2022-09-11 04:00:00+00:00,98898.19345543633
2022-09-11 08:00:00+00:00,98903.67688777791
2022-09-11 12:00:00+00:00,98884.53858771372
2022-09-11 16:00:00+00:00,98888.64103813707
2022-09-11 20:00:00+00:00,98884.23456915088
2022-09-12 00:00:00+00:00,98851.15651906194
2022-09-12 04:00:00+00:00,98886.15939479496
2022-09-12 08:00:00+00:00,98892.2529983884
2022-09-12 12:00:00+00:00,98809.70382973204
2022-09-12 16:00:00+00:00,98804.62732733447
2022-09-12 20:00:00+00:00,98812.30832074149
2022-09-13 00:00:00+00:00,98790.30499161781
2022-09-13 04:00:00+00:00,98791.83030199833
2022-09-13 08:00:00+00:00,98789.03820842045
2022-09-13 12:00:00+00:00,98770.19581842612
2022-09-13 16:00:00+00:00,98770.19581842612
2022-09-13 20:00:00+00:00,98770.19581842612
2022-09-14 00:00:00+00:00,98770.19581842612
2022-09-14 04:00:00+00:00,98770.19581842612
2022-09-14 08:00:00+00:00,98770.19581842612
2022-09-14 12:00:00+00:00,98770.19581842612
2022-09-14 16:00:00+00:00,98770.19581842612
2022-09-14 20:00:00+00:00,98770.19581842612
2022-09-15 00:00:00+00:00,98770.19581842612
2022-09-15 04:00:00+00:00,98770.19581842612
2022-09-15 08:00:00+00:00,98770.19581842612
2022-09-15 12:00:00+00:00,98770.19581842612
2022-09-15 16:00:00+00:00,98770.19581842612
2022-09-15 20:00:00+00:00,98770.19581842612
2022-09-16 00:00:00+00:00,98770.19581842612
2022-09-16 04:00:00+00:00,98770.19581842612
2022-09-16 08:00:00+00:00,98770.19581842612
2022-09-16 12:00:00+00:00,98770.19581842612
2022-09-16 16:00:00+00:00,98770.19581842612
2022-09-16 20:00:00+00:00,98770.19581842612
2022-09-17 00:00:00+00:00,98770.19581842612
2022-09-17 04:00:00+00:00,98770.19581842612
2022-09-17 08:00:00+00:00,98770.19581842612
2022-09-17 12:00:00+00:00,98770.19581842612
2022-09-17 16:00:00+00:00,98770.19581842612
2022-09-17 20:00:00+00:00,98770.19581842612
2022-09-18 00:00:00+00:00,98770.19581842612
2022-09-18 04:00:00+00:00,98770.19581842612
2022-09-18 08:00:00+00:00,98770.19581842612
2022-09-18 12:00:00+00:00,98770.19581842612
2022-09-18 16:00:00+00:00,98770.19581842612
2022-09-18 20:00:00+00:00,98770.19581842612
2022-09-19 00:00:00+00:00,98770.19581842612
2022-09-19 04:00:00+00:00,98770.19581842612
2022-09-19 08:00:00+00:00,98770.19581842612
2022-09-19 12:00:00+00:00,98770.19581842612
2022-09-19 16:00:00+00:00,98770.19581842612
2022-09-19 20:00:00+00:00,98770.19581842612
2022-09-20 00:00:00+00:00,98770.19581842612
2022-09-20 04:00:00+00:00,98770.19581842612
2022-09-20 08:00:00+00:00,98770.19581842612
2022-09-20 12:00:00+00:00,98770.19581842612
2022-09-20 16:00:00+00:00,98770.19581842612
2022-09-20 20:00:00+00:00,98770.19581842612
2022-09-21 00:00:00+00:00,98770.19581842612
2022-09-21 04:00:00+00:00,98770.19581842612
2022-09-21 08:00:00+00:00,98770.19581842612
2022-09-21 12:00:00+00:00,98770.19581842612
2022-09-21 16:00:00+00:00,98770.19581842612
2022-09-21 20:00:00+00:00,98770.19581842612
2022-09-22 00:00:00+00:00,98770.19581842612
2022-09-22 04:00:00+00:00,98770.19581842612
2022-09-22 08:00:00+00:00,98789.49003480241
2022-09-22 12:00:00+00:00,98780.89855697645
2022-09-22 16:00:00+00:00,98782.2028054175
2022-09-22 20:00:00+00:00,98786.59170493341
2022-09-23 00:00:00+00:00,98817.334703901
2022-09-23 04:00:00+00:00,98801.3317825529
2022-09-23 08:00:00+00:00,98786.0016877815
2022-09-23 12:00:00+00:00,98794.66562385419
2022-09-23 16:00:00+00:00,98794.53105853885
2022-09-23 20:00:00+00:00,98817.44856686014
2022-09-24 00:00:00+00:00,98807.4803823464
2022-09-24 04:00:00+00:00,98799.84301966088
2022-09-24 08:00:00+00:00,98797.10190869911
2022-09-24 12:00:00+00:00,98791.57958943873
2022-09-24 16:00:00+00:00,98800.61399021327
2022-09-24 20:00:00+00:00,98789.69137620612
2022-09-25 00:00:00+00:00,98794.74933468347
2022-09-25 04:00:00+00:00,98812.03763700246
2022-09-25 08:00:00+00:00,98800.99754535951
2022-09-25 12:00:00+00:00,98794.21967286551
2022-09-25 16:00:00+00:00,98792.52515055804
2022-09-25 20:00:00+00:00,98790.9940663672
2022-09-26 00:00:00+00:00,98772.08608451614
2022-09-26 04:00:00+00:00,98757.96933267527
2022-09-26 08:00:00+00:00,98757.96933267527
2022-09-26 12:00:00+00:00,98757.96933267527
2022-09-26 16:00:00+00:00,98757.96933267527
2022-09-26 20:00:00+00:00,98757.96933267527
2022-09-27 00:00:00+00:00,98757.96933267527
2022-09-27 04:00:00+00:00,98759.497595365
2022-09-27 08:00:00+00:00,98759.497595365
2022-09-27 12:00:00+00:00,98753.43107044026
2022-09-27 16:00:00+00:00,98734.67999340015
2022-09-27 20:00:00+00:00,98750.12205684495
2022-09-28 00:00:00+00:00,98750.67355911083
2022-09-28 04:00:00+00:00,98745.15853645197
2022-09-28 08:00:00+00:00,98752.32806590848
2022-09-28 12:00:00+00:00,98758.39459083322
2022-09-28 16:00:00+00:00,98741.29802059078
2022-09-28 20:00:00+00:00,98735.78299793192
2022-09-29 00:00:00+00:00,98734.12849113427
2022-09-29 04:00:00+00:00,98733.485929502
2022-09-29 08:00:00+00:00,98733.485929502
2022-09-29 12:00:00+00:00,98733.485929502
2022-09-29 16:00:00+00:00,98733.485929502
2022-09-29 20:00:00+00:00,98733.485929502
2022-09-30 00:00:00+00:00,98733.485929502
2022-09-30 04:00:00+00:00,98733.485929502
2022-09-30 08:00:00+00:00,98733.485929502
2022-09-30 12:00:00+00:00,98733.485929502
2022-09-30 16:00:00+00:00,98733.485929502
2022-09-30 20:00:00+00:00,98733.485929502
2022-10-01 00:00:00+00:00,98733.485929502
2022-10-01 04:00:00+00:00,98733.485929502
2022-10-01 08:00:00+00:00,98733.485929502
2022-10-01 12:00:00+00:00,98733.485929502
2022-10-01 16:00:00+00:00,98727.95140956598
2022-10-01 20:00:00+00:00,98732.20055850226
2022-10-02 00:00:00+00:00,98726.72387765106
2022-10-02 04:00:00+00:00,98731.30351594904
2022-10-02 08:00:00+00:00,98726.62945211914
2022-10-02 12:00:00+00:00,98731.96449467246
2022-10-02 16:00:00+00:00,98729.03730318304
2022-10-02 20:00:00+00:00,98717.94230318279
2022-10-03 00:00:00+00:00,98721.48326062968
2022-10-03 04:00:00+00:00,98695.94434969328
2022-10-03 08:00:00+00:00,98695.94434969328
2022-10-03 12:00:00+00:00,98695.94434969328
2022-10-03 16:00:00+00:00,98695.94434969328
2022-10-03 20:00:00+00:00,98695.94434969328
2022-10-04 00:00:00+00:00,98695.94434969328
2022-10-04 04:00:00+00:00,98695.94434969328
2022-10-04 08:00:00+00:00,98695.94434969328
2022-10-04 12:00:00+00:00,98695.94434969328
2022-10-04 16:00:00+00:00,98695.94434969328
2022-10-04 20:00:00+00:00,98695.94434969328
2022-10-05 00:00:00+00:00,98695.94434969328
2022-10-05 04:00:00+00:00,98695.94434969328
2022-10-05 08:00:00+00:00,98695.94434969328
2022-10-05 12:00:00+00:00,98695.94434969328
2022-10-05 16:00:00+00:00,98695.94434969328
2022-10-05 20:00:00+00:00,98695.94434969328
2022-10-06 00:00:00+00:00,98695.94434969328
2022-10-06 04:00:00+00:00,98694.9654132956
2022-10-06 08:00:00+00:00,98693.08256539897
2022-10-06 12:00:00+00:00,98691.19971750233
2022-10-06 16:00:00+00:00,98694.02398934729
2022-10-06 20:00:00+00:00,98689.3168696057
2022-10-07 00:00:00+00:00,98703.43822883046
2022-10-07 04:00:00+00:00,98693.08256539897
2022-10-07 08:00:00+00:00,98693.08256539897
2022-10-07 12:00:00+00:00,98693.08256539897
2022-10-07 16:00:00+00:00,98677.07835827756
2022-10-07 20:00:00+00:00,98676.12689592568
2022-10-08 00:00:00+00:00,98676.12689592568
2022-10-08 04:00:00+00:00,98676.12689592568
2022-10-08 08:00:00+00:00,98676.12689592568
2022-10-08 12:00:00+00:00,98676.12689592568
2022-10-08 16:00:00+00:00,98676.12689592568
2022-10-08 20:00:00+00:00,98676.12689592568
2022-10-09 00:00:00+00:00,98676.12689592568
2022-10-09 04:00:00+00:00,98676.12689592568
2022-10-09 08:00:00+00:00,98676.12689592568
2022-10-09 12:00:00+00:00,98676.12689592568
2022-10-09 16:00:00+00:00,98676.12689592568
2022-10-09 20:00:00+00:00,98676.12689592568
2022-10-10 00:00:00+00:00,98676.12689592568
2022-10-10 04:00:00+00:00,98676.12689592568
2022-10-10 08:00:00+00:00,98676.12689592568
2022-10-10 12:00:00+00:00,98676.12689592568
2022-10-10 16:00:00+00:00,98676.12689592568
2022-10-10 20:00:00+00:00,98676.12689592568
2022-10-11 00:00:00+00:00,98676.12689592568
2022-10-11 04:00:00+00:00,98676.12689592568
2022-10-11 08:00:00+00:00,98676.12689592568
2022-10-11 12:00:00+00:00,98676.12689592568
2022-10-11 16:00:00+00:00,98676.12689592568
2022-10-11 20:00:00+00:00,98676.12689592568
2022-10-12 00:00:00+00:00,98676.12689592568
2022-10-12 04:00:00+00:00,98676.12689592568
2022-10-12 08:00:00+00:00,98676.12689592568
2022-10-12 12:00:00+00:00,98676.12689592568
2022-10-12 16:00:00+00:00,98676.12689592568
2022-10-12 20:00:00+00:00,98676.12689592568
2022-10-13 00:00:00+00:00,98676.12689592568
2022-10-13 04:00:00+00:00,98676.12689592568
2022-10-13 08:00:00+00:00,98676.12689592568
2022-10-13 12:00:00+00:00,98676.12689592568
2022-10-13 16:00:00+00:00,98676.12689592568
2022-10-13 20:00:00+00:00,98676.12689592568
2022-10-14 00:00:00+00:00,98676.12689592568
2022-10-14 04:00:00+00:00,98676.12689592568
2022-10-14 08:00:00+00:00,98676.12689592568
2022-10-14 12:00:00+00:00,98676.12689592568
2022-10-14 16:00:00+00:00,98676.12689592568
2022-10-14 20:00:00+00:00,98676.12689592568
2022-10-15 00:00:00+00:00,98676.12689592568
2022-10-15 04:00:00+00:00,98676.12689592568
2022-10-15 08:00:00+00:00,98676.12689592568
2022-10-15 12:00:00+00:00,98676.12689592568
2022-10-15 16:00:00+00:00,98676.12689592568
2022-10-15 20:00:00+00:00,98676.12689592568
2022-10-16 00:00:00+00:00,98676.12689592568
2022-10-16 04:00:00+00:00,98676.12689592568
2022-10-16 08:00:00+00:00,98676.12689592568
2022-10-16 12:00:00+00:00,98676.12689592568
2022-10-16 16:00:00+00:00,98676.12689592568
2022-10-16 20:00:00+00:00,98676.12689592568
2022-10-17 00:00:00+00:00,98676.12689592568
2022-10-17 04:00:00+00:00,98676.12689592568
2022-10-17 08:00:00+00:00,98676.12689592568
2022-10-17 12:00:00+00:00,98676.12689592568
2022-10-17 16:00:00+00:00,98676.12689592568
2022-10-17 20:00:00+00:00,98676.12689592568
2022-10-18 00:00:00+00:00,98676.12689592568
2022-10-18 04:00:00+00:00,98676.12689592568
2022-10-18 08:00:00+00:00,98676.12689592568
2022-10-18 12:00:00+00:00,98676.12689592568
2022-10-18 16:00:00+00:00,98676.12689592568
2022-10-18 20:00:00+00:00,98676.12689592568
2022-10-19 00:00:00+00:00,98666.72183068011
2022-10-19 04:00:00+00:00,98667.94577474392
2022-10-19 08:00:00+00:00,98660.60211036104
2022-10-19 12:00:00+00:00,98659.99013832913
2022-10-19 16:00:00+00:00,98651.08193844918
2022-10-19 20:00:00+00:00,98630.9229647047
2022-10-20 00:00:00+00:00,98616.77753239813
2022-10-20 04:00:00+00:00,98623.85024855142
2022-10-20 08:00:00+00:00,98619.42980095562
2022-10-20 12:00:00+00:00,98620.31389047478
2022-10-20 16:00:00+00:00,98603.88650698608
2022-10-20 20:00:00+00:00,98603.88650698608
2022-10-21 00:00:00+00:00,98603.88650698608
2022-10-21 04:00:00+00:00,98603.88650698608
2022-10-21 08:00:00+00:00,98603.88650698608
2022-10-21 12:00:00+00:00,98603.88650698608
2022-10-21 16:00:00+00:00,98603.88650698608
2022-10-21 20:00:00+00:00,98603.88650698608
2022-10-22 00:00:00+00:00,98603.88650698608
2022-10-22 04:00:00+00:00,98603.88650698608
2022-10-22 08:00:00+00:00,98603.88650698608
2022-10-22 12:00:00+00:00,98603.88650698608
2022-10-22 16:00:00+00:00,98603.88650698608
2022-10-22 20:00:00+00:00,98603.88650698608
2022-10-23 00:00:00+00:00,98603.88650698608
2022-10-23 04:00:00+00:00,98603.88650698608
2022-10-23 08:00:00+00:00,98603.88650698608
2022-10-23 12:00:00+00:00,98603.88650698608
2022-10-23 16:00:00+00:00,98603.88650698608
2022-10-23 20:00:00+00:00,98603.88650698608
2022-10-24 00:00:00+00:00,98603.88650698608
2022-10-24 04:00:00+00:00,98603.88650698608
2022-10-24 08:00:00+00:00,98603.88650698608
2022-10-24 12:00:00+00:00,98603.88650698608
2022-10-24 16:00:00+00:00,98603.88650698608
2022-10-24 20:00:00+00:00,98603.88650698608
2022-10-25 00:00:00+00:00,98603.88650698608
2022-10-25 04:00:00+00:00,98603.88650698608
2022-10-25 08:00:00+00:00,98603.88650698608
2022-10-25 12:00:00+00:00,98603.88650698608
2022-10-25 16:00:00+00:00,98644.68305405926
2022-10-25 20:00:00+00:00,98603.26932698202
2022-10-26 00:00:00+00:00,98634.33487558956
2022-10-26 04:00:00+00:00,98649.1440978473
2022-10-26 08:00:00+00:00,98658.2793723193
2022-10-26 12:00:00+00:00,98666.28141543904
2022-10-26 16:00:00+00:00,98665.06087766326
2022-10-26 20:00:00+00:00,98661.886949033
2022-10-27 00:00:00+00:00,98671.71593113606
2022-10-27 04:00:00+00:00,98676.8839688843
2022-10-27 08:00:00+00:00,98637.48682089045
2022-10-27 12:00:00+00:00,98622.16743250488
2022-10-27 16:00:00+00:00,98656.24967714214
2022-10-27 20:00:00+00:00,98529.02539258663
2022-10-28 00:00:00+00:00,98553.33203062064
2022-10-28 04:00:00+00:00,98536.43143856032
2022-10-28 08:00:00+00:00,98548.08616579935
2022-10-28 12:00:00+00:00,98620.45900026684
2022-10-28 16:00:00+00:00,98671.6031455649
2022-10-28 20:00:00+00:00,98667.21075022304
2022-10-29 00:00:00+00:00,98728.84939818551
2022-10-29 04:00:00+00:00,98704.92445440344
2022-10-29 08:00:00+00:00,98684.25789743906
2022-10-29 12:00:00+00:00,98698.64152611072
2022-10-29 16:00:00+00:00,98709.79983593446
2022-10-29 20:00:00+00:00,98698.22763722832
2022-10-30 00:00:00+00:00,98716.4935484166
2022-10-30 04:00:00+00:00,98777.081032695
2022-10-30 08:00:00+00:00,98701.74392370983
2022-10-30 12:00:00+00:00,98620.19813994181
2022-10-30 16:00:00+00:00,98695.64354443837
2022-10-30 20:00:00+00:00,98699.42947748402
2022-10-31 00:00:00+00:00,98767.05337028345
2022-10-31 04:00:00+00:00,98718.00001683664
2022-10-31 08:00:00+00:00,98881.09632686789
2022-10-31 12:00:00+00:00,98807.26504770556
2022-10-31 16:00:00+00:00,98810.3275617455
2022-10-31 20:00:00+00:00,98826.55658020278
2022-11-01 00:00:00+00:00,98840.7396202022
2022-11-01 04:00:00+00:00,98821.7934627777
2022-11-01 08:00:00+00:00,98795.55263584385
2022-11-01 12:00:00+00:00,98750.99137886049
2022-11-01 16:00:00+00:00,98762.15060128429
2022-11-01 20:00:00+00:00,98759.8072816439
2022-11-02 00:00:00+00:00,98750.32779473202
2022-11-02 04:00:00+00:00,98679.59654788519
2022-11-02 08:00:00+00:00,98668.4489502281
2022-11-02 12:00:00+00:00,98644.2736346012
2022-11-02 16:00:00+00:00,98639.48138181023
2022-11-02 20:00:00+00:00,98640.67202970026
2022-11-03 00:00:00+00:00,98649.48909622677
2022-11-03 04:00:00+00:00,98711.68477526674
2022-11-03 08:00:00+00:00,98686.25614234761
2022-11-03 12:00:00+00:00,98681.24192687217
2022-11-03 16:00:00+00:00,98699.01001141137
2022-11-03 20:00:00+00:00,98689.18619926617
2022-11-04 00:00:00+00:00,98747.41290631748
2022-11-04 04:00:00+00:00,98766.59433724647
2022-11-04 08:00:00+00:00,98773.118934834
2022-11-04 12:00:00+00:00,98793.13993570796
2022-11-04 16:00:00+00:00,98821.80344428195
2022-11-04 20:00:00+00:00,98821.93950524037
2022-11-05 00:00:00+00:00,98829.49668948134
2022-11-05 04:00:00+00:00,98852.7652228435
2022-11-05 08:00:00+00:00,98827.2875446952
2022-11-05 12:00:00+00:00,98803.09558986715
2022-11-05 16:00:00+00:00,98795.38546888997
2022-11-05 20:00:00+00:00,98794.36764854209
2022-11-06 00:00:00+00:00,98795.3121647302
2022-11-06 04:00:00+00:00,98808.48792823867
2022-11-06 08:00:00+00:00,98803.726322062
2022-11-06 12:00:00+00:00,98786.14424722726
2022-11-06 16:00:00+00:00,98785.32077374654
2022-11-06 20:00:00+00:00,98718.21150969756
2022-11-07 00:00:00+00:00,98718.21150969756
2022-11-07 04:00:00+00:00,98718.21150969756
2022-11-07 08:00:00+00:00,98718.21150969756
2022-11-07 12:00:00+00:00,98718.21150969756
2022-11-07 16:00:00+00:00,98718.21150969756
2022-11-07 20:00:00+00:00,98718.21150969756
2022-11-08 00:00:00+00:00,98718.21150969756
2022-11-08 04:00:00+00:00,98718.21150969756
2022-11-08 08:00:00+00:00,98718.21150969756
2022-11-08 12:00:00+00:00,98718.21150969756
2022-11-08 16:00:00+00:00,98718.21150969756
2022-11-08 20:00:00+00:00,98718.21150969756
2022-11-09 00:00:00+00:00,98718.21150969756
2022-11-09 04:00:00+00:00,98718.21150969756
2022-11-09 08:00:00+00:00,98718.21150969756
2022-11-09 12:00:00+00:00,98718.21150969756
2022-11-09 16:00:00+00:00,98718.21150969756
2022-11-09 20:00:00+00:00,98718.21150969756
2022-11-10 00:00:00+00:00,98718.21150969756
2022-11-10 04:00:00+00:00,98718.21150969756
2022-11-10 08:00:00+00:00,98718.21150969756
2022-11-10 12:00:00+00:00,98718.21150969756
2022-11-10 16:00:00+00:00,98718.21150969756
2022-11-10 20:00:00+00:00,98718.21150969756
2022-11-11 00:00:00+00:00,98718.21150969756
2022-11-11 04:00:00+00:00,98718.21150969756
2022-11-11 08:00:00+00:00,98718.21150969756
2022-11-11 12:00:00+00:00,98718.21150969756
2022-11-11 16:00:00+00:00,98718.21150969756
2022-11-11 20:00:00+00:00,98718.21150969756
2022-11-12 00:00:00+00:00,98718.21150969756
2022-11-12 04:00:00+00:00,98718.21150969756
2022-11-12 08:00:00+00:00,98718.21150969756
2022-11-12 12:00:00+00:00,98718.21150969756
2022-11-12 16:00:00+00:00,98718.21150969756
2022-11-12 20:00:00+00:00,98718.21150969756
2022-11-13 00:00:00+00:00,98718.21150969756
2022-11-13 04:00:00+00:00,98718.21150969756
2022-11-13 08:00:00+00:00,98718.21150969756
2022-11-13 12:00:00+00:00,98718.21150969756
2022-11-13 16:00:00+00:00,98718.21150969756
2022-11-13 20:00:00+00:00,98718.21150969756
2022-11-14 00:00:00+00:00,98718.21150969756
2022-11-14 04:00:00+00:00,98718.21150969756
2022-11-14 08:00:00+00:00,98718.21150969756
2022-11-14 12:00:00+00:00,98718.21150969756
2022-11-14 16:00:00+00:00,98718.21150969756
2022-11-14 20:00:00+00:00,98718.21150969756
2022-11-15 00:00:00+00:00,98718.21150969756
2022-11-15 04:00:00+00:00,98718.21150969756
2022-11-15 08:00:00+00:00,98718.21150969756
2022-11-15 12:00:00+00:00,98718.21150969756
2022-11-15 16:00:00+00:00,98718.21150969756
2022-11-15 20:00:00+00:00,98718.21150969756
2022-11-16 00:00:00+00:00,98718.21150969756
2022-11-16 04:00:00+00:00,98718.21150969756
2022-11-16 08:00:00+00:00,98718.21150969756
2022-11-16 12:00:00+00:00,98718.21150969756
2022-11-16 16:00:00+00:00,98718.21150969756
2022-11-16 20:00:00+00:00,98718.21150969756
2022-11-17 00:00:00+00:00,98718.21150969756
2022-11-17 04:00:00+00:00,98718.21150969756
2022-11-17 08:00:00+00:00,98718.21150969756
2022-11-17 12:00:00+00:00,98718.21150969756
2022-11-17 16:00:00+00:00,98718.21150969756
2022-11-17 20:00:00+00:00,98718.21150969756
2022-11-18 00:00:00+00:00,98718.21150969756
2022-11-18 04:00:00+00:00,98718.21150969756
2022-11-18 08:00:00+00:00,98718.21150969756
2022-11-18 12:00:00+00:00,98718.21150969756
2022-11-18 16:00:00+00:00,98718.21150969756
2022-11-18 20:00:00+00:00,98718.21150969756
2022-11-19 00:00:00+00:00,98718.21150969756
2022-11-19 04:00:00+00:00,98718.21150969756
2022-11-19 08:00:00+00:00,98718.21150969756
2022-11-19 12:00:00+00:00,98718.21150969756
2022-11-19 16:00:00+00:00,98718.21150969756
2022-11-19 20:00:00+00:00,98718.21150969756
2022-11-20 00:00:00+00:00,98718.21150969756
2022-11-20 04:00:00+00:00,98718.21150969756
2022-11-20 08:00:00+00:00,98718.21150969756
2022-11-20 12:00:00+00:00,98718.21150969756
2022-11-20 16:00:00+00:00,98718.21150969756
2022-11-20 20:00:00+00:00,98718.21150969756
2022-11-21 00:00:00+00:00,98718.21150969756
2022-11-21 04:00:00+00:00,98718.21150969756
2022-11-21 08:00:00+00:00,98718.21150969756
2022-11-21 12:00:00+00:00,98718.21150969756
2022-11-21 16:00:00+00:00,98718.21150969756
2022-11-21 20:00:00+00:00,98718.21150969756
2022-11-22 00:00:00+00:00,98718.21150969756
2022-11-22 04:00:00+00:00,98718.21150969756
2022-11-22 08:00:00+00:00,98718.21150969756
2022-11-22 12:00:00+00:00,98718.21150969756
2022-11-22 16:00:00+00:00,98718.21150969756
2022-11-22 20:00:00+00:00,98718.21150969756
2022-11-23 00:00:00+00:00,98718.21150969756
2022-11-23 04:00:00+00:00,98718.21150969756
2022-11-23 08:00:00+00:00,98718.21150969756
2022-11-23 12:00:00+00:00,98718.21150969756
2022-11-23 16:00:00+00:00,98718.21150969756
2022-11-23 20:00:00+00:00,98718.21150969756
2022-11-24 00:00:00+00:00,98718.21150969756
2022-11-24 04:00:00+00:00,98718.21150969756
2022-11-24 08:00:00+00:00,98718.21150969756
2022-11-24 12:00:00+00:00,98718.21150969756
2022-11-24 16:00:00+00:00,98718.21150969756
2022-11-24 20:00:00+00:00,98718.21150969756
2022-11-25 00:00:00+00:00,98718.21150969756
2022-11-25 04:00:00+00:00,98718.21150969756
2022-11-25 08:00:00+00:00,98718.21150969756
2022-11-25 12:00:00+00:00,98718.21150969756
2022-11-25 16:00:00+00:00,98718.21150969756
2022-11-25 20:00:00+00:00,98718.21150969756
2022-11-26 00:00:00+00:00,98718.21150969756
2022-11-26 04:00:00+00:00,98718.21150969756
2022-11-26 08:00:00+00:00,98718.21150969756
2022-11-26 12:00:00+00:00,98718.21150969756
2022-11-26 16:00:00+00:00,98713.75014529125
2022-11-26 20:00:00+00:00,98714.48406000112
2022-11-27 00:00:00+00:00,98718.88754826038
2022-11-27 04:00:00+00:00,98710.81448645175
2022-11-27 08:00:00+00:00,98712.2823158715
2022-11-27 12:00:00+00:00,98711.54840116164
2022-11-27 16:00:00+00:00,98709.346657032
2022-11-27 20:00:00+00:00,98696.13619225427
2022-11-28 00:00:00+00:00,98682.29996296698
2022-11-28 04:00:00+00:00,98682.29996296698
2022-11-28 08:00:00+00:00,98682.29996296698
2022-11-28 12:00:00+00:00,98682.29996296698
2022-11-28 16:00:00+00:00,98682.29996296698
2022-11-28 20:00:00+00:00,98682.29996296698
2022-11-29 00:00:00+00:00,98682.29996296698
2022-11-29 04:00:00+00:00,98682.29996296698
2022-11-29 08:00:00+00:00,98682.29996296698
2022-11-29 12:00:00+00:00,98682.29996296698
2022-11-29 16:00:00+00:00,98682.29996296698
2022-11-29 20:00:00+00:00,98682.29996296698
2022-11-30 00:00:00+00:00,98682.29996296698
2022-11-30 04:00:00+00:00,98682.29996296698
2022-11-30 08:00:00+00:00,98682.29996296698
2022-11-30 12:00:00+00:00,98682.29996296698
2022-11-30 16:00:00+00:00,98682.29996296698
2022-11-30 20:00:00+00:00,98682.29996296698
2022-12-01 00:00:00+00:00,98682.29996296698
2022-12-01 04:00:00+00:00,98682.29996296698
2022-12-01 08:00:00+00:00,98682.29996296698
2022-12-01 12:00:00+00:00,98682.29996296698
2022-12-01 16:00:00+00:00,98682.29996296698
2022-12-01 20:00:00+00:00,98682.29996296698
2022-12-02 00:00:00+00:00,98682.29996296698
2022-12-02 04:00:00+00:00,98682.29996296698
2022-12-02 08:00:00+00:00,98679.52991974639
2022-12-02 12:00:00+00:00,98679.55605178632
2022-12-02 16:00:00+00:00,98684.46970179219
2022-12-02 20:00:00+00:00,98707.41653196819
2022-12-03 00:00:00+00:00,98677.83926672634
2022-12-03 04:00:00+00:00,98661.27155181627
2022-12-03 08:00:00+00:00,98663.97583961899
2022-12-03 12:00:00+00:00,98666.15976302182
2022-12-03 16:00:00+00:00,98662.61933427688
2022-12-03 20:00:00+00:00,98613.93425687954
2022-12-04 00:00:00+00:00,98640.9555407573
2022-12-04 04:00:00+00:00,98650.1161042349
2022-12-04 08:00:00+00:00,98633.09783354164
2022-12-04 12:00:00+00:00,98655.51007460483
2022-12-04 16:00:00+00:00,98660.15604791712
2022-12-04 20:00:00+00:00,98679.24343418823
2022-12-05 00:00:00+00:00,98697.3299508024
2022-12-05 04:00:00+00:00,98701.96191858423
2022-12-05 08:00:00+00:00,98705.36460408504
2022-12-05 12:00:00+00:00,98666.91216002106
2022-12-05 16:00:00+00:00,98638.26598705721
2022-12-05 20:00:00+00:00,98646.73449007276
2022-12-06 00:00:00+00:00,98649.28252677167
2022-12-06 04:00:00+00:00,98646.10018235851
2022-12-06 08:00:00+00:00,98638.69946578747
2022-12-06 12:00:00+00:00,98658.82610645216
2022-12-06 16:00:00+00:00,98639.86548024339
2022-12-06 20:00:00+00:00,98643.40287142163
2022-12-07 00:00:00+00:00,98640.35665456885
2022-12-07 04:00:00+00:00,98616.89289117882
2022-12-07 08:00:00+00:00,98616.89289117882
2022-12-07 12:00:00+00:00,98616.89289117882
2022-12-07 16:00:00+00:00,98616.89289117882
2022-12-07 20:00:00+00:00,98616.89289117882
2022-12-08 00:00:00+00:00,98616.89289117882
2022-12-08 04:00:00+00:00,98616.89289117882
2022-12-08 08:00:00+00:00,98616.89289117882
2022-12-08 12:00:00+00:00,98616.89289117882
2022-12-08 16:00:00+00:00,98616.89289117882
2022-12-08 20:00:00+00:00,98616.89289117882
2022-12-09 00:00:00+00:00,98616.89289117882
2022-12-09 04:00:00+00:00,98616.89289117882
2022-12-09 08:00:00+00:00,98616.89289117882
2022-12-09 12:00:00+00:00,98616.89289117882
2022-12-09 16:00:00+00:00,98616.89289117882
2022-12-09 20:00:00+00:00,98616.89289117882
2022-12-10 00:00:00+00:00,98616.89289117882
2022-12-10 04:00:00+00:00,98616.89289117882
2022-12-10 08:00:00+00:00,98616.89289117882
2022-12-10 12:00:00+00:00,98616.89289117882
2022-12-10 16:00:00+00:00,98616.89289117882
2022-12-10 20:00:00+00:00,98616.89289117882
2022-12-11 00:00:00+00:00,98616.89289117882
2022-12-11 04:00:00+00:00,98616.89289117882
2022-12-11 08:00:00+00:00,98616.89289117882
2022-12-11 12:00:00+00:00,98616.89289117882
2022-12-11 16:00:00+00:00,98616.89289117882
2022-12-11 20:00:00+00:00,98616.89289117882
2022-12-12 00:00:00+00:00,98616.89289117882
2022-12-12 04:00:00+00:00,98616.89289117882
2022-12-12 08:00:00+00:00,98616.89289117882
2022-12-12 12:00:00+00:00,98616.89289117882
2022-12-12 16:00:00+00:00,98616.89289117882
2022-12-12 20:00:00+00:00,98616.89289117882
2022-12-13 00:00:00+00:00,98616.89289117882
2022-12-13 04:00:00+00:00,98616.89289117882
2022-12-13 08:00:00+00:00,98616.89289117882
2022-12-13 12:00:00+00:00,98616.89289117882
2022-12-13 16:00:00+00:00,98616.89289117882
2022-12-13 20:00:00+00:00,98616.89289117882
2022-12-14 00:00:00+00:00,98616.89289117882
2022-12-14 04:00:00+00:00,98616.89289117882
2022-12-14 08:00:00+00:00,98616.89289117882
2022-12-14 12:00:00+00:00,98616.89289117882
2022-12-14 16:00:00+00:00,98616.89289117882
2022-12-14 20:00:00+00:00,98616.89289117882
2022-12-15 00:00:00+00:00,98616.89289117882
2022-12-15 04:00:00+00:00,98616.89289117882
2022-12-15 08:00:00+00:00,98616.89289117882
2022-12-15 12:00:00+00:00,98616.89289117882
2022-12-15 16:00:00+00:00,98616.89289117882
2022-12-15 20:00:00+00:00,98616.89289117882
2022-12-16 00:00:00+00:00,98616.89289117882
2022-12-16 04:00:00+00:00,98616.89289117882
2022-12-16 08:00:00+00:00,98616.89289117882
2022-12-16 12:00:00+00:00,98616.89289117882
2022-12-16 16:00:00+00:00,98616.89289117882
2022-12-16 20:00:00+00:00,98616.89289117882
2022-12-17 00:00:00+00:00,98616.89289117882
2022-12-17 04:00:00+00:00,98616.89289117882
2022-12-17 08:00:00+00:00,98616.89289117882
2022-12-17 12:00:00+00:00,98616.89289117882
2022-12-17 16:00:00+00:00,98616.89289117882
2022-12-17 20:00:00+00:00,98616.89289117882
2022-12-18 00:00:00+00:00,98616.89289117882
2022-12-18 04:00:00+00:00,98616.89289117882
2022-12-18 08:00:00+00:00,98616.89289117882
2022-12-18 12:00:00+00:00,98616.89289117882
2022-12-18 16:00:00+00:00,98616.89289117882
2022-12-18 20:00:00+00:00,98616.89289117882
2022-12-19 00:00:00+00:00,98616.89289117882
2022-12-19 04:00:00+00:00,98616.89289117882
2022-12-19 08:00:00+00:00,98616.89289117882
2022-12-19 12:00:00+00:00,98616.89289117882
2022-12-19 16:00:00+00:00,98616.89289117882
2022-12-19 20:00:00+00:00,98616.89289117882
2022-12-20 00:00:00+00:00,98616.89289117882
2022-12-20 04:00:00+00:00,98616.89289117882
2022-12-20 08:00:00+00:00,98616.89289117882
2022-12-20 12:00:00+00:00,98616.89289117882
2022-12-20 16:00:00+00:00,98616.89289117882
2022-12-20 20:00:00+00:00,98616.89289117882
2022-12-21 00:00:00+00:00,98616.89289117882
2022-12-21 04:00:00+00:00,98616.89289117882
2022-12-21 08:00:00+00:00,98616.89289117882
2022-12-21 12:00:00+00:00,98616.89289117882
2022-12-21 16:00:00+00:00,98616.89289117882
2022-12-21 20:00:00+00:00,98616.89289117882
2022-12-22 00:00:00+00:00,98616.89289117882
2022-12-22 04:00:00+00:00,98616.89289117882
2022-12-22 08:00:00+00:00,98616.89289117882
2022-12-22 12:00:00+00:00,98616.89289117882
2022-12-22 16:00:00+00:00,98616.89289117882
2022-12-22 20:00:00+00:00,98616.89289117882
2022-12-23 00:00:00+00:00,98616.89289117882
2022-12-23 04:00:00+00:00,98616.89289117882
2022-12-23 08:00:00+00:00,98616.89289117882
2022-12-23 12:00:00+00:00,98616.89289117882
2022-12-23 16:00:00+00:00,98616.89289117882
2022-12-23 20:00:00+00:00,98616.89289117882
2022-12-24 00:00:00+00:00,98616.89289117882
2022-12-24 04:00:00+00:00,98616.89289117882
2022-12-24 08:00:00+00:00,98616.89289117882
2022-12-24 12:00:00+00:00,98616.89289117882
2022-12-24 16:00:00+00:00,98616.89289117882
2022-12-24 20:00:00+00:00,98616.89289117882
2022-12-25 00:00:00+00:00,98616.89289117882
2022-12-25 04:00:00+00:00,98616.89289117882
2022-12-25 08:00:00+00:00,98616.89289117882
2022-12-25 12:00:00+00:00,98616.89289117882
2022-12-25 16:00:00+00:00,98616.89289117882
2022-12-25 20:00:00+00:00,98616.89289117882
2022-12-26 00:00:00+00:00,98616.89289117882
2022-12-26 04:00:00+00:00,98616.89289117882
2022-12-26 08:00:00+00:00,98616.89289117882
2022-12-26 12:00:00+00:00,98616.89289117882
2022-12-26 16:00:00+00:00,98616.89289117882
2022-12-26 20:00:00+00:00,98616.89289117882
2022-12-27 00:00:00+00:00,98616.89289117882
2022-12-27 04:00:00+00:00,98616.89289117882
2022-12-27 08:00:00+00:00,98616.89289117882
2022-12-27 12:00:00+00:00,98616.89289117882
2022-12-27 16:00:00+00:00,98616.89289117882
2022-12-27 20:00:00+00:00,98616.89289117882
2022-12-28 00:00:00+00:00,98616.89289117882
2022-12-28 04:00:00+00:00,98616.89289117882
2022-12-28 08:00:00+00:00,98616.89289117882
2022-12-28 12:00:00+00:00,98616.89289117882
2022-12-28 16:00:00+00:00,98616.89289117882
2022-12-28 20:00:00+00:00,98616.89289117882
2022-12-29 00:00:00+00:00,98616.89289117882
2022-12-29 04:00:00+00:00,98616.89289117882
2022-12-29 08:00:00+00:00,98616.89289117882
2022-12-29 12:00:00+00:00,98616.89289117882
2022-12-29 16:00:00+00:00,98616.89289117882
2022-12-29 20:00:00+00:00,98616.89289117882
2022-12-30 00:00:00+00:00,98616.89289117882
2022-12-30 04:00:00+00:00,98616.89289117882
2022-12-30 08:00:00+00:00,98616.89289117882
2022-12-30 12:00:00+00:00,98616.89289117882
2022-12-30 16:00:00+00:00,98616.89289117882
2022-12-30 20:00:00+00:00,98616.89289117882
2022-12-31 00:00:00+00:00,98616.89289117882
2022-12-31 04:00:00+00:00,98616.89289117882
2022-12-31 08:00:00+00:00,98616.89289117882
2022-12-31 12:00:00+00:00,98616.89289117882
2022-12-31 16:00:00+00:00,98616.89289117882
2022-12-31 20:00:00+00:00,98616.89289117882
2023-01-01 00:00:00+00:00,98616.89289117882
2023-01-01 04:00:00+00:00,98616.89289117882
2023-01-01 08:00:00+00:00,98616.89289117882
2023-01-01 12:00:00+00:00,98616.89289117882
2023-01-01 16:00:00+00:00,98616.89289117882
2023-01-01 20:00:00+00:00,98616.89289117882
2023-01-02 00:00:00+00:00,98616.89289117882
2023-01-02 04:00:00+00:00,98646.22284601364
2023-01-02 08:00:00+00:00,98658.11223208177
2023-01-02 12:00:00+00:00,98645.6914601019
2023-01-02 16:00:00+00:00,98643.2341403579
2023-01-02 20:00:00+00:00,98632.51384166248
2023-01-03 00:00:00+00:00,98646.67452652696
2023-01-03 04:00:00+00:00,98646.89153843456
2023-01-03 08:00:00+00:00,98674.30381038401
2023-01-03 12:00:00+00:00,98659.17725842886
2023-01-03 16:00:00+00:00,98626.2983524435
2023-01-03 20:00:00+00:00,98652.68564682061
2023-01-04 00:00:00+00:00,98763.64273836084
2023-01-04 04:00:00+00:00,98792.81401276385
2023-01-04 08:00:00+00:00,98757.66465735377
2023-01-04 12:00:00+00:00,98881.27987993344
2023-01-04 16:00:00+00:00,98810.07351134809
2023-01-04 20:00:00+00:00,98819.29409906236
2023-01-05 00:00:00+00:00,98817.96983353028
2023-01-05 04:00:00+00:00,98793.40479260928
2023-01-05 08:00:00+00:00,98747.31647897624
2023-01-05 12:00:00+00:00,98684.19863918328
2023-01-05 16:00:00+00:00,98719.12838180704
2023-01-05 20:00:00+00:00,98649.180821306
2023-01-06 00:00:00+00:00,98641.27083527384
2023-01-06 04:00:00+00:00,98560.87601270662
2023-01-06 08:00:00+00:00,98550.70365154499
2023-01-06 12:00:00+00:00,98593.77660017664
2023-01-06 16:00:00+00:00,98656.97344460123
2023-01-06 20:00:00+00:00,98693.25835273316
2023-01-07 00:00:00+00:00,98682.06605218968
2023-01-07 04:00:00+00:00,98665.7129576121
2023-01-07 08:00:00+00:00,98660.13770037603
2023-01-07 12:00:00+00:00,98662.72382460354
2023-01-07 16:00:00+00:00,98670.26791585214
2023-01-07 20:00:00+00:00,98660.68723685098
2023-01-08 00:00:00+00:00,98636.81626793926
2023-01-08 04:00:00+00:00,98638.23769455474
2023-01-08 08:00:00+00:00,98657.50836391376
2023-01-08 12:00:00+00:00,98704.01840796859
2023-01-08 16:00:00+00:00,98687.18392361261
2023-01-08 20:00:00+00:00,98748.8711998357
2023-01-09 00:00:00+00:00,98975.03354121395
2023-01-09 04:00:00+00:00,98990.83759187309
2023-01-09 08:00:00+00:00,99038.22828145506
2023-01-09 12:00:00+00:00,99129.14828090364
2023-01-09 16:00:00+00:00,99059.84319648537
2023-01-09 20:00:00+00:00,98968.49182706648
2023-01-10 00:00:00+00:00,98949.5350829524
2023-01-10 04:00:00+00:00,98931.23995047197
2023-01-10 08:00:00+00:00,98938.58227576326
2023-01-10 12:00:00+00:00,98970.95405267841
2023-01-10 16:00:00+00:00,99039.2275548142
2023-01-10 20:00:00+00:00,99007.87671499357
2023-01-11 00:00:00+00:00,98888.75733229882
2023-01-11 04:00:00+00:00,98956.16195197277
2023-01-11 08:00:00+00:00,98945.85804220676
2023-01-11 12:00:00+00:00,98833.18708958995
2023-01-11 16:00:00+00:00,99057.91042312409
2023-01-11 20:00:00+00:00,99233.65879910589
2023-01-12 00:00:00+00:00,99301.59934091211
2023-01-12 04:00:00+00:00,99216.39876193774
2023-01-12 08:00:00+00:00,99124.45892703737
2023-01-12 12:00:00+00:00,99121.37988515482
2023-01-12 16:00:00+00:00,99298.38876408071
2023-01-12 20:00:00+00:00,99358.47395792889
2023-01-13 00:00:00+00:00,99395.08360026198
2023-01-13 04:00:00+00:00,99348.10019923827
2023-01-13 08:00:00+00:00,99324.16960056033
2023-01-13 12:00:00+00:00,99393.64628610657
2023-01-13 16:00:00+00:00,99484.44460265306
2023-01-13 20:00:00+00:00,99792.57086342754
2023-01-14 00:00:00+00:00,100246.83360357715
2023-01-14 04:00:00+00:00,100608.86794741848
2023-01-14 08:00:00+00:00,100247.22135064485
2023-01-14 12:00:00+00:00,100277.4096584737
2023-01-14 16:00:00+00:00,100174.05354172387
2023-01-14 20:00:00+00:00,100293.00066299005
2023-01-15 00:00:00+00:00,100081.69698162543
2023-01-15 04:00:00+00:00,100062.99195028275
2023-01-15 08:00:00+00:00,100090.33439172494
2023-01-15 12:00:00+00:00,100358.27841909438
2023-01-15 16:00:00+00:00,100317.97352560206
2023-01-15 20:00:00+00:00,100298.7969227347
2023-01-16 00:00:00+00:00,100379.84610707613
2023-01-16 04:00:00+00:00,100453.17056834343
2023-01-16 08:00:00+00:00,100133.97730515724
2023-01-16 12:00:00+00:00,100037.41987060678
2023-01-16 16:00:00+00:00,100130.32419591726
2023-01-16 20:00:00+00:00,100121.51612831674
2023-01-17 00:00:00+00:00,100137.6856572977
2023-01-17 04:00:00+00:00,100215.56397066415
2023-01-17 08:00:00+00:00,100232.18479189338
2023-01-17 12:00:00+00:00,100300.48186888441
2023-01-17 16:00:00+00:00,100315.39311201911
2023-01-17 20:00:00+00:00,100150.28682017504
2023-01-18 00:00:00+00:00,100257.77253671203
2023-01-18 04:00:00+00:00,100266.33186877883
2023-01-18 08:00:00+00:00,100207.17454705392
2023-01-18 12:00:00+00:00,99958.133248476
2023-01-18 16:00:00+00:00,99914.01741653714
2023-01-18 20:00:00+00:00,99906.67018767928
2023-01-19 00:00:00+00:00,99914.95536064664
2023-01-19 04:00:00+00:00,99940.74882365826
2023-01-19 08:00:00+00:00,99947.15810840657
2023-01-19 12:00:00+00:00,99885.87909325176
2023-01-19 16:00:00+00:00,99917.14389690217
2023-01-19 20:00:00+00:00,99919.48875717596
2023-01-20 00:00:00+00:00,99952.62944904542
2023-01-20 04:00:00+00:00,99914.7990366284
2023-01-20 08:00:00+00:00,99930.4314384536
2023-01-20 12:00:00+00:00,99940.43617562174
2023-01-20 16:00:00+00:00,100038.29501104755
2023-01-20 20:00:00+00:00,100126.61808136
2023-01-21 00:00:00+00:00,100101.91888647615
2023-01-21 04:00:00+00:00,100088.00604885172
2023-01-21 08:00:00+00:00,100072.21732300827
2023-01-21 12:00:00+00:00,100067.8402504972
2023-01-21 16:00:00+00:00,100098.63608209287
2023-01-21 20:00:00+00:00,100065.96436227819
2023-01-22 00:00:00+00:00,100078.9392557931
2023-01-22 04:00:00+00:00,100105.51433889596
2023-01-22 08:00:00+00:00,100125.68013725047
2023-01-22 12:00:00+00:00,100309.16520103357
2023-01-22 16:00:00+00:00,100219.95871774835
2023-01-22 20:00:00+00:00,100149.02493110792
2023-01-23 00:00:00+00:00,100208.44081144697
2023-01-23 04:00:00+00:00,100192.56844075964
2023-01-23 08:00:00+00:00,100262.45474960504
2023-01-23 12:00:00+00:00,100228.2000574686
2023-01-23 16:00:00+00:00,100196.5945064788
2023-01-23 20:00:00+00:00,100164.48465529298
2023-01-24 00:00:00+00:00,100252.46326035507
2023-01-24 04:00:00+00:00,100235.96464457695
2023-01-24 08:00:00+00:00,100153.09079014379
2023-01-24 12:00:00+00:00,100147.33589249276
2023-01-24 16:00:00+00:00,100121.5438065692
2023-01-24 20:00:00+00:00,99937.68730006415
2023-01-25 00:00:00+00:00,99937.18152283978
2023-01-25 04:00:00+00:00,99937.18152283978
2023-01-25 08:00:00+00:00,99937.18152283978
2023-01-25 12:00:00+00:00,99937.18152283978
2023-01-25 16:00:00+00:00,99937.18152283978
2023-01-25 20:00:00+00:00,99937.18152283978
2023-01-26 00:00:00+00:00,99937.18152283978
2023-01-26 04:00:00+00:00,99937.18152283978
2023-01-26 08:00:00+00:00,99937.18152283978
2023-01-26 12:00:00+00:00,99937.18152283978
2023-01-26 16:00:00+00:00,99937.18152283978
2023-01-26 20:00:00+00:00,99937.18152283978
2023-01-27 00:00:00+00:00,99937.18152283978
2023-01-27 04:00:00+00:00,99937.18152283978
2023-01-27 08:00:00+00:00,99937.18152283978
2023-01-27 12:00:00+00:00,99937.18152283978
2023-01-27 16:00:00+00:00,99937.18152283978
2023-01-27 20:00:00+00:00,99937.18152283978
2023-01-28 00:00:00+00:00,99937.18152283978
2023-01-28 04:00:00+00:00,99937.18152283978
2023-01-28 08:00:00+00:00,99937.18152283978
2023-01-28 12:00:00+00:00,99937.18152283978
2023-01-28 16:00:00+00:00,99937.18152283978
2023-01-28 20:00:00+00:00,99937.18152283978
2023-01-29 00:00:00+00:00,99937.18152283978
2023-01-29 04:00:00+00:00,99937.18152283978
2023-01-29 08:00:00+00:00,99937.18152283978
2023-01-29 12:00:00+00:00,99937.18152283978
2023-01-29 16:00:00+00:00,99939.42984738131
2023-01-29 20:00:00+00:00,99912.59009405485
2023-01-30 00:00:00+00:00,99887.83423508034
2023-01-30 04:00:00+00:00,99848.76650904313
2023-01-30 08:00:00+00:00,99747.40062345838
2023-01-30 12:00:00+00:00,99747.40062345838
2023-01-30 16:00:00+00:00,99747.40062345838
2023-01-30 20:00:00+00:00,99747.40062345838
2023-01-31 00:00:00+00:00,99747.40062345838
2023-01-31 04:00:00+00:00,99747.40062345838
2023-01-31 08:00:00+00:00,99747.40062345838
2023-01-31 12:00:00+00:00,99747.40062345838
2023-01-31 16:00:00+00:00,99747.40062345838
2023-01-31 20:00:00+00:00,99747.40062345838
2023-02-01 00:00:00+00:00,99747.40062345838
2023-02-01 04:00:00+00:00,99747.40062345838
2023-02-01 08:00:00+00:00,99747.40062345838
2023-02-01 12:00:00+00:00,99747.40062345838
2023-02-01 16:00:00+00:00,99747.40062345838
2023-02-01 20:00:00+00:00,99747.40062345838
2023-02-02 00:00:00+00:00,99747.40062345838
2023-02-02 04:00:00+00:00,99747.40062345838
2023-02-02 08:00:00+00:00,99747.40062345838
2023-02-02 12:00:00+00:00,99747.40062345838
2023-02-02 16:00:00+00:00,99747.40062345838
2023-02-02 20:00:00+00:00,99747.40062345838
2023-02-03 00:00:00+00:00,99747.40062345838
2023-02-03 04:00:00+00:00,99747.40062345838
2023-02-03 08:00:00+00:00,99747.40062345838
2023-02-03 12:00:00+00:00,99747.40062345838
2023-02-03 16:00:00+00:00,99739.39617394055
2023-02-03 20:00:00+00:00,99750.48196647417
2023-02-04 00:00:00+00:00,99731.01825306378
2023-02-04 04:00:00+00:00,99733.31283186589
2023-02-04 08:00:00+00:00,99741.36435508396
2023-02-04 12:00:00+00:00,99744.55035211408
2023-02-04 16:00:00+00:00,99740.74839405656
2023-02-04 20:00:00+00:00,99732.63952322229
2023-02-05 00:00:00+00:00,99723.60021255052
2023-02-05 04:00:00+00:00,99727.05075835591
2023-02-05 08:00:00+00:00,99725.83880279743
2023-02-05 12:00:00+00:00,99708.96761192779
2023-02-05 16:00:00+00:00,99703.44648105027
2023-02-05 20:00:00+00:00,99702.71075193415
2023-02-06 00:00:00+00:00,99702.71075193415
2023-02-06 04:00:00+00:00,99702.71075193415
2023-02-06 08:00:00+00:00,99702.71075193415
2023-02-06 12:00:00+00:00,99702.71075193415
2023-02-06 16:00:00+00:00,99702.71075193415
2023-02-06 20:00:00+00:00,99702.71075193415
2023-02-07 00:00:00+00:00,99702.71075193415
2023-02-07 04:00:00+00:00,99702.71075193415
2023-02-07 08:00:00+00:00,99702.71075193415
2023-02-07 12:00:00+00:00,99702.71075193415
2023-02-07 16:00:00+00:00,99702.71075193415
2023-02-07 20:00:00+00:00,99702.71075193415
2023-02-08 00:00:00+00:00,99702.71075193415
2023-02-08 04:00:00+00:00,99702.71075193415
2023-02-08 08:00:00+00:00,99702.71075193415
2023-02-08 12:00:00+00:00,99702.71075193415
2023-02-08 16:00:00+00:00,99702.71075193415
2023-02-08 20:00:00+00:00,99702.71075193415
2023-02-09 00:00:00+00:00,99702.71075193415
2023-02-09 04:00:00+00:00,99702.71075193415
2023-02-09 08:00:00+00:00,99708.02878768768
2023-02-09 12:00:00+00:00,99713.1289278867
2023-02-09 16:00:00+00:00,99693.60506240453
2023-02-09 20:00:00+00:00,99666.9139308358
2023-02-10 00:00:00+00:00,99666.9139308358
2023-02-10 04:00:00+00:00,99666.9139308358
2023-02-10 08:00:00+00:00,99666.9139308358
2023-02-10 12:00:00+00:00,99666.9139308358
2023-02-10 16:00:00+00:00,99666.9139308358
2023-02-10 20:00:00+00:00,99666.9139308358
2023-02-11 00:00:00+00:00,99666.9139308358
2023-02-11 04:00:00+00:00,99666.9139308358
2023-02-11 08:00:00+00:00,99666.9139308358
2023-02-11 12:00:00+00:00,99666.9139308358
2023-02-11 16:00:00+00:00,99666.9139308358
2023-02-11 20:00:00+00:00,99666.9139308358
2023-02-12 00:00:00+00:00,99666.9139308358
2023-02-12 04:00:00+00:00,99666.9139308358
2023-02-12 08:00:00+00:00,99666.9139308358
2023-02-12 12:00:00+00:00,99666.9139308358
2023-02-12 16:00:00+00:00,99666.9139308358
2023-02-12 20:00:00+00:00,99666.9139308358
2023-02-13 00:00:00+00:00,99666.9139308358
2023-02-13 04:00:00+00:00,99666.9139308358
2023-02-13 08:00:00+00:00,99666.9139308358
2023-02-13 12:00:00+00:00,99666.9139308358
2023-02-13 16:00:00+00:00,99666.9139308358
2023-02-13 20:00:00+00:00,99666.9139308358
2023-02-14 00:00:00+00:00,99666.9139308358
2023-02-14 04:00:00+00:00,99666.9139308358
2023-02-14 08:00:00+00:00,99666.9139308358
2023-02-14 12:00:00+00:00,99666.9139308358
2023-02-14 16:00:00+00:00,99666.9139308358
2023-02-14 20:00:00+00:00,99666.9139308358
2023-02-15 00:00:00+00:00,99666.9139308358
2023-02-15 04:00:00+00:00,99666.9139308358
2023-02-15 08:00:00+00:00,99666.9139308358
2023-02-15 12:00:00+00:00,99666.9139308358
2023-02-15 16:00:00+00:00,99666.9139308358
2023-02-15 20:00:00+00:00,99674.50400492198
2023-02-16 00:00:00+00:00,99675.5691612122
2023-02-16 04:00:00+00:00,99656.62255453492
2023-02-16 08:00:00+00:00,99659.3891890307
2023-02-16 12:00:00+00:00,99677.20799374477
2023-02-16 16:00:00+00:00,99728.65490734178
2023-02-16 20:00:00+00:00,99607.65005930299
2023-02-17 00:00:00+00:00,99731.42121717696
2023-02-17 04:00:00+00:00,99723.44880905696
2023-02-17 08:00:00+00:00,99766.28615187672
2023-02-17 12:00:00+00:00,99861.96865796062
2023-02-17 16:00:00+00:00,99910.00602423218
2023-02-17 20:00:00+00:00,99924.0614771357
2023-02-18 00:00:00+00:00,99925.76436357302
2023-02-18 04:00:00+00:00,99892.08961374057
2023-02-18 08:00:00+00:00,99896.01554356123
2023-02-18 12:00:00+00:00,99940.93956238157
2023-02-18 16:00:00+00:00,99927.4506101844
2023-02-18 20:00:00+00:00,99931.4623125199
2023-02-19 00:00:00+00:00,99946.30284896871
2023-02-19 04:00:00+00:00,100075.90169216094
2023-02-19 08:00:00+00:00,100163.73310484434
2023-02-19 12:00:00+00:00,100179.0990631546
2023-02-19 16:00:00+00:00,99997.51555522032
2023-02-19 20:00:00+00:00,100013.99394175677
2023-02-20 00:00:00+00:00,100023.71639684701
2023-02-20 04:00:00+00:00,100048.09697469925
2023-02-20 08:00:00+00:00,100061.76740953617
2023-02-20 12:00:00+00:00,100043.83276712224
2023-02-20 16:00:00+00:00,99976.74129024052
2023-02-20 20:00:00+00:00,100008.63093271182
2023-02-21 00:00:00+00:00,99981.83746264063
2023-02-21 04:00:00+00:00,99998.36899820674
2023-02-21 08:00:00+00:00,99813.37465704596
2023-02-21 12:00:00+00:00,99813.57578712294
2023-02-21 16:00:00+00:00,99819.62264742605
2023-02-21 20:00:00+00:00,99794.72801776117
2023-02-22 00:00:00+00:00,99762.27660634184
2023-02-22 04:00:00+00:00,99750.74791575408
2023-02-22 08:00:00+00:00,99751.30828844302
2023-02-22 12:00:00+00:00,99740.4210476295
2023-02-22 16:00:00+00:00,99739.33336668191
2023-02-22 20:00:00+00:00,99739.33336668191
2023-02-23 00:00:00+00:00,99739.33336668191
2023-02-23 04:00:00+00:00,99739.33336668191
2023-02-23 08:00:00+00:00,99739.33336668191
2023-02-23 12:00:00+00:00,99739.33336668191
2023-02-23 16:00:00+00:00,99739.33336668191
2023-02-23 20:00:00+00:00,99739.33336668191
2023-02-24 00:00:00+00:00,99739.33336668191
2023-02-24 04:00:00+00:00,99739.33336668191
2023-02-24 08:00:00+00:00,99739.33336668191
2023-02-24 12:00:00+00:00,99739.33336668191
2023-02-24 16:00:00+00:00,99739.33336668191
2023-02-24 20:00:00+00:00,99739.33336668191
2023-02-25 00:00:00+00:00,99739.33336668191
2023-02-25 04:00:00+00:00,99739.33336668191
2023-02-25 08:00:00+00:00,99739.33336668191
2023-02-25 12:00:00+00:00,99739.33336668191
2023-02-25 16:00:00+00:00,99739.33336668191
2023-02-25 20:00:00+00:00,99739.33336668191
2023-02-26 00:00:00+00:00,99739.33336668191
2023-02-26 04:00:00+00:00,99739.33336668191
2023-02-26 08:00:00+00:00,99739.33336668191
2023-02-26 12:00:00+00:00,99739.33336668191
2023-02-26 16:00:00+00:00,99739.33336668191
2023-02-26 20:00:00+00:00,99739.33336668191
2023-02-27 00:00:00+00:00,99739.33336668191
2023-02-27 04:00:00+00:00,99739.33336668191
2023-02-27 08:00:00+00:00,99739.33336668191
2023-02-27 12:00:00+00:00,99739.33336668191
2023-02-27 16:00:00+00:00,99739.33336668191
2023-02-27 20:00:00+00:00,99739.33336668191
2023-02-28 00:00:00+00:00,99739.33336668191
2023-02-28 04:00:00+00:00,99739.33336668191
2023-02-28 08:00:00+00:00,99739.33336668191
2023-02-28 12:00:00+00:00,99739.33336668191
2023-02-28 16:00:00+00:00,99739.33336668191
2023-02-28 20:00:00+00:00,99739.33336668191
2023-03-01 00:00:00+00:00,99739.33336668191
2023-03-01 04:00:00+00:00,99739.33336668191
2023-03-01 08:00:00+00:00,99739.33336668191
2023-03-01 12:00:00+00:00,99739.33336668191
2023-03-01 16:00:00+00:00,99739.33336668191
2023-03-01 20:00:00+00:00,99739.33336668191
2023-03-02 00:00:00+00:00,99739.33336668191
2023-03-02 04:00:00+00:00,99739.33336668191
2023-03-02 08:00:00+00:00,99739.33336668191
2023-03-02 12:00:00+00:00,99739.33336668191
2023-03-02 16:00:00+00:00,99739.33336668191
2023-03-02 20:00:00+00:00,99739.33336668191
2023-03-03 00:00:00+00:00,99739.33336668191
2023-03-03 04:00:00+00:00,99739.33336668191
2023-03-03 08:00:00+00:00,99739.33336668191
2023-03-03 12:00:00+00:00,99739.33336668191
2023-03-03 16:00:00+00:00,99739.33336668191
2023-03-03 20:00:00+00:00,99739.33336668191
2023-03-04 00:00:00+00:00,99739.33336668191
2023-03-04 04:00:00+00:00,99739.33336668191
2023-03-04 08:00:00+00:00,99739.33336668191
2023-03-04 12:00:00+00:00,99739.33336668191
2023-03-04 16:00:00+00:00,99739.33336668191
2023-03-04 20:00:00+00:00,99739.33336668191
2023-03-05 00:00:00+00:00,99739.33336668191
2023-03-05 04:00:00+00:00,99739.33336668191
2023-03-05 08:00:00+00:00,99739.33336668191
2023-03-05 12:00:00+00:00,99739.33336668191
2023-03-05 16:00:00+00:00,99739.33336668191
2023-03-05 20:00:00+00:00,99739.33336668191
2023-03-06 00:00:00+00:00,99739.33336668191
2023-03-06 04:00:00+00:00,99739.33336668191
2023-03-06 08:00:00+00:00,99739.33336668191
2023-03-06 12:00:00+00:00,99739.33336668191
2023-03-06 16:00:00+00:00,99739.33336668191
2023-03-06 20:00:00+00:00,99739.33336668191
2023-03-07 00:00:00+00:00,99739.33336668191
2023-03-07 04:00:00+00:00,99739.33336668191
2023-03-07 08:00:00+00:00,99739.33336668191
2023-03-07 12:00:00+00:00,99739.33336668191
2023-03-07 16:00:00+00:00,99739.33336668191
2023-03-07 20:00:00+00:00,99739.33336668191
2023-03-08 00:00:00+00:00,99739.33336668191
2023-03-08 04:00:00+00:00,99739.33336668191
2023-03-08 08:00:00+00:00,99739.33336668191
2023-03-08 12:00:00+00:00,99739.33336668191
2023-03-08 16:00:00+00:00,99739.33336668191
2023-03-08 20:00:00+00:00,99739.33336668191
2023-03-09 00:00:00+00:00,99739.33336668191
2023-03-09 04:00:00+00:00,99739.33336668191
2023-03-09 08:00:00+00:00,99739.33336668191
2023-03-09 12:00:00+00:00,99739.33336668191
2023-03-09 16:00:00+00:00,99739.33336668191
2023-03-09 20:00:00+00:00,99739.33336668191
2023-03-10 00:00:00+00:00,99739.33336668191
2023-03-10 04:00:00+00:00,99739.33336668191
2023-03-10 08:00:00+00:00,99739.33336668191
2023-03-10 12:00:00+00:00,99739.33336668191
2023-03-10 16:00:00+00:00,99739.33336668191
2023-03-10 20:00:00+00:00,99739.33336668191
2023-03-11 00:00:00+00:00,99739.33336668191
2023-03-11 04:00:00+00:00,99739.33336668191
2023-03-11 08:00:00+00:00,99739.33336668191
2023-03-11 12:00:00+00:00,99739.33336668191
2023-03-11 16:00:00+00:00,99739.33336668191
2023-03-11 20:00:00+00:00,99739.33336668191
2023-03-12 00:00:00+00:00,99739.33336668191
2023-03-12 04:00:00+00:00,99739.33336668191
2023-03-12 08:00:00+00:00,99739.33336668191
2023-03-12 12:00:00+00:00,99739.33336668191
2023-03-12 16:00:00+00:00,99739.33336668191
2023-03-12 20:00:00+00:00,99739.33336668191
2023-03-13 00:00:00+00:00,99739.33336668191
2023-03-13 04:00:00+00:00,99739.33336668191
2023-03-13 08:00:00+00:00,99739.33336668191
2023-03-13 12:00:00+00:00,99739.33336668191
2023-03-13 16:00:00+00:00,99739.33336668191
2023-03-13 20:00:00+00:00,99739.33336668191
2023-03-14 00:00:00+00:00,99739.33336668191
2023-03-14 04:00:00+00:00,99739.33336668191
2023-03-14 08:00:00+00:00,99739.33336668191
2023-03-14 12:00:00+00:00,99739.33336668191
2023-03-14 16:00:00+00:00,99672.57726688223
2023-03-14 20:00:00+00:00,99618.60388540263
2023-03-15 00:00:00+00:00,99641.89621088226
2023-03-15 04:00:00+00:00,99651.90678333156
2023-03-15 08:00:00+00:00,99531.60797209246
2023-03-15 12:00:00+00:00,99400.03506267846
2023-03-15 16:00:00+00:00,99385.15092078743
2023-03-15 20:00:00+00:00,99386.75584435444
2023-03-16 00:00:00+00:00,99393.83896349184
2023-03-16 04:00:00+00:00,99416.8670658198
2023-03-16 08:00:00+00:00,99405.9852847707
2023-03-16 12:00:00+00:00,99427.66012135445
2023-03-16 16:00:00+00:00,99433.39824235238
2023-03-16 20:00:00+00:00,99433.36134060434
2023-03-17 00:00:00+00:00,99437.88694678781
2023-03-17 04:00:00+00:00,99434.09514093859
2023-03-17 08:00:00+00:00,99443.57546215723
2023-03-17 12:00:00+00:00,99436.67725505789
2023-03-17 16:00:00+00:00,99445.07129367124
2023-03-17 20:00:00+00:00,99452.65309052961
2023-03-18 00:00:00+00:00,99461.73273539095
2023-03-18 04:00:00+00:00,99463.18521239221
2023-03-18 08:00:00+00:00,99461.3756151953
2023-03-18 12:00:00+00:00,99439.79293215724
2023-03-18 16:00:00+00:00,99447.1750966081
2023-03-18 20:00:00+00:00,99436.34917230334
2023-03-19 00:00:00+00:00,99442.6634041985
2023-03-19 04:00:00+00:00,99434.63251281178
2023-03-19 08:00:00+00:00,99439.4030155412
2023-03-19 12:00:00+00:00,99447.01986484283
2023-03-19 16:00:00+00:00,99448.74343035951
2023-03-19 20:00:00+00:00,99435.27184474381
2023-03-20 00:00:00+00:00,99418.7790106466
2023-03-20 04:00:00+00:00,99422.38446494055
2023-03-20 08:00:00+00:00,99427.34260800695
2023-03-20 12:00:00+00:00,99428.23550932051
2023-03-20 16:00:00+00:00,99425.04159244933
2023-03-20 20:00:00+00:00,99417.84111365418
2023-03-21 00:00:00+00:00,99422.62362053177
2023-03-21 04:00:00+00:00,99408.78330561447
2023-03-21 08:00:00+00:00,99408.78330561447
2023-03-21 12:00:00+00:00,99408.78330561447
2023-03-21 16:00:00+00:00,99434.53542795766
2023-03-21 20:00:00+00:00,99435.61639564343
2023-03-22 00:00:00+00:00,99429.06302904846
2023-03-22 04:00:00+00:00,99428.11718232342
2023-03-22 08:00:00+00:00,99414.67264673168
2023-03-22 12:00:00+00:00,99409.40292926357
2023-03-22 16:00:00+00:00,99382.91922096226
2023-03-22 20:00:00+00:00,99398.86349432732
2023-03-23 00:00:00+00:00,99397.30960327903
2023-03-23 04:00:00+00:00,99411.69998559581
2023-03-23 08:00:00+00:00,99411.02438079221
2023-03-23 12:00:00+00:00,99414.26728384952
2023-03-23 16:00:00+00:00,99409.60561070465
2023-03-23 20:00:00+00:00,99409.94341310645
2023-03-24 00:00:00+00:00,99404.2007722758
2023-03-24 04:00:00+00:00,99401.83615546318
2023-03-24 08:00:00+00:00,99390.28331332155
2023-03-24 12:00:00+00:00,99389.37600836421
2023-03-24 16:00:00+00:00,99389.37600836421
2023-03-24 20:00:00+00:00,99389.37600836421
2023-03-25 00:00:00+00:00,99389.37600836421
2023-03-25 04:00:00+00:00,99389.37600836421
2023-03-25 08:00:00+00:00,99389.37600836421
2023-03-25 12:00:00+00:00,99389.37600836421
2023-03-25 16:00:00+00:00,99389.37600836421
2023-03-25 20:00:00+00:00,99389.37600836421
2023-03-26 00:00:00+00:00,99389.37600836421
2023-03-26 04:00:00+00:00,99389.37600836421
2023-03-26 08:00:00+00:00,99389.37600836421
2023-03-26 12:00:00+00:00,99389.37600836421
2023-03-26 16:00:00+00:00,99389.37600836421
2023-03-26 20:00:00+00:00,99389.37600836421
2023-03-27 00:00:00+00:00,99389.37600836421
2023-03-27 04:00:00+00:00,99389.37600836421
2023-03-27 08:00:00+00:00,99389.37600836421
2023-03-27 12:00:00+00:00,99389.37600836421
2023-03-27 16:00:00+00:00,99389.37600836421
2023-03-27 20:00:00+00:00,99389.37600836421
2023-03-28 00:00:00+00:00,99389.37600836421
2023-03-28 04:00:00+00:00,99389.37600836421
2023-03-28 08:00:00+00:00,99389.37600836421
2023-03-28 12:00:00+00:00,99389.37600836421
2023-03-28 16:00:00+00:00,99389.37600836421
2023-03-28 20:00:00+00:00,99389.37600836421
2023-03-29 00:00:00+00:00,99389.37600836421
2023-03-29 04:00:00+00:00,99389.37600836421
2023-03-29 08:00:00+00:00,99389.37600836421
2023-03-29 12:00:00+00:00,99389.37600836421
2023-03-29 16:00:00+00:00,99389.37600836421
2023-03-29 20:00:00+00:00,99389.37600836421
2023-03-30 00:00:00+00:00,99389.37600836421
2023-03-30 04:00:00+00:00,99389.37600836421
2023-03-30 08:00:00+00:00,99389.37600836421
2023-03-30 12:00:00+00:00,99389.37600836421
2023-03-30 16:00:00+00:00,99389.37600836421
2023-03-30 20:00:00+00:00,99389.37600836421
2023-03-31 00:00:00+00:00,99389.37600836421
2023-03-31 04:00:00+00:00,99389.37600836421
2023-03-31 08:00:00+00:00,99389.37600836421
2023-03-31 12:00:00+00:00,99396.05575780927
2023-03-31 16:00:00+00:00,99390.43455238051
2023-03-31 20:00:00+00:00,99383.85555898101
2023-04-01 00:00:00+00:00,99387.16982427481
2023-04-01 04:00:00+00:00,99392.50925530413
2023-04-01 08:00:00+00:00,99409.5520411383
2023-04-01 12:00:00+00:00,99399.31863700357
2023-04-01 16:00:00+00:00,99398.2480347558
2023-04-01 20:00:00+00:00,99401.89007350564
2023-04-02 00:00:00+00:00,99405.04021157342
2023-04-02 04:00:00+00:00,99389.70351608538
2023-04-02 08:00:00+00:00,99384.54947931992
2023-04-02 12:00:00+00:00,99378.26793994544
2023-04-02 16:00:00+00:00,99371.1471204385
2023-04-02 20:00:00+00:00,99371.30192086256
2023-04-03 00:00:00+00:00,99369.28951534974
2023-04-03 04:00:00+00:00,99367.77978582356
2023-04-03 08:00:00+00:00,99367.77978582356
2023-04-03 12:00:00+00:00,99367.77978582356
2023-04-03 16:00:00+00:00,99367.77978582356
2023-04-03 20:00:00+00:00,99367.77978582356
2023-04-04 00:00:00+00:00,99367.77978582356
2023-04-04 04:00:00+00:00,99367.77978582356
2023-04-04 08:00:00+00:00,99367.77978582356
2023-04-04 12:00:00+00:00,99367.77978582356
2023-04-04 16:00:00+00:00,99367.77978582356
2023-04-04 20:00:00+00:00,99367.77978582356
2023-04-05 00:00:00+00:00,99367.77978582356
2023-04-05 04:00:00+00:00,99363.66867682035
2023-04-05 08:00:00+00:00,99359.54024855848
2023-04-05 12:00:00+00:00,99340.84139584978
2023-04-05 16:00:00+00:00,99340.84139584978
2023-04-05 20:00:00+00:00,99340.84139584978
2023-04-06 00:00:00+00:00,99340.84139584978
2023-04-06 04:00:00+00:00,99340.84139584978
2023-04-06 08:00:00+00:00,99340.84139584978
2023-04-06 12:00:00+00:00,99340.84139584978
2023-04-06 16:00:00+00:00,99340.84139584978
2023-04-06 20:00:00+00:00,99340.84139584978
2023-04-07 00:00:00+00:00,99340.84139584978
2023-04-07 04:00:00+00:00,99340.84139584978
2023-04-07 08:00:00+00:00,99340.84139584978
2023-04-07 12:00:00+00:00,99340.84139584978
2023-04-07 16:00:00+00:00,99340.84139584978
2023-04-07 20:00:00+00:00,99340.84139584978
2023-04-08 00:00:00+00:00,99340.84139584978
2023-04-08 04:00:00+00:00,99340.84139584978
2023-04-08 08:00:00+00:00,99340.84139584978
2023-04-08 12:00:00+00:00,99340.84139584978
2023-04-08 16:00:00+00:00,99340.84139584978
2023-04-08 20:00:00+00:00,99340.84139584978
2023-04-09 00:00:00+00:00,99340.84139584978
2023-04-09 04:00:00+00:00,99340.84139584978
2023-04-09 08:00:00+00:00,99340.84139584978
2023-04-09 12:00:00+00:00,99340.84139584978
2023-04-09 16:00:00+00:00,99340.84139584978
2023-04-09 20:00:00+00:00,99340.84139584978
2023-04-10 00:00:00+00:00,99340.84139584978
2023-04-10 04:00:00+00:00,99340.84139584978
2023-04-10 08:00:00+00:00,99340.84139584978
2023-04-10 12:00:00+00:00,99340.84139584978
2023-04-10 16:00:00+00:00,99340.84139584978
2023-04-10 20:00:00+00:00,99340.84139584978
2023-04-11 00:00:00+00:00,99340.84139584978
2023-04-11 04:00:00+00:00,99340.84139584978
2023-04-11 08:00:00+00:00,99321.41696986371
2023-04-11 12:00:00+00:00,99320.36177147644
2023-04-11 16:00:00+00:00,99283.8236648436
2023-04-11 20:00:00+00:00,99285.57730627959
2023-04-12 00:00:00+00:00,99261.5066916376
2023-04-12 04:00:00+00:00,99261.5066916376
2023-04-12 08:00:00+00:00,99261.5066916376
2023-04-12 12:00:00+00:00,99261.5066916376
2023-04-12 16:00:00+00:00,99268.8003692533
2023-04-12 20:00:00+00:00,99277.35512064098
2023-04-13 00:00:00+00:00,99265.9487854574
2023-04-13 04:00:00+00:00,99262.98856989785
2023-04-13 08:00:00+00:00,99266.65489192113
2023-04-13 12:00:00+00:00,99270.42984570809
2023-04-13 16:00:00+00:00,99268.60325874224
2023-04-13 20:00:00+00:00,99268.22692072704
2023-04-14 00:00:00+00:00,99318.61979217756
2023-04-14 04:00:00+00:00,99295.12491916763
2023-04-14 08:00:00+00:00,99312.23780399741
2023-04-14 12:00:00+00:00,99232.85796524491
2023-04-14 16:00:00+00:00,99289.02662949226
2023-04-14 20:00:00+00:00,99302.98042344992
2023-04-15 00:00:00+00:00,99283.34951206025
2023-04-15 04:00:00+00:00,99311.28717695683
2023-04-15 08:00:00+00:00,99354.50746847795
2023-04-15 12:00:00+00:00,99338.47808473621
2023-04-15 16:00:00+00:00,99331.1771756633
2023-04-15 20:00:00+00:00,99322.00205581584
2023-04-16 00:00:00+00:00,99304.4631626507
2023-04-16 04:00:00+00:00,99337.9572121904
2023-04-16 08:00:00+00:00,99275.66106811698
2023-04-16 12:00:00+00:00,99317.28622728496
2023-04-16 16:00:00+00:00,99336.92766670742
2023-04-16 20:00:00+00:00,99391.69612446765
2023-04-17 00:00:00+00:00,99371.39089943418
2023-04-17 04:00:00+00:00,99303.4145459559
2023-04-17 08:00:00+00:00,99272.5723816074
2023-04-17 12:00:00+00:00,99255.88423319074
2023-04-17 16:00:00+00:00,99285.08682644798
2023-04-17 20:00:00+00:00,99254.33991493417
2023-04-18 00:00:00+00:00,99248.77701346838
2023-04-18 04:00:00+00:00,99322.67161922058
2023-04-18 08:00:00+00:00,99354.63022382665
2023-04-18 12:00:00+00:00,99329.09787336182
2023-04-18 16:00:00+00:00,99301.01757935608
2023-04-18 20:00:00+00:00,99320.40497564281
2023-04-19 00:00:00+00:00,99307.77669948219
2023-04-19 04:00:00+00:00,99254.49452028851
2023-04-19 08:00:00+00:00,99191.50431051968
2023-04-19 12:00:00+00:00,99188.73633764044
2023-04-19 16:00:00+00:00,99181.50477935658
2023-04-19 20:00:00+00:00,99180.4124908628
2023-04-20 00:00:00+00:00,99180.4124908628
2023-04-20 04:00:00+00:00,99180.4124908628
2023-04-20 08:00:00+00:00,99180.4124908628
2023-04-20 12:00:00+00:00,99180.4124908628
2023-04-20 16:00:00+00:00,99180.4124908628
2023-04-20 20:00:00+00:00,99180.4124908628
2023-04-21 00:00:00+00:00,99180.4124908628
2023-04-21 04:00:00+00:00,99180.4124908628
2023-04-21 08:00:00+00:00,99180.4124908628
2023-04-21 12:00:00+00:00,99180.4124908628
2023-04-21 16:00:00+00:00,99180.4124908628
2023-04-21 20:00:00+00:00,99180.4124908628
2023-04-22 00:00:00+00:00,99180.4124908628
2023-04-22 04:00:00+00:00,99180.4124908628
2023-04-22 08:00:00+00:00,99180.4124908628
2023-04-22 12:00:00+00:00,99180.4124908628
2023-04-22 16:00:00+00:00,99180.4124908628
2023-04-22 20:00:00+00:00,99180.4124908628
2023-04-23 00:00:00+00:00,99180.4124908628
2023-04-23 04:00:00+00:00,99180.4124908628
2023-04-23 08:00:00+00:00,99180.4124908628
2023-04-23 12:00:00+00:00,99180.4124908628
2023-04-23 16:00:00+00:00,99180.4124908628
2023-04-23 20:00:00+00:00,99180.4124908628
2023-04-24 00:00:00+00:00,99180.4124908628
2023-04-24 04:00:00+00:00,99180.4124908628
2023-04-24 08:00:00+00:00,99180.4124908628
2023-04-24 12:00:00+00:00,99180.4124908628
2023-04-24 16:00:00+00:00,99180.4124908628
2023-04-24 20:00:00+00:00,99180.4124908628
2023-04-25 00:00:00+00:00,99180.4124908628
2023-04-25 04:00:00+00:00,99180.4124908628
2023-04-25 08:00:00+00:00,99180.4124908628
2023-04-25 12:00:00+00:00,99180.4124908628
2023-04-25 16:00:00+00:00,99180.4124908628
2023-04-25 20:00:00+00:00,99180.4124908628
2023-04-26 00:00:00+00:00,99178.19942474733
2023-04-26 04:00:00+00:00,99171.56948531498
2023-04-26 08:00:00+00:00,99177.77700289206
2023-04-26 12:00:00+00:00,99192.48978562666
2023-04-26 16:00:00+00:00,99140.47183093624
2023-04-26 20:00:00+00:00,99140.47183093624
2023-04-27 00:00:00+00:00,99140.47183093624
2023-04-27 04:00:00+00:00,99140.47183093624
2023-04-27 08:00:00+00:00,99140.47183093624
2023-04-27 12:00:00+00:00,99140.47183093624
2023-04-27 16:00:00+00:00,99140.47183093624
2023-04-27 20:00:00+00:00,99140.47183093624
2023-04-28 00:00:00+00:00,99140.47183093624
2023-04-28 04:00:00+00:00,99140.47183093624
2023-04-28 08:00:00+00:00,99140.47183093624
2023-04-28 12:00:00+00:00,99140.47183093624
2023-04-28 16:00:00+00:00,99140.47183093624
2023-04-28 20:00:00+00:00,99140.47183093624
2023-04-29 00:00:00+00:00,99140.47183093624
2023-04-29 04:00:00+00:00,99140.47183093624
2023-04-29 08:00:00+00:00,99140.47183093624
2023-04-29 12:00:00+00:00,99140.47183093624
2023-04-29 16:00:00+00:00,99140.47183093624
2023-04-29 20:00:00+00:00,99140.47183093624
2023-04-30 00:00:00+00:00,99140.47183093624
2023-04-30 04:00:00+00:00,99140.47183093624
2023-04-30 08:00:00+00:00,99140.47183093624
2023-04-30 12:00:00+00:00,99140.47183093624
2023-04-30 16:00:00+00:00,99140.47183093624
2023-04-30 20:00:00+00:00,99140.47183093624
2023-05-01 00:00:00+00:00,99140.47183093624
2023-05-01 04:00:00+00:00,99140.47183093624
2023-05-01 08:00:00+00:00,99140.47183093624
2023-05-01 12:00:00+00:00,99140.47183093624
2023-05-01 16:00:00+00:00,99140.47183093624
2023-05-01 20:00:00+00:00,99140.47183093624
2023-05-02 00:00:00+00:00,99140.47183093624
2023-05-02 04:00:00+00:00,99140.47183093624
2023-05-02 08:00:00+00:00,99140.47183093624
2023-05-02 12:00:00+00:00,99140.47183093624
2023-05-02 16:00:00+00:00,99140.47183093624
2023-05-02 20:00:00+00:00,99140.47183093624
2023-05-03 00:00:00+00:00,99140.47183093624
2023-05-03 04:00:00+00:00,99140.47183093624
2023-05-03 08:00:00+00:00,99140.47183093624
2023-05-03 12:00:00+00:00,99140.47183093624
2023-05-03 16:00:00+00:00,99140.47183093624
2023-05-03 20:00:00+00:00,99140.47183093624
2023-05-04 00:00:00+00:00,99140.47183093624
2023-05-04 04:00:00+00:00,99140.47183093624
2023-05-04 08:00:00+00:00,99140.47183093624
2023-05-04 12:00:00+00:00,99140.47183093624
2023-05-04 16:00:00+00:00,99140.47183093624
2023-05-04 20:00:00+00:00,99140.47183093624
2023-05-05 00:00:00+00:00,99140.47183093624
2023-05-05 04:00:00+00:00,99140.47183093624
2023-05-05 08:00:00+00:00,99140.47183093624
2023-05-05 12:00:00+00:00,99140.47183093624
2023-05-05 16:00:00+00:00,99140.47183093624
2023-05-05 20:00:00+00:00,99140.47183093624
2023-05-06 00:00:00+00:00,99140.47183093624
2023-05-06 04:00:00+00:00,99140.47183093624
2023-05-06 08:00:00+00:00,99140.47183093624
2023-05-06 12:00:00+00:00,99140.47183093624
2023-05-06 16:00:00+00:00,99140.47183093624
2023-05-06 20:00:00+00:00,99140.47183093624
2023-05-07 00:00:00+00:00,99140.47183093624
2023-05-07 04:00:00+00:00,99140.47183093624
2023-05-07 08:00:00+00:00,99140.47183093624
2023-05-07 12:00:00+00:00,99140.47183093624
2023-05-07 16:00:00+00:00,99140.47183093624
2023-05-07 20:00:00+00:00,99140.47183093624
2023-05-08 00:00:00+00:00,99140.47183093624
2023-05-08 04:00:00+00:00,99140.47183093624
2023-05-08 08:00:00+00:00,99140.47183093624
2023-05-08 12:00:00+00:00,99140.47183093624
2023-05-08 16:00:00+00:00,99140.47183093624
2023-05-08 20:00:00+00:00,99140.47183093624
2023-05-09 00:00:00+00:00,99140.47183093624
2023-05-09 04:00:00+00:00,99140.47183093624
2023-05-09 08:00:00+00:00,99140.47183093624
2023-05-09 12:00:00+00:00,99140.47183093624
2023-05-09 16:00:00+00:00,99140.47183093624
2023-05-09 20:00:00+00:00,99140.47183093624
2023-05-10 00:00:00+00:00,99140.47183093624
2023-05-10 04:00:00+00:00,99140.47183093624
2023-05-10 08:00:00+00:00,99140.47183093624
2023-05-10 12:00:00+00:00,99140.47183093624
2023-05-10 16:00:00+00:00,99140.47183093624
2023-05-10 20:00:00+00:00,99140.47183093624
2023-05-11 00:00:00+00:00,99140.47183093624
2023-05-11 04:00:00+00:00,99140.47183093624
2023-05-11 08:00:00+00:00,99140.47183093624
2023-05-11 12:00:00+00:00,99140.47183093624
2023-05-11 16:00:00+00:00,99140.47183093624
2023-05-11 20:00:00+00:00,99140.47183093624
2023-05-12 00:00:00+00:00,99140.47183093624
2023-05-12 04:00:00+00:00,99140.47183093624
2023-05-12 08:00:00+00:00,99140.47183093624
2023-05-12 12:00:00+00:00,99140.47183093624
2023-05-12 16:00:00+00:00,99140.47183093624
2023-05-12 20:00:00+00:00,99140.47183093624
2023-05-13 00:00:00+00:00,99140.47183093624
2023-05-13 04:00:00+00:00,99140.47183093624
2023-05-13 08:00:00+00:00,99140.47183093624
2023-05-13 12:00:00+00:00,99140.47183093624
2023-05-13 16:00:00+00:00,99140.47183093624
2023-05-13 20:00:00+00:00,99140.47183093624
2023-05-14 00:00:00+00:00,99140.47183093624
2023-05-14 04:00:00+00:00,99140.47183093624
2023-05-14 08:00:00+00:00,99140.47183093624
2023-05-14 12:00:00+00:00,99140.47183093624
2023-05-14 16:00:00+00:00,99140.47183093624
2023-05-14 20:00:00+00:00,99140.47183093624
2023-05-15 00:00:00+00:00,99140.47183093624
2023-05-15 04:00:00+00:00,99140.47183093624
2023-05-15 08:00:00+00:00,99140.47183093624
2023-05-15 12:00:00+00:00,99140.47183093624
2023-05-15 16:00:00+00:00,99140.47183093624
2023-05-15 20:00:00+00:00,99140.47183093624
2023-05-16 00:00:00+00:00,99140.47183093624
2023-05-16 04:00:00+00:00,99136.92113836564
2023-05-16 08:00:00+00:00,99134.00146705602
2023-05-16 12:00:00+00:00,99134.00146705602
2023-05-16 16:00:00+00:00,99129.6219600916
2023-05-16 20:00:00+00:00,99134.9746908259
2023-05-17 00:00:00+00:00,99139.59750373279
2023-05-17 04:00:00+00:00,99140.08411561773
2023-05-17 08:00:00+00:00,99135.94791459577
2023-05-17 12:00:00+00:00,99133.51485517109
2023-05-17 16:00:00+00:00,99152.97933056855
2023-05-17 20:00:00+00:00,99147.76941217302
2023-05-18 00:00:00+00:00,99145.50818960022
2023-05-18 04:00:00+00:00,99122.8462876034
2023-05-18 08:00:00+00:00,99114.51667012677
2023-05-18 12:00:00+00:00,99098.87845380242
2023-05-18 16:00:00+00:00,99045.13208461257
2023-05-18 20:00:00+00:00,99045.13208461257
2023-05-19 00:00:00+00:00,99045.13208461257
2023-05-19 04:00:00+00:00,99045.13208461257
2023-05-19 08:00:00+00:00,99045.13208461257
2023-05-19 12:00:00+00:00,99045.13208461257
2023-05-19 16:00:00+00:00,99045.13208461257
2023-05-19 20:00:00+00:00,99045.13208461257
2023-05-20 00:00:00+00:00,99045.13208461257
2023-05-20 04:00:00+00:00,99045.13208461257
2023-05-20 08:00:00+00:00,99045.13208461257
2023-05-20 12:00:00+00:00,99045.13208461257
2023-05-20 16:00:00+00:00,99045.13208461257
2023-05-20 20:00:00+00:00,99045.13208461257
2023-05-21 00:00:00+00:00,99045.13208461257
2023-05-21 04:00:00+00:00,99045.13208461257
2023-05-21 08:00:00+00:00,99045.13208461257
2023-05-21 12:00:00+00:00,99045.13208461257
2023-05-21 16:00:00+00:00,99045.13208461257
2023-05-21 20:00:00+00:00,99045.13208461257
2023-05-22 00:00:00+00:00,99045.13208461257
2023-05-22 04:00:00+00:00,99045.13208461257
2023-05-22 08:00:00+00:00,99045.13208461257
2023-05-22 12:00:00+00:00,99061.26875958471
2023-05-22 16:00:00+00:00,99058.12938265885
2023-05-22 20:00:00+00:00,99049.62690348466
2023-05-23 00:00:00+00:00,99065.9778249735
2023-05-23 04:00:00+00:00,99047.55084360715
2023-05-23 08:00:00+00:00,99044.68768002793
2023-05-23 12:00:00+00:00,99056.34411242104
2023-05-23 16:00:00+00:00,99043.2826838655
2023-05-23 20:00:00+00:00,99044.18860306701
2023-05-24 00:00:00+00:00,99022.401831723
2023-05-24 04:00:00+00:00,99012.41196561663
2023-05-24 08:00:00+00:00,98995.69566572875
2023-05-24 12:00:00+00:00,98999.09665739843
2023-05-24 16:00:00+00:00,98997.65777630742
2023-05-24 20:00:00+00:00,98993.60274777818
2023-05-25 00:00:00+00:00,98999.09665739843
2023-05-25 04:00:00+00:00,99002.75926381192
2023-05-25 08:00:00+00:00,98999.09665739843
2023-05-25 12:00:00+00:00,99000.53553848945
2023-05-25 16:00:00+00:00,99001.71280483664
2023-05-25 20:00:00+00:00,98992.5562888029
2023-05-26 00:00:00+00:00,98998.57342791079
2023-05-26 04:00:00+00:00,98996.08808784449
2023-05-26 08:00:00+00:00,98980.14611108386
2023-05-26 12:00:00+00:00,98980.14611108386
2023-05-26 16:00:00+00:00,98980.14611108386
2023-05-26 20:00:00+00:00,98980.14611108386
2023-05-27 00:00:00+00:00,98980.14611108386
2023-05-27 04:00:00+00:00,98980.14611108386
2023-05-27 08:00:00+00:00,98980.14611108386
2023-05-27 12:00:00+00:00,98980.14611108386
2023-05-27 16:00:00+00:00,98980.14611108386
2023-05-27 20:00:00+00:00,98980.14611108386
2023-05-28 00:00:00+00:00,98980.14611108386
2023-05-28 04:00:00+00:00,98980.14611108386
2023-05-28 08:00:00+00:00,98980.14611108386
2023-05-28 12:00:00+00:00,98980.14611108386
2023-05-28 16:00:00+00:00,98980.14611108386
2023-05-28 20:00:00+00:00,98996.22753741713
2023-05-29 00:00:00+00:00,98991.12207687846
2023-05-29 04:00:00+00:00,99002.53058891758
2023-05-29 08:00:00+00:00,99001.86727614481
2023-05-29 12:00:00+00:00,98985.03743765833
2023-05-29 16:00:00+00:00,98984.2939917542
2023-05-29 20:00:00+00:00,98998.04268840613
2023-05-30 00:00:00+00:00,99010.35406633804
2023-05-30 04:00:00+00:00,99011.6030474346
2023-05-30 08:00:00+00:00,99094.63211871602
2023-05-30 12:00:00+00:00,99029.50004769054
2023-05-30 16:00:00+00:00,99065.4311842022
2023-05-30 20:00:00+00:00,99072.76965102277
2023-05-31 00:00:00+00:00,99089.01476205027
2023-05-31 04:00:00+00:00,98995.60001072595
2023-05-31 08:00:00+00:00,98987.97562179269
2023-05-31 12:00:00+00:00,98987.56425541198
2023-05-31 16:00:00+00:00,99027.57539995159
2023-05-31 20:00:00+00:00,99057.03630262135
2023-06-01 00:00:00+00:00,99047.42774886877
2023-06-01 04:00:00+00:00,99033.88391420303
2023-06-01 08:00:00+00:00,99056.22760554029
2023-06-01 12:00:00+00:00,99041.05398344039
2023-06-01 16:00:00+00:00,99036.64536978623
2023-06-01 20:00:00+00:00,99023.06684398669
2023-06-02 00:00:00+00:00,99102.27958971079
2023-06-02 04:00:00+00:00,99127.22944773328
2023-06-02 08:00:00+00:00,99117.56554739347
2023-06-02 12:00:00+00:00,99104.62390541428
2023-06-02 16:00:00+00:00,99130.44606928642
2023-06-02 20:00:00+00:00,99120.91515998283
2023-06-03 00:00:00+00:00,99107.37370394012
2023-06-03 04:00:00+00:00,99118.69528476598
2023-06-03 08:00:00+00:00,99128.0989616659
2023-06-03 12:00:00+00:00,99119.90384970172
2023-06-03 16:00:00+00:00,99087.81130264695
2023-06-03 20:00:00+00:00,99083.82081490832
2023-06-04 00:00:00+00:00,99089.71143923735
2023-06-04 04:00:00+00:00,99096.34392659493
2023-06-04 08:00:00+00:00,99099.38497343236
2023-06-04 12:00:00+00:00,99087.23967957213
2023-06-04 16:00:00+00:00,99081.88693876796
2023-06-04 20:00:00+00:00,99056.02832531423
2023-06-05 00:00:00+00:00,99042.95706152913
2023-06-05 04:00:00+00:00,99070.3604547364
2023-06-05 08:00:00+00:00,99075.48949196114
2023-06-05 12:00:00+00:00,99011.14191601439
2023-06-05 16:00:00+00:00,99011.14191601439
2023-06-05 20:00:00+00:00,99011.14191601439
2023-06-06 00:00:00+00:00,99011.14191601439
2023-06-06 04:00:00+00:00,99011.14191601439
2023-06-06 08:00:00+00:00,99011.14191601439
2023-06-06 12:00:00+00:00,99011.14191601439
2023-06-06 16:00:00+00:00,99011.14191601439
2023-06-06 20:00:00+00:00,99011.14191601439
2023-06-07 00:00:00+00:00,99011.14191601439
2023-06-07 04:00:00+00:00,99011.14191601439
2023-06-07 08:00:00+00:00,99011.14191601439
2023-06-07 12:00:00+00:00,99011.14191601439
2023-06-07 16:00:00+00:00,99011.14191601439
2023-06-07 20:00:00+00:00,99011.14191601439
2023-06-08 00:00:00+00:00,99011.14191601439
2023-06-08 04:00:00+00:00,99011.14191601439
2023-06-08 08:00:00+00:00,99011.14191601439
2023-06-08 12:00:00+00:00,99011.14191601439
2023-06-08 16:00:00+00:00,99011.14191601439
2023-06-08 20:00:00+00:00,99011.14191601439
2023-06-09 00:00:00+00:00,99011.14191601439
2023-06-09 04:00:00+00:00,99011.14191601439
2023-06-09 08:00:00+00:00,99011.14191601439
2023-06-09 12:00:00+00:00,99011.14191601439
2023-06-09 16:00:00+00:00,99011.14191601439
2023-06-09 20:00:00+00:00,99011.14191601439
2023-06-10 00:00:00+00:00,99011.14191601439
2023-06-10 04:00:00+00:00,99011.14191601439
2023-06-10 08:00:00+00:00,99011.14191601439
2023-06-10 12:00:00+00:00,99011.14191601439
2023-06-10 16:00:00+00:00,99011.14191601439
2023-06-10 20:00:00+00:00,99011.14191601439
2023-06-11 00:00:00+00:00,99011.14191601439
2023-06-11 04:00:00+00:00,99011.14191601439
2023-06-11 08:00:00+00:00,99011.14191601439
2023-06-11 12:00:00+00:00,99011.14191601439
2023-06-11 16:00:00+00:00,99011.14191601439
2023-06-11 20:00:00+00:00,99011.14191601439
2023-06-12 00:00:00+00:00,99011.14191601439
2023-06-12 04:00:00+00:00,99011.14191601439
2023-06-12 08:00:00+00:00,99011.14191601439
2023-06-12 12:00:00+00:00,99011.14191601439
2023-06-12 16:00:00+00:00,99011.14191601439
2023-06-12 20:00:00+00:00,99011.14191601439
2023-06-13 00:00:00+00:00,99011.14191601439
2023-06-13 04:00:00+00:00,99011.14191601439
2023-06-13 08:00:00+00:00,99011.14191601439
2023-06-13 12:00:00+00:00,99011.14191601439
2023-06-13 16:00:00+00:00,99011.14191601439
2023-06-13 20:00:00+00:00,99011.14191601439
2023-06-14 00:00:00+00:00,99011.14191601439
2023-06-14 04:00:00+00:00,99011.14191601439
2023-06-14 08:00:00+00:00,99011.14191601439
2023-06-14 12:00:00+00:00,99011.14191601439
2023-06-14 16:00:00+00:00,99011.14191601439
2023-06-14 20:00:00+00:00,99011.14191601439
2023-06-15 00:00:00+00:00,99011.14191601439
2023-06-15 04:00:00+00:00,99011.14191601439
2023-06-15 08:00:00+00:00,99011.14191601439
2023-06-15 12:00:00+00:00,99011.14191601439
2023-06-15 16:00:00+00:00,99011.14191601439
2023-06-15 20:00:00+00:00,99011.14191601439
2023-06-16 00:00:00+00:00,99011.14191601439
2023-06-16 04:00:00+00:00,99011.14191601439
2023-06-16 08:00:00+00:00,99011.14191601439
2023-06-16 12:00:00+00:00,99011.14191601439
2023-06-16 16:00:00+00:00,99011.14191601439
2023-06-16 20:00:00+00:00,99011.14191601439
2023-06-17 00:00:00+00:00,99011.14191601439
2023-06-17 04:00:00+00:00,99011.14191601439
2023-06-17 08:00:00+00:00,99011.14191601439
2023-06-17 12:00:00+00:00,99011.14191601439
2023-06-17 16:00:00+00:00,99011.14191601439
2023-06-17 20:00:00+00:00,99005.38636279208
2023-06-18 00:00:00+00:00,98998.40384180492
2023-06-18 04:00:00+00:00,98995.10317121421
2023-06-18 08:00:00+00:00,98991.31736268892
2023-06-18 12:00:00+00:00,98990.71094027068
2023-06-18 16:00:00+00:00,98991.40399446295
2023-06-18 20:00:00+00:00,98973.9486573202
2023-06-19 00:00:00+00:00,98973.9486573202
2023-06-19 04:00:00+00:00,98973.9486573202
2023-06-19 08:00:00+00:00,98973.9486573202
2023-06-19 12:00:00+00:00,98973.9486573202
2023-06-19 16:00:00+00:00,98973.9486573202
2023-06-19 20:00:00+00:00,98973.9486573202
2023-06-20 00:00:00+00:00,98973.9486573202
2023-06-20 04:00:00+00:00,98973.9486573202
2023-06-20 08:00:00+00:00,98973.9486573202
2023-06-20 12:00:00+00:00,98973.9486573202
2023-06-20 16:00:00+00:00,98973.9486573202
2023-06-20 20:00:00+00:00,98973.9486573202
2023-06-21 00:00:00+00:00,98973.9486573202
2023-06-21 04:00:00+00:00,98973.9486573202
2023-06-21 08:00:00+00:00,98973.9486573202
2023-06-21 12:00:00+00:00,98973.9486573202
2023-06-21 16:00:00+00:00,98973.9486573202
2023-06-21 20:00:00+00:00,98973.9486573202
2023-06-22 00:00:00+00:00,98973.9486573202
2023-06-22 04:00:00+00:00,98967.84260479228
2023-06-22 08:00:00+00:00,98934.50422143965
2023-06-22 12:00:00+00:00,98932.2184068155
2023-06-22 16:00:00+00:00,98949.43729839702
2023-06-22 20:00:00+00:00,98934.87008944625
2023-06-23 00:00:00+00:00,98945.37778018849
2023-06-23 04:00:00+00:00,98952.25503618387
2023-06-23 08:00:00+00:00,98958.90803203164
2023-06-23 12:00:00+00:00,98993.79592265704
2023-06-23 16:00:00+00:00,98978.80947755733
2023-06-23 20:00:00+00:00,98965.39493522198
2023-06-24 00:00:00+00:00,99001.23374856981
2023-06-24 04:00:00+00:00,98946.1338124217
2023-06-24 08:00:00+00:00,98984.28037022139
2023-06-24 12:00:00+00:00,98847.81362306155
2023-06-24 16:00:00+00:00,98902.8178140526
2023-06-24 20:00:00+00:00,98912.15240307037
2023-06-25 00:00:00+00:00,99052.3754911978
2023-06-25 04:00:00+00:00,99123.95962882084
2023-06-25 08:00:00+00:00,99129.31164937624
2023-06-25 12:00:00+00:00,99055.82046749948
2023-06-25 16:00:00+00:00,99037.00757146128
2023-06-25 20:00:00+00:00,99066.65982018952
2023-06-26 00:00:00+00:00,98977.52677162219
2023-06-26 04:00:00+00:00,99108.73146005592
2023-06-26 08:00:00+00:00,99129.08983024827
2023-06-26 12:00:00+00:00,99135.91228857137
2023-06-26 16:00:00+00:00,99012.27911750507
2023-06-26 20:00:00+00:00,98943.87803134938
2023-06-27 00:00:00+00:00,98974.63686080517
2023-06-27 04:00:00+00:00,98987.33973709738
2023-06-27 08:00:00+00:00,99008.41184680338
2023-06-27 12:00:00+00:00,98969.77465936962
2023-06-27 16:00:00+00:00,99051.03589572347
2023-06-27 20:00:00+00:00,99051.30117611405
2023-06-28 00:00:00+00:00,99008.0876526068
2023-06-28 04:00:00+00:00,98966.07940954741
2023-06-28 08:00:00+00:00,98945.95814079371
2023-06-28 12:00:00+00:00,98976.87717354018
2023-06-28 16:00:00+00:00,98951.59631735337
2023-06-28 20:00:00+00:00,98945.23063414085
2023-06-29 00:00:00+00:00,98967.69240204785
2023-06-29 04:00:00+00:00,98966.78301873177
2023-06-29 08:00:00+00:00,98961.50859549856
2023-06-29 12:00:00+00:00,98953.41508398551
2023-06-29 16:00:00+00:00,98969.6021070116
2023-06-29 20:00:00+00:00,98961.69047216176
2023-06-30 00:00:00+00:00,98983.3337950843
2023-06-30 04:00:00+00:00,99006.43213131254
2023-06-30 08:00:00+00:00,99065.9967385153
2023-06-30 12:00:00+00:00,98971.38476290641
2023-06-30 16:00:00+00:00,99018.67269534217
2023-06-30 20:00:00+00:00,99001.03065901037
2023-07-01 00:00:00+00:00,98976.20449448159
2023-07-01 04:00:00+00:00,98965.29189468872
2023-07-01 08:00:00+00:00,98971.99539889366
2023-07-01 12:00:00+00:00,98964.75526240851
2023-07-01 16:00:00+00:00,98965.59425793683
2023-07-01 20:00:00+00:00,98976.36710998412
2023-07-02 00:00:00+00:00,98930.40327488467
2023-07-02 04:00:00+00:00,98931.64827086954
2023-07-02 08:00:00+00:00,98950.39540131076
2023-07-02 12:00:00+00:00,98956.30754029202
2023-07-02 16:00:00+00:00,98949.53878925211
2023-07-02 20:00:00+00:00,98973.746417954
2023-07-03 00:00:00+00:00,99007.5127633653
2023-07-03 04:00:00+00:00,98994.66018736339
2023-07-03 08:00:00+00:00,98977.18347455485
2023-07-03 12:00:00+00:00,98998.5371404736
2023-07-03 16:00:00+00:00,99017.13497283531
2023-07-03 20:00:00+00:00,98962.56694514131
2023-07-04 00:00:00+00:00,98960.4394172545
2023-07-04 04:00:00+00:00,98917.05419674929
2023-07-04 08:00:00+00:00,98955.67993207654
2023-07-04 12:00:00+00:00,98930.1099842965
2023-07-04 16:00:00+00:00,98872.68864222248
2023-07-04 20:00:00+00:00,98875.01830070394
2023-07-05 00:00:00+00:00,98902.20962683362
2023-07-05 04:00:00+00:00,98911.43238533751
2023-07-05 08:00:00+00:00,98833.98382497202
2023-07-05 12:00:00+00:00,98830.84216920022
2023-07-05 16:00:00+00:00,98826.80800014352
2023-07-05 20:00:00+00:00,98832.78969908966
2023-07-06 00:00:00+00:00,98841.69269286997
2023-07-06 04:00:00+00:00,98844.05755059287
2023-07-06 08:00:00+00:00,98844.61398770414
2023-07-06 12:00:00+00:00,98837.51941453545
2023-07-06 16:00:00+00:00,98840.85803720307
2023-07-06 20:00:00+00:00,98833.48524547875
2023-07-07 00:00:00+00:00,98846.00508048231
2023-07-07 04:00:00+00:00,98845.03131553759
2023-07-07 08:00:00+00:00,98848.2308289274
2023-07-07 12:00:00+00:00,98864.22839587639
2023-07-07 16:00:00+00:00,98854.35163715135
2023-07-07 20:00:00+00:00,98856.99471342989
2023-07-08 00:00:00+00:00,98861.8635381535
2023-07-08 04:00:00+00:00,98858.6640247637
2023-07-08 08:00:00+00:00,98861.02888248659
2023-07-08 12:00:00+00:00,98863.39374020949
2023-07-08 16:00:00+00:00,98863.53284948731
2023-07-08 20:00:00+00:00,98874.10515460142
2023-07-09 00:00:00+00:00,98874.38337315706
2023-07-09 04:00:00+00:00,98874.52248243488
2023-07-09 08:00:00+00:00,98866.87147215492
2023-07-09 12:00:00+00:00,98855.04718354045
2023-07-09 16:00:00+00:00,98847.5352825383
2023-07-09 20:00:00+00:00,98838.35407020235
2023-07-10 00:00:00+00:00,98836.7378810849
2023-07-10 04:00:00+00:00,98836.7378810849
2023-07-10 08:00:00+00:00,98836.7378810849
2023-07-10 12:00:00+00:00,98836.7378810849
2023-07-10 16:00:00+00:00,98836.7378810849
2023-07-10 20:00:00+00:00,98836.7378810849
2023-07-11 00:00:00+00:00,98836.7378810849
2023-07-11 04:00:00+00:00,98836.7378810849
2023-07-11 08:00:00+00:00,98836.7378810849
2023-07-11 12:00:00+00:00,98836.7378810849
2023-07-11 16:00:00+00:00,98836.7378810849
2023-07-11 20:00:00+00:00,98836.7378810849
2023-07-12 00:00:00+00:00,98836.7378810849
2023-07-12 04:00:00+00:00,98836.7378810849
2023-07-12 08:00:00+00:00,98836.7378810849
2023-07-12 12:00:00+00:00,98836.7378810849
2023-07-12 16:00:00+00:00,98836.7378810849
2023-07-12 20:00:00+00:00,98836.7378810849
2023-07-13 00:00:00+00:00,98836.7378810849
2023-07-13 04:00:00+00:00,98836.7378810849
2023-07-13 08:00:00+00:00,98836.7378810849
2023-07-13 12:00:00+00:00,98857.57746717735
2023-07-13 16:00:00+00:00,98961.66447037681
2023-07-13 20:00:00+00:00,99012.6927038997
2023-07-14 00:00:00+00:00,99037.11946153967
2023-07-14 04:00:00+00:00,98992.89468302316
2023-07-14 08:00:00+00:00,98977.7576984402
2023-07-14 12:00:00+00:00,99002.74374772751
2023-07-14 16:00:00+00:00,98831.90374297762
2023-07-14 20:00:00+00:00,98878.80831127832
2023-07-15 00:00:00+00:00,98854.84920504501
2023-07-15 04:00:00+00:00,98895.82972183733
2023-07-15 08:00:00+00:00,98888.64774766113
2023-07-15 12:00:00+00:00,98885.05067396321
2023-07-15 16:00:00+00:00,98883.59247581834
2023-07-15 20:00:00+00:00,98877.4992107455
2023-07-16 00:00:00+00:00,98844.85855186942
2023-07-16 04:00:00+00:00,98859.61545165583
2023-07-16 08:00:00+00:00,98864.58072651603
2023-07-16 12:00:00+00:00,98861.90514875879
2023-07-16 16:00:00+00:00,98824.45014757365
2023-07-16 20:00:00+00:00,98811.73640750693
2023-07-17 00:00:00+00:00,98811.73640750693
2023-07-17 04:00:00+00:00,98811.73640750693
2023-07-17 08:00:00+00:00,98811.73640750693
2023-07-17 12:00:00+00:00,98811.73640750693
2023-07-17 16:00:00+00:00,98811.73640750693
2023-07-17 20:00:00+00:00,98811.73640750693
2023-07-18 00:00:00+00:00,98811.73640750693
2023-07-18 04:00:00+00:00,98811.73640750693
2023-07-18 08:00:00+00:00,98805.90276107342
2023-07-18 12:00:00+00:00,98793.26513763351
2023-07-18 16:00:00+00:00,98788.99009587639
2023-07-18 20:00:00+00:00,98790.46011023498
2023-07-19 00:00:00+00:00,98797.2401764603
2023-07-19 04:00:00+00:00,98790.12260693837
2023-07-19 08:00:00+00:00,98788.26258877035
2023-07-19 12:00:00+00:00,98787.30257939332
2023-07-19 16:00:00+00:00,98793.6251411499
2023-07-19 20:00:00+00:00,98787.59508225038
2023-07-20 00:00:00+00:00,98786.42507082212
2023-07-20 04:00:00+00:00,98785.76634903296
2023-07-20 08:00:00+00:00,98785.7147665723
2023-07-20 12:00:00+00:00,98770.00305066396
2023-07-20 16:00:00+00:00,98766.10898314357
2023-07-20 20:00:00+00:00,98771.8992922391
2023-07-21 00:00:00+00:00,98767.63274869503
2023-07-21 04:00:00+00:00,98758.45629392959
2023-07-21 08:00:00+00:00,98759.06580015017
2023-07-21 12:00:00+00:00,98760.11550530784
2023-07-21 16:00:00+00:00,98758.52401684299
2023-07-21 20:00:00+00:00,98755.34103991328
2023-07-22 00:00:00+00:00,98754.58946459883
2023-07-22 04:00:00+00:00,98754.58946459883
2023-07-22 08:00:00+00:00,98754.58946459883
2023-07-22 12:00:00+00:00,98754.58946459883
2023-07-22 16:00:00+00:00,98754.58946459883
2023-07-22 20:00:00+00:00,98754.58946459883
2023-07-23 00:00:00+00:00,98754.58946459883
2023-07-23 04:00:00+00:00,98754.58946459883
2023-07-23 08:00:00+00:00,98754.58946459883
2023-07-23 12:00:00+00:00,98754.58946459883
2023-07-23 16:00:00+00:00,98754.58946459883
2023-07-23 20:00:00+00:00,98754.58946459883
2023-07-24 00:00:00+00:00,98754.58946459883
2023-07-24 04:00:00+00:00,98754.58946459883
2023-07-24 08:00:00+00:00,98754.58946459883
2023-07-24 12:00:00+00:00,98754.58946459883
2023-07-24 16:00:00+00:00,98754.58946459883
2023-07-24 20:00:00+00:00,98754.58946459883
2023-07-25 00:00:00+00:00,98754.58946459883
2023-07-25 04:00:00+00:00,98754.58946459883
2023-07-25 08:00:00+00:00,98754.58946459883
2023-07-25 12:00:00+00:00,98754.58946459883
2023-07-25 16:00:00+00:00,98754.58946459883
2023-07-25 20:00:00+00:00,98754.58946459883
2023-07-26 00:00:00+00:00,98754.58946459883
2023-07-26 04:00:00+00:00,98754.58946459883
2023-07-26 08:00:00+00:00,98754.58946459883
2023-07-26 12:00:00+00:00,98754.58946459883
2023-07-26 16:00:00+00:00,98754.58946459883
2023-07-26 20:00:00+00:00,98754.58946459883
2023-07-27 00:00:00+00:00,98754.58946459883
2023-07-27 04:00:00+00:00,98754.58946459883
2023-07-27 08:00:00+00:00,98754.58946459883
2023-07-27 12:00:00+00:00,98754.58946459883
2023-07-27 16:00:00+00:00,98754.58946459883
2023-07-27 20:00:00+00:00,98754.58946459883
2023-07-28 00:00:00+00:00,98754.58946459883
2023-07-28 04:00:00+00:00,98754.58946459883
2023-07-28 08:00:00+00:00,98754.58946459883
2023-07-28 12:00:00+00:00,98754.58946459883
2023-07-28 16:00:00+00:00,98754.58946459883
2023-07-28 20:00:00+00:00,98758.80231838398
2023-07-29 00:00:00+00:00,98750.15764272287
2023-07-29 04:00:00+00:00,98740.43238260414
2023-07-29 08:00:00+00:00,98740.2780133959
2023-07-29 12:00:00+00:00,98739.19742893826
2023-07-29 16:00:00+00:00,98754.17153100867
2023-07-29 20:00:00+00:00,98758.84510182706
2023-07-30 00:00:00+00:00,98764.41650944547
2023-07-30 04:00:00+00:00,98744.23731880142
2023-07-30 08:00:00+00:00,98757.30492021261
2023-07-30 12:00:00+00:00,98753.42959357821
2023-07-30 16:00:00+00:00,98728.41398329333
2023-07-30 20:00:00+00:00,98721.93373131233
2023-07-31 00:00:00+00:00,98731.01749694334
2023-07-31 04:00:00+00:00,98730.67646819953
2023-07-31 08:00:00+00:00,98729.96340809879
2023-07-31 12:00:00+00:00,98736.11742679421
2023-07-31 16:00:00+00:00,98732.1955962402
2023-07-31 20:00:00+00:00,98737.99308488527
2023-08-01 00:00:00+00:00,98719.0814909094
2023-08-01 04:00:00+00:00,98720.29059281934
2023-08-01 08:00:00+00:00,98723.79388809683
2023-08-01 12:00:00+00:00,98731.99407925522
2023-08-01 16:00:00+00:00,98754.22295283011
2023-08-01 20:00:00+00:00,98761.32255122432
2023-08-02 00:00:00+00:00,98751.6187333318
2023-08-02 04:00:00+00:00,98720.44560588471
2023-08-02 08:00:00+00:00,98696.36318811023
2023-08-02 12:00:00+00:00,98696.36318811023
2023-08-02 16:00:00+00:00,98696.36318811023
2023-08-02 20:00:00+00:00,98696.36318811023
2023-08-03 00:00:00+00:00,98696.36318811023
2023-08-03 04:00:00+00:00,98696.36318811023
2023-08-03 08:00:00+00:00,98696.36318811023
2023-08-03 12:00:00+00:00,98696.36318811023
2023-08-03 16:00:00+00:00,98696.36318811023
2023-08-03 20:00:00+00:00,98696.36318811023
2023-08-04 00:00:00+00:00,98696.36318811023
2023-08-04 04:00:00+00:00,98696.36318811023
2023-08-04 08:00:00+00:00,98696.36318811023
2023-08-04 12:00:00+00:00,98696.36318811023
2023-08-04 16:00:00+00:00,98696.36318811023
2023-08-04 20:00:00+00:00,98696.36318811023
2023-08-05 00:00:00+00:00,98696.36318811023
2023-08-05 04:00:00+00:00,98696.36318811023
2023-08-05 08:00:00+00:00,98696.36318811023
2023-08-05 12:00:00+00:00,98696.36318811023
2023-08-05 16:00:00+00:00,98696.36318811023
2023-08-05 20:00:00+00:00,98696.36318811023
2023-08-06 00:00:00+00:00,98696.36318811023
2023-08-06 04:00:00+00:00,98696.36318811023
2023-08-06 08:00:00+00:00,98696.36318811023
2023-08-06 12:00:00+00:00,98696.36318811023
2023-08-06 16:00:00+00:00,98696.36318811023
2023-08-06 20:00:00+00:00,98696.36318811023
2023-08-07 00:00:00+00:00,98696.36318811023
2023-08-07 04:00:00+00:00,98696.36318811023
2023-08-07 08:00:00+00:00,98696.36318811023
2023-08-07 12:00:00+00:00,98696.36318811023
2023-08-07 16:00:00+00:00,98696.36318811023
2023-08-07 20:00:00+00:00,98696.36318811023
2023-08-08 00:00:00+00:00,98696.36318811023
2023-08-08 04:00:00+00:00,98696.36318811023
2023-08-08 08:00:00+00:00,98696.36318811023
2023-08-08 12:00:00+00:00,98696.36318811023
2023-08-08 16:00:00+00:00,98696.36318811023
2023-08-08 20:00:00+00:00,98696.36318811023
2023-08-09 00:00:00+00:00,98696.36318811023
2023-08-09 04:00:00+00:00,98696.36318811023
2023-08-09 08:00:00+00:00,98696.36318811023
2023-08-09 12:00:00+00:00,98696.36318811023
2023-08-09 16:00:00+00:00,98696.36318811023
2023-08-09 20:00:00+00:00,98696.36318811023
2023-08-10 00:00:00+00:00,98696.36318811023
2023-08-10 04:00:00+00:00,98696.36318811023
2023-08-10 08:00:00+00:00,98696.36318811023
2023-08-10 12:00:00+00:00,98696.36318811023
2023-08-10 16:00:00+00:00,98696.36318811023
2023-08-10 20:00:00+00:00,98696.36318811023
2023-08-11 00:00:00+00:00,98696.36318811023
2023-08-11 04:00:00+00:00,98696.36318811023
2023-08-11 08:00:00+00:00,98696.36318811023
2023-08-11 12:00:00+00:00,98696.36318811023
2023-08-11 16:00:00+00:00,98696.36318811023
2023-08-11 20:00:00+00:00,98696.36318811023
2023-08-12 00:00:00+00:00,98696.36318811023
2023-08-12 04:00:00+00:00,98696.36318811023
2023-08-12 08:00:00+00:00,98696.36318811023
2023-08-12 12:00:00+00:00,98696.36318811023
2023-08-12 16:00:00+00:00,98696.36318811023
2023-08-12 20:00:00+00:00,98696.36318811023
2023-08-13 00:00:00+00:00,98696.36318811023
2023-08-13 04:00:00+00:00,98696.36318811023
2023-08-13 08:00:00+00:00,98696.36318811023
2023-08-13 12:00:00+00:00,98696.36318811023
2023-08-13 16:00:00+00:00,98696.36318811023
2023-08-13 20:00:00+00:00,98696.36318811023
2023-08-14 00:00:00+00:00,98696.36318811023
2023-08-14 04:00:00+00:00,98696.36318811023
2023-08-14 08:00:00+00:00,98696.36318811023
2023-08-14 12:00:00+00:00,98696.36318811023
2023-08-14 16:00:00+00:00,98696.36318811023
2023-08-14 20:00:00+00:00,98696.36318811023
2023-08-15 00:00:00+00:00,98696.36318811023
2023-08-15 04:00:00+00:00,98696.36318811023
2023-08-15 08:00:00+00:00,98696.36318811023
2023-08-15 12:00:00+00:00,98696.36318811023
2023-08-15 16:00:00+00:00,98696.36318811023
2023-08-15 20:00:00+00:00,98696.36318811023
2023-08-16 00:00:00+00:00,98696.36318811023
2023-08-16 04:00:00+00:00,98696.36318811023
2023-08-16 08:00:00+00:00,98696.36318811023
2023-08-16 12:00:00+00:00,98696.36318811023
2023-08-16 16:00:00+00:00,98696.36318811023
2023-08-16 20:00:00+00:00,98696.36318811023
2023-08-17 00:00:00+00:00,98696.36318811023
2023-08-17 04:00:00+00:00,98696.36318811023
2023-08-17 08:00:00+00:00,98696.36318811023
2023-08-17 12:00:00+00:00,98696.36318811023
2023-08-17 16:00:00+00:00,98696.36318811023
2023-08-17 20:00:00+00:00,98696.36318811023
2023-08-18 00:00:00+00:00,98696.36318811023
2023-08-18 04:00:00+00:00,98696.36318811023
2023-08-18 08:00:00+00:00,98696.36318811023
2023-08-18 12:00:00+00:00,98696.36318811023
2023-08-18 16:00:00+00:00,98696.36318811023
2023-08-18 20:00:00+00:00,98696.36318811023
2023-08-19 00:00:00+00:00,98696.36318811023
2023-08-19 04:00:00+00:00,98696.36318811023
2023-08-19 08:00:00+00:00,98696.36318811023
2023-08-19 12:00:00+00:00,98696.36318811023
2023-08-19 16:00:00+00:00,98696.36318811023
2023-08-19 20:00:00+00:00,98696.36318811023
2023-08-20 00:00:00+00:00,98696.36318811023
2023-08-20 04:00:00+00:00,98696.36318811023
2023-08-20 08:00:00+00:00,98696.36318811023
2023-08-20 12:00:00+00:00,98696.36318811023
2023-08-20 16:00:00+00:00,98696.36318811023
2023-08-20 20:00:00+00:00,98696.36318811023
2023-08-21 00:00:00+00:00,98696.36318811023
2023-08-21 04:00:00+00:00,98696.36318811023
2023-08-21 08:00:00+00:00,98696.36318811023
2023-08-21 12:00:00+00:00,98696.36318811023
2023-08-21 16:00:00+00:00,98696.36318811023
2023-08-21 20:00:00+00:00,98696.36318811023
2023-08-22 00:00:00+00:00,98696.36318811023
2023-08-22 04:00:00+00:00,98696.36318811023
2023-08-22 08:00:00+00:00,98696.36318811023
2023-08-22 12:00:00+00:00,98696.36318811023
2023-08-22 16:00:00+00:00,98696.36318811023
2023-08-22 20:00:00+00:00,98696.36318811023
2023-08-23 00:00:00+00:00,98696.36318811023
2023-08-23 04:00:00+00:00,98696.36318811023
2023-08-23 08:00:00+00:00,98696.36318811023
2023-08-23 12:00:00+00:00,98696.36318811023
2023-08-23 16:00:00+00:00,98699.69694810887
2023-08-23 20:00:00+00:00,98698.66539016338
2023-08-24 00:00:00+00:00,98703.99510621506
2023-08-24 04:00:00+00:00,98697.63383221789
2023-08-24 08:00:00+00:00,98698.49346383914
2023-08-24 12:00:00+00:00,98679.23771552336
2023-08-24 16:00:00+00:00,98681.98853671132
2023-08-24 20:00:00+00:00,98681.47275773858
2023-08-25 00:00:00+00:00,98680.44119979309
2023-08-25 04:00:00+00:00,98680.78505244158
2023-08-25 08:00:00+00:00,98690.24100027523
2023-08-25 12:00:00+00:00,98684.3955052508
2023-08-25 16:00:00+00:00,98685.94284216902
2023-08-25 20:00:00+00:00,98691.78833719346
2023-08-26 00:00:00+00:00,98693.85145308444
2023-08-26 04:00:00+00:00,98697.63383221789
2023-08-26 08:00:00+00:00,98695.91456897541
2023-08-26 12:00:00+00:00,98696.9461269209
2023-08-26 16:00:00+00:00,98696.43034794816
2023-08-26 20:00:00+00:00,98696.08649529966
2023-08-27 00:00:00+00:00,98692.64796881471
2023-08-27 04:00:00+00:00,98691.61641086922
2023-08-27 08:00:00+00:00,98694.88301102993
2023-08-27 12:00:00+00:00,98693.67952676018
2023-08-27 16:00:00+00:00,98696.6022742724
2023-08-27 20:00:00+00:00,98697.11805324515
2023-08-28 00:00:00+00:00,98697.63383221789
2023-08-28 04:00:00+00:00,98693.85145308444
2023-08-28 08:00:00+00:00,98683.49092952715
2023-08-28 12:00:00+00:00,98683.49092952715
2023-08-28 16:00:00+00:00,98686.0751795757
2023-08-28 20:00:00+00:00,98694.82891865556
2023-08-29 00:00:00+00:00,98691.7227531756
2023-08-29 04:00:00+00:00,98685.22804353571
2023-08-29 08:00:00+00:00,98683.53377145572
2023-08-29 12:00:00+00:00,98715.72494097525
2023-08-29 16:00:00+00:00,98716.85445569524
2023-08-29 20:00:00+00:00,98712.9011541753
2023-08-30 00:00:00+00:00,98698.49984149552
2023-08-30 04:00:00+00:00,98692.85226789559
2023-08-30 08:00:00+00:00,98683.53377145572
2023-08-30 12:00:00+00:00,98676.75668313583
2023-08-30 16:00:00+00:00,98676.19192577584
2023-08-30 20:00:00+00:00,98673.36813897587
2023-08-31 00:00:00+00:00,98671.44789829887
2023-08-31 04:00:00+00:00,98671.44789829887
2023-08-31 08:00:00+00:00,98671.44789829887
2023-08-31 12:00:00+00:00,98671.44789829887
2023-08-31 16:00:00+00:00,98671.44789829887
2023-08-31 20:00:00+00:00,98671.44789829887
2023-09-01 00:00:00+00:00,98671.44789829887
2023-09-01 04:00:00+00:00,98671.44789829887
2023-09-01 08:00:00+00:00,98671.44789829887
2023-09-01 12:00:00+00:00,98671.44789829887
2023-09-01 16:00:00+00:00,98671.44789829887
2023-09-01 20:00:00+00:00,98671.44789829887
2023-09-02 00:00:00+00:00,98671.44789829887
2023-09-02 04:00:00+00:00,98671.44789829887
2023-09-02 08:00:00+00:00,98671.44789829887
2023-09-02 12:00:00+00:00,98671.44789829887
2023-09-02 16:00:00+00:00,98671.44789829887
2023-09-02 20:00:00+00:00,98671.44789829887
2023-09-03 00:00:00+00:00,98671.44789829887
2023-09-03 04:00:00+00:00,98671.44789829887
2023-09-03 08:00:00+00:00,98671.44789829887
2023-09-03 12:00:00+00:00,98671.44789829887
2023-09-03 16:00:00+00:00,98671.44789829887
2023-09-03 20:00:00+00:00,98671.44789829887
2023-09-04 00:00:00+00:00,98671.44789829887
2023-09-04 04:00:00+00:00,98671.44789829887
2023-09-04 08:00:00+00:00,98671.44789829887
2023-09-04 12:00:00+00:00,98671.44789829887
2023-09-04 16:00:00+00:00,98671.44789829887
2023-09-04 20:00:00+00:00,98671.44789829887
2023-09-05 00:00:00+00:00,98671.44789829887
2023-09-05 04:00:00+00:00,98671.44789829887
2023-09-05 08:00:00+00:00,98671.44789829887
2023-09-05 12:00:00+00:00,98671.44789829887
2023-09-05 16:00:00+00:00,98671.44789829887
2023-09-05 20:00:00+00:00,98671.44789829887
2023-09-06 00:00:00+00:00,98671.44789829887
2023-09-06 04:00:00+00:00,98671.44789829887
2023-09-06 08:00:00+00:00,98671.44789829887
2023-09-06 12:00:00+00:00,98671.44789829887
2023-09-06 16:00:00+00:00,98671.44789829887
2023-09-06 20:00:00+00:00,98671.44789829887
2023-09-07 00:00:00+00:00,98671.44789829887
2023-09-07 04:00:00+00:00,98671.44789829887
2023-09-07 08:00:00+00:00,98671.44789829887
2023-09-07 12:00:00+00:00,98671.44789829887
2023-09-07 16:00:00+00:00,98671.44789829887
2023-09-07 20:00:00+00:00,98671.44789829887
2023-09-08 00:00:00+00:00,98671.44789829887
2023-09-08 04:00:00+00:00,98671.44789829887
2023-09-08 08:00:00+00:00,98671.44789829887
2023-09-08 12:00:00+00:00,98671.44789829887
2023-09-08 16:00:00+00:00,98671.44789829887
2023-09-08 20:00:00+00:00,98671.44789829887
2023-09-09 00:00:00+00:00,98671.44789829887
2023-09-09 04:00:00+00:00,98671.44789829887
2023-09-09 08:00:00+00:00,98685.17033521424
2023-09-09 12:00:00+00:00,98673.93469249328
2023-09-09 16:00:00+00:00,98678.40659009365
2023-09-09 20:00:00+00:00,98658.70499105571
2023-09-10 00:00:00+00:00,98649.82643463748
2023-09-10 04:00:00+00:00,98634.23032461668
2023-09-10 08:00:00+00:00,98637.30475421695
2023-09-10 12:00:00+00:00,98637.19295677694
2023-09-10 16:00:00+00:00,98640.04379149718
2023-09-10 20:00:00+00:00,98652.67690221827
2023-09-11 00:00:00+00:00,98653.23588941831
2023-09-11 04:00:00+00:00,98633.55953997663
2023-09-11 08:00:00+00:00,98604.47512229039
2023-09-11 12:00:00+00:00,98604.47512229039
2023-09-11 16:00:00+00:00,98604.47512229039
2023-09-11 20:00:00+00:00,98604.47512229039
2023-09-12 00:00:00+00:00,98604.47512229039
2023-09-12 04:00:00+00:00,98604.47512229039
2023-09-12 08:00:00+00:00,98604.47512229039
2023-09-12 12:00:00+00:00,98604.47512229039
2023-09-12 16:00:00+00:00,98604.47512229039
2023-09-12 20:00:00+00:00,98604.47512229039
2023-09-13 00:00:00+00:00,98604.47512229039
2023-09-13 04:00:00+00:00,98604.47512229039
2023-09-13 08:00:00+00:00,98604.47512229039
2023-09-13 12:00:00+00:00,98604.47512229039
2023-09-13 16:00:00+00:00,98604.47512229039
2023-09-13 20:00:00+00:00,98604.47512229039
2023-09-14 00:00:00+00:00,98604.47512229039
2023-09-14 04:00:00+00:00,98604.47512229039
2023-09-14 08:00:00+00:00,98604.47512229039
2023-09-14 12:00:00+00:00,98604.47512229039
2023-09-14 16:00:00+00:00,98604.47512229039
2023-09-14 20:00:00+00:00,98605.30646742559
2023-09-15 00:00:00+00:00,98605.61113897098
2023-09-15 04:00:00+00:00,98599.07429677874
2023-09-15 08:00:00+00:00,98592.13018418573
2023-09-15 12:00:00+00:00,98598.9898528442
2023-09-15 16:00:00+00:00,98608.35478570386
2023-09-15 20:00:00+00:00,98620.6296918629
2023-09-16 00:00:00+00:00,98618.52227976311
2023-09-16 04:00:00+00:00,98607.90996990551
2023-09-16 08:00:00+00:00,98594.48239524201
2023-09-16 12:00:00+00:00,98563.71337395384
2023-09-16 16:00:00+00:00,98551.37156843557
2023-09-16 20:00:00+00:00,98581.26465411499
2023-09-17 00:00:00+00:00,98542.70842083338
2023-09-17 04:00:00+00:00,98526.86590272139
2023-09-17 08:00:00+00:00,98560.76096050967
2023-09-17 12:00:00+00:00,98572.8150410803
2023-09-17 16:00:00+00:00,98526.80903791494
2023-09-17 20:00:00+00:00,98505.57835413583
2023-09-18 00:00:00+00:00,98524.65587854297
2023-09-18 04:00:00+00:00,98512.0175967698
2023-09-18 08:00:00+00:00,98554.92508771912
2023-09-18 12:00:00+00:00,98555.66203692854
2023-09-18 16:00:00+00:00,98518.59828215689
2023-09-18 20:00:00+00:00,98498.8829636066
2023-09-19 00:00:00+00:00,98510.80429463425
2023-09-19 04:00:00+00:00,98511.25682012833
2023-09-19 08:00:00+00:00,98534.32105192385
2023-09-19 12:00:00+00:00,98550.13397333027
2023-09-19 16:00:00+00:00,98532.52006902236
2023-09-19 20:00:00+00:00,98530.88294571596
2023-09-20 00:00:00+00:00,98520.52516437518
2023-09-20 04:00:00+00:00,98524.68581929005
2023-09-20 08:00:00+00:00,98517.37325017044
2023-09-20 12:00:00+00:00,98521.6689010593
2023-09-20 16:00:00+00:00,98487.66864630327
2023-09-20 20:00:00+00:00,98496.35634423402
2023-09-21 00:00:00+00:00,98498.61019358807
2023-09-21 04:00:00+00:00,98467.834767095
2023-09-21 08:00:00+00:00,98464.70324507498
2023-09-21 12:00:00+00:00,98464.70324507498
2023-09-21 16:00:00+00:00,98464.70324507498
2023-09-21 20:00:00+00:00,98464.70324507498
2023-09-22 00:00:00+00:00,98464.70324507498
2023-09-22 04:00:00+00:00,98464.70324507498
2023-09-22 08:00:00+00:00,98464.70324507498
2023-09-22 12:00:00+00:00,98464.70324507498
2023-09-22 16:00:00+00:00,98464.70324507498
2023-09-22 20:00:00+00:00,98464.70324507498
2023-09-23 00:00:00+00:00,98464.70324507498
2023-09-23 04:00:00+00:00,98464.70324507498
2023-09-23 08:00:00+00:00,98464.70324507498
2023-09-23 12:00:00+00:00,98464.70324507498
2023-09-23 16:00:00+00:00,98464.70324507498
2023-09-23 20:00:00+00:00,98464.70324507498
2023-09-24 00:00:00+00:00,98464.70324507498
2023-09-24 04:00:00+00:00,98464.70324507498
2023-09-24 08:00:00+00:00,98464.70324507498
2023-09-24 12:00:00+00:00,98464.70324507498
2023-09-24 16:00:00+00:00,98464.13374072567
2023-09-24 20:00:00+00:00,98461.9576381263
2023-09-25 00:00:00+00:00,98460.37501805401
2023-09-25 04:00:00+00:00,98454.14345151943
2023-09-25 08:00:00+00:00,98455.69310432914
2023-09-25 12:00:00+00:00,98474.31948284368
2023-09-25 16:00:00+00:00,98478.72610057086
2023-09-25 20:00:00+00:00,98486.86869867754
2023-09-26 00:00:00+00:00,98492.53235045182
2023-09-26 04:00:00+00:00,98476.42808707632
2023-09-26 08:00:00+00:00,98473.85517157005
2023-09-26 12:00:00+00:00,98460.64220754456
2023-09-26 16:00:00+00:00,98479.7287172976
2023-09-26 20:00:00+00:00,98476.37932549726
2023-09-27 00:00:00+00:00,98478.8822301875
2023-09-27 04:00:00+00:00,98471.90551480805
2023-09-27 08:00:00+00:00,98521.72335555847
2023-09-27 12:00:00+00:00,98440.51179387009
2023-09-27 16:00:00+00:00,98412.61254135822
2023-09-27 20:00:00+00:00,98419.21920125587
2023-09-28 00:00:00+00:00,98408.45584905434
2023-09-28 04:00:00+00:00,98411.57947422376
2023-09-28 08:00:00+00:00,98432.71312674572
2023-09-28 12:00:00+00:00,98462.18982215312
2023-09-28 16:00:00+00:00,98471.85220124121
2023-09-28 20:00:00+00:00,98465.95592229166
2023-09-29 00:00:00+00:00,98485.91563728462
2023-09-29 04:00:00+00:00,98515.33903257234
2023-09-29 08:00:00+00:00,98521.34523331723
2023-09-29 12:00:00+00:00,98542.40991566716
2023-09-29 16:00:00+00:00,98559.34782910818
2023-09-29 20:00:00+00:00,98543.25404873563
2023-09-30 00:00:00+00:00,98527.08822053892
2023-09-30 04:00:00+00:00,98514.62460830911
2023-09-30 08:00:00+00:00,98519.8283150718
2023-09-30 12:00:00+00:00,98558.60456087242
2023-09-30 16:00:00+00:00,98567.40105128047
2023-09-30 20:00:00+00:00,98543.62254329052
2023-10-01 00:00:00+00:00,98529.15091001555
2023-10-01 04:00:00+00:00,98535.53674325725
2023-10-01 08:00:00+00:00,98629.58878974052
2023-10-01 12:00:00+00:00,98595.34041277973
2023-10-01 16:00:00+00:00,98549.45727038627
2023-10-01 20:00:00+00:00,98781.30082899834
2023-10-02 00:00:00+00:00,98752.37835760607
2023-10-02 04:00:00+00:00,98756.58300460564
2023-10-02 08:00:00+00:00,98653.19730759386
2023-10-02 12:00:00+00:00,98455.97387199536
2023-10-02 16:00:00+00:00,98328.84680329912
2023-10-02 20:00:00+00:00,98294.53295691349
2023-10-03 00:00:00+00:00,98301.32802283419
2023-10-03 04:00:00+00:00,98299.28520238335
2023-10-03 08:00:00+00:00,98293.4147815088
2023-10-03 12:00:00+00:00,98291.97887798212
2023-10-03 16:00:00+00:00,98291.97887798212
2023-10-03 20:00:00+00:00,98291.97887798212
2023-10-04 00:00:00+00:00,98291.97887798212
2023-10-04 04:00:00+00:00,98291.97887798212
2023-10-04 08:00:00+00:00,98291.97887798212
2023-10-04 12:00:00+00:00,98291.97887798212
2023-10-04 16:00:00+00:00,98291.97887798212
2023-10-04 20:00:00+00:00,98291.97887798212
2023-10-05 00:00:00+00:00,98291.97887798212
2023-10-05 04:00:00+00:00,98291.97887798212
2023-10-05 08:00:00+00:00,98291.97887798212
2023-10-05 12:00:00+00:00,98291.97887798212
2023-10-05 16:00:00+00:00,98291.97887798212
2023-10-05 20:00:00+00:00,98291.97887798212
2023-10-06 00:00:00+00:00,98291.97887798212
2023-10-06 04:00:00+00:00,98291.97887798212
2023-10-06 08:00:00+00:00,98292.0111580267
2023-10-06 12:00:00+00:00,98298.28964966089
2023-10-06 16:00:00+00:00,98292.76344576305
2023-10-06 20:00:00+00:00,98293.37998232893
2023-10-07 00:00:00+00:00,98309.15539959718
2023-10-07 04:00:00+00:00,98300.43904319331
2023-10-07 08:00:00+00:00,98288.23275044865
2023-10-07 12:00:00+00:00,98284.99734755247
2023-10-07 16:00:00+00:00,98271.39960531051
2023-10-07 20:00:00+00:00,98276.08867699046
2023-10-08 00:00:00+00:00,98283.21561344007
2023-10-08 04:00:00+00:00,98268.66195670606
2023-10-08 08:00:00+00:00,98258.85959093845
2023-10-08 12:00:00+00:00,98258.00749346627
2023-10-08 16:00:00+00:00,98258.00749346627
2023-10-08 20:00:00+00:00,98258.00749346627
2023-10-09 00:00:00+00:00,98258.00749346627
2023-10-09 04:00:00+00:00,98258.00749346627
2023-10-09 08:00:00+00:00,98258.00749346627
2023-10-09 12:00:00+00:00,98258.00749346627
2023-10-09 16:00:00+00:00,98258.00749346627
2023-10-09 20:00:00+00:00,98258.00749346627
2023-10-10 00:00:00+00:00,98258.00749346627
2023-10-10 04:00:00+00:00,98258.00749346627
2023-10-10 08:00:00+00:00,98258.00749346627
2023-10-10 12:00:00+00:00,98258.00749346627
2023-10-10 16:00:00+00:00,98258.00749346627
2023-10-10 20:00:00+00:00,98258.00749346627
2023-10-11 00:00:00+00:00,98258.00749346627
2023-10-11 04:00:00+00:00,98258.00749346627
2023-10-11 08:00:00+00:00,98258.00749346627
2023-10-11 12:00:00+00:00,98258.00749346627
2023-10-11 16:00:00+00:00,98258.00749346627
2023-10-11 20:00:00+00:00,98258.00749346627
2023-10-12 00:00:00+00:00,98258.00749346627
2023-10-12 04:00:00+00:00,98258.00749346627
2023-10-12 08:00:00+00:00,98258.00749346627
2023-10-12 12:00:00+00:00,98258.00749346627
2023-10-12 16:00:00+00:00,98258.00749346627
2023-10-12 20:00:00+00:00,98258.00749346627
2023-10-13 00:00:00+00:00,98258.00749346627
2023-10-13 04:00:00+00:00,98258.00749346627
2023-10-13 08:00:00+00:00,98258.00749346627
2023-10-13 12:00:00+00:00,98258.00749346627
2023-10-13 16:00:00+00:00,98258.00749346627
2023-10-13 20:00:00+00:00,98258.00749346627
2023-10-14 00:00:00+00:00,98258.00749346627
2023-10-14 04:00:00+00:00,98258.00749346627
2023-10-14 08:00:00+00:00,98258.00749346627
2023-10-14 12:00:00+00:00,98258.00749346627
2023-10-14 16:00:00+00:00,98258.00749346627
2023-10-14 20:00:00+00:00,98258.00749346627
2023-10-15 00:00:00+00:00,98258.00749346627
2023-10-15 04:00:00+00:00,98258.00749346627
2023-10-15 08:00:00+00:00,98258.00749346627
2023-10-15 12:00:00+00:00,98258.00749346627
2023-10-15 16:00:00+00:00,98258.00749346627
2023-10-15 20:00:00+00:00,98258.00749346627
2023-10-16 00:00:00+00:00,98258.00749346627
2023-10-16 04:00:00+00:00,98258.00749346627
2023-10-16 08:00:00+00:00,98254.56686709133
2023-10-16 12:00:00+00:00,98241.28431402016
2023-10-16 16:00:00+00:00,98254.2935635302
2023-10-16 20:00:00+00:00,98258.44777765944
2023-10-17 00:00:00+00:00,98246.14911740836
2023-10-17 04:00:00+00:00,98246.85970666732
2023-10-17 08:00:00+00:00,98246.09445669614
2023-10-17 12:00:00+00:00,98219.04739530114
2023-10-17 16:00:00+00:00,98219.04739530114
2023-10-17 20:00:00+00:00,98219.04739530114
2023-10-18 00:00:00+00:00,98219.04739530114
2023-10-18 04:00:00+00:00,98219.04739530114
2023-10-18 08:00:00+00:00,98219.04739530114
2023-10-18 12:00:00+00:00,98219.04739530114
2023-10-18 16:00:00+00:00,98219.04739530114
2023-10-18 20:00:00+00:00,98219.04739530114
2023-10-19 00:00:00+00:00,98219.04739530114
2023-10-19 04:00:00+00:00,98219.04739530114
2023-10-19 08:00:00+00:00,98219.04739530114
2023-10-19 12:00:00+00:00,98219.04739530114
2023-10-19 16:00:00+00:00,98219.04739530114
2023-10-19 20:00:00+00:00,98219.04739530114
2023-10-20 00:00:00+00:00,98219.04739530114
2023-10-20 04:00:00+00:00,98219.04739530114
2023-10-20 08:00:00+00:00,98219.04739530114
2023-10-20 12:00:00+00:00,98210.82216135494
2023-10-20 16:00:00+00:00,98208.5440514546
2023-10-20 20:00:00+00:00,98202.33102445371
2023-10-21 00:00:00+00:00,98204.40203345401
2023-10-21 04:00:00+00:00,98208.12984965455
2023-10-21 08:00:00+00:00,98201.50262085359
2023-10-21 12:00:00+00:00,98301.27344281491
2023-10-21 16:00:00+00:00,98303.7848835727
2023-10-21 20:00:00+00:00,98277.40493641586
2023-10-22 00:00:00+00:00,98313.89134601792
2023-10-22 04:00:00+00:00,98311.46901992275
2023-10-22 08:00:00+00:00,98247.21013886573
2023-10-22 12:00:00+00:00,98258.83129874451
2023-10-22 16:00:00+00:00,98302.40027116473
2023-10-22 20:00:00+00:00,98439.21981953876
2023-10-23 00:00:00+00:00,98582.98040296606
2023-10-23 04:00:00+00:00,98453.4846364708
2023-10-23 08:00:00+00:00,98459.1819059068
2023-10-23 12:00:00+00:00,98393.80164000695
2023-10-23 16:00:00+00:00,98684.77002375106
2023-10-23 20:00:00+00:00,98946.22470696586
2023-10-24 00:00:00+00:00,98889.21164814397
2023-10-24 04:00:00+00:00,98819.57624515473
2023-10-24 08:00:00+00:00,99093.83748425102
2023-10-24 12:00:00+00:00,98654.54792581513
2023-10-24 16:00:00+00:00,98774.80772977462
2023-10-24 20:00:00+00:00,98853.77075256039
2023-10-25 00:00:00+00:00,98960.17733481241
2023-10-25 04:00:00+00:00,98770.90408202463
2023-10-25 08:00:00+00:00,98871.44422556752
2023-10-25 12:00:00+00:00,99110.63096623632
2023-10-25 16:00:00+00:00,98976.62296571292
2023-10-25 20:00:00+00:00,98963.17669121725
2023-10-26 00:00:00+00:00,99125.17588851627
2023-10-26 04:00:00+00:00,99272.5009973008
2023-10-26 08:00:00+00:00,99069.3946553172
2023-10-26 12:00:00+00:00,98727.47236457703
2023-10-26 16:00:00+00:00,98799.91785930294
2023-10-26 20:00:00+00:00,98893.03972293396
2023-10-27 00:00:00+00:00,98818.77861417887
2023-10-27 04:00:00+00:00,98730.50488963733
2023-10-27 08:00:00+00:00,98804.92235912397
2023-10-27 12:00:00+00:00,98876.48215592791
2023-10-27 16:00:00+00:00,98819.00708031314
2023-10-27 20:00:00+00:00,98813.27223754348
2023-10-28 00:00:00+00:00,98891.7813533633
2023-10-28 04:00:00+00:00,98895.97612647519
2023-10-28 08:00:00+00:00,98890.14512152092
2023-10-28 12:00:00+00:00,98870.03070933859
2023-10-28 16:00:00+00:00,98843.1636135765
2023-10-28 20:00:00+00:00,98854.15733121244
2023-10-29 00:00:00+00:00,98797.41161370049
2023-10-29 04:00:00+00:00,98850.54401267154
2023-10-29 08:00:00+00:00,98858.95852439082
2023-10-29 12:00:00+00:00,98923.55342253338
2023-10-29 16:00:00+00:00,98960.20762591976
2023-10-29 20:00:00+00:00,99000.80676108121
2023-10-30 00:00:00+00:00,98965.0221187911
2023-10-30 04:00:00+00:00,98941.33450656873
2023-10-30 08:00:00+00:00,99084.92347341382
2023-10-30 12:00:00+00:00,99111.09514999785
2023-10-30 16:00:00+00:00,99176.13792601739
2023-10-30 20:00:00+00:00,99236.09905535248
2023-10-31 00:00:00+00:00,99201.71458046751
2023-10-31 04:00:00+00:00,99147.25742226148
2023-10-31 08:00:00+00:00,99298.67225161943
2023-10-31 12:00:00+00:00,99125.07965763916
2023-10-31 16:00:00+00:00,99206.68136672118
2023-10-31 20:00:00+00:00,99252.65528129447
2023-11-01 00:00:00+00:00,99208.97339858214
2023-11-01 04:00:00+00:00,99178.58605983837
2023-11-01 08:00:00+00:00,99189.10312370796
2023-11-01 12:00:00+00:00,99259.25284488425
2023-11-01 16:00:00+00:00,99385.74632778819
2023-11-01 20:00:00+00:00,99418.60666769669
2023-11-02 00:00:00+00:00,99412.526379931
2023-11-02 04:00:00+00:00,99342.32581842726
2023-11-02 08:00:00+00:00,99355.25074363856
2023-11-02 12:00:00+00:00,99277.17458899034
2023-11-02 16:00:00+00:00,99373.34666352294
2023-11-02 20:00:00+00:00,99339.16085553005
2023-11-03 00:00:00+00:00,99220.16459769713
2023-11-03 04:00:00+00:00,99269.1892570166
2023-11-03 08:00:00+00:00,99236.44143126033
2023-11-03 12:00:00+00:00,99259.12929133471
2023-11-03 16:00:00+00:00,99248.73743850495
2023-11-03 20:00:00+00:00,99227.18134701315
2023-11-04 00:00:00+00:00,99260.53331201719
2023-11-04 04:00:00+00:00,99256.76917714774
2023-11-04 08:00:00+00:00,99252.77944782624
2023-11-04 12:00:00+00:00,99238.48399315253
2023-11-04 16:00:00+00:00,99267.00029702428
2023-11-04 20:00:00+00:00,99288.40073964967
2023-11-05 00:00:00+00:00,99362.07422836666
2023-11-05 04:00:00+00:00,99369.60964398035
2023-11-05 08:00:00+00:00,99450.67727402957
2023-11-05 12:00:00+00:00,99447.97187803077
2023-11-05 16:00:00+00:00,99449.78798767409
2023-11-05 20:00:00+00:00,99443.94976091431
2023-11-06 00:00:00+00:00,99474.033996974
2023-11-06 04:00:00+00:00,99435.35054031912
2023-11-06 08:00:00+00:00,99530.01649944829
2023-11-06 12:00:00+00:00,99485.24330607234
2023-11-06 16:00:00+00:00,99530.0671136342
2023-11-06 20:00:00+00:00,99546.60227441353
2023-11-07 00:00:00+00:00,99444.44879607216
2023-11-07 04:00:00+00:00,99456.24115467013
2023-11-07 08:00:00+00:00,99326.7534300035
2023-11-07 12:00:00+00:00,99217.13874952897
2023-11-07 16:00:00+00:00,99349.79631013433
2023-11-07 20:00:00+00:00,99337.3786217265
2023-11-08 00:00:00+00:00,99333.61133349914
2023-11-08 04:00:00+00:00,99370.66276447078
2023-11-08 08:00:00+00:00,99436.68037223122
2023-11-08 12:00:00+00:00,99424.73480025864
2023-11-08 16:00:00+00:00,99516.13984985671
2023-11-08 20:00:00+00:00,99531.21324802384
2023-11-09 00:00:00+00:00,99595.29473997257
2023-11-09 04:00:00+00:00,99584.14779824858
2023-11-09 08:00:00+00:00,99613.21878102208
2023-11-09 12:00:00+00:00,99640.03712495926
2023-11-09 16:00:00+00:00,99184.20893083808
2023-11-09 20:00:00+00:00,99216.99699345096
2023-11-10 00:00:00+00:00,99209.32666567323
2023-11-10 04:00:00+00:00,99202.75772894172
2023-11-10 08:00:00+00:00,99227.3630076005
2023-11-10 12:00:00+00:00,99207.20990519435
2023-11-10 16:00:00+00:00,99220.07704560396
2023-11-10 20:00:00+00:00,99248.3374432374
2023-11-11 00:00:00+00:00,99222.60835715574
2023-11-11 04:00:00+00:00,99221.4298063029
2023-11-11 08:00:00+00:00,99229.49269413434
2023-11-11 12:00:00+00:00,99313.49202253066
2023-11-11 16:00:00+00:00,99378.35406783692
2023-11-11 20:00:00+00:00,99351.24529675447
2023-11-12 00:00:00+00:00,99307.49150145649
2023-11-12 04:00:00+00:00,99415.9619866289
2023-11-12 08:00:00+00:00,99413.50872981854
2023-11-12 12:00:00+00:00,99404.27233820736
2023-11-12 16:00:00+00:00,99427.34309444591
2023-11-12 20:00:00+00:00,99479.88500017041
2023-11-13 00:00:00+00:00,99462.7983876481
2023-11-13 04:00:00+00:00,99495.15933225269
2023-11-13 08:00:00+00:00,99456.878070146
2023-11-13 12:00:00+00:00,99441.45169358037
2023-11-13 16:00:00+00:00,99401.88031691789
2023-11-13 20:00:00+00:00,99220.04092103185
2023-11-14 00:00:00+00:00,99228.40490571572
2023-11-14 04:00:00+00:00,99264.46124688158
2023-11-14 08:00:00+00:00,99191.88668242005
2023-11-14 12:00:00+00:00,99211.14948307083
2023-11-14 16:00:00+00:00,99165.82670480512
2023-11-14 20:00:00+00:00,99173.03307619243
2023-11-15 00:00:00+00:00,99181.42871388108
2023-11-15 04:00:00+00:00,99211.62033785695
2023-11-15 08:00:00+00:00,99237.20574669763
2023-11-15 12:00:00+00:00,99257.34587166006
2023-11-15 16:00:00+00:00,99263.86041128167
2023-11-15 20:00:00+00:00,99263.35300982938
2023-11-16 00:00:00+00:00,99306.64796691955
2023-11-16 04:00:00+00:00,99330.27059843503
2023-11-16 08:00:00+00:00,99323.86991474904
2023-11-16 12:00:00+00:00,99314.71936270455
2023-11-16 16:00:00+00:00,99295.5940406467
2023-11-16 20:00:00+00:00,99288.07707376569
2023-11-17 00:00:00+00:00,99333.86943605274
2023-11-17 04:00:00+00:00,99307.82215554306
2023-11-17 08:00:00+00:00,99279.78650263055
2023-11-17 12:00:00+00:00,99222.80082654061
2023-11-17 16:00:00+00:00,99234.92288678406
2023-11-17 20:00:00+00:00,99241.51239909623
2023-11-18 00:00:00+00:00,99221.62825668055
2023-11-18 04:00:00+00:00,99217.30130874625
2023-11-18 08:00:00+00:00,99217.41691422541
2023-11-18 12:00:00+00:00,99229.30776351053
2023-11-18 16:00:00+00:00,99223.6265799632
2023-11-18 20:00:00+00:00,99224.66702927563
2023-11-19 00:00:00+00:00,99223.16415804655
2023-11-19 04:00:00+00:00,99235.50091417987
2023-11-19 08:00:00+00:00,99232.3135059687
2023-11-19 12:00:00+00:00,99236.07894157566
2023-11-19 16:00:00+00:00,99268.1842346455
2023-11-19 20:00:00+00:00,99259.54685384533
2023-11-20 00:00:00+00:00,99264.41879903854
2023-11-20 04:00:00+00:00,99274.57556613625
2023-11-20 08:00:00+00:00,99284.91399898691
2023-11-20 12:00:00+00:00,99278.15933599023
2023-11-20 16:00:00+00:00,99262.25532507138
2023-11-20 20:00:00+00:00,99261.74335794938
2023-11-21 00:00:00+00:00,99254.64187851522
2023-11-21 04:00:00+00:00,99246.99540182215
2023-11-21 08:00:00+00:00,99250.3149305809
2023-11-21 12:00:00+00:00,99248.94417989942
2023-11-21 16:00:00+00:00,99232.52820185859
2023-11-21 20:00:00+00:00,99232.07806035691
2023-11-22 00:00:00+00:00,99232.07806035691
2023-11-22 04:00:00+00:00,99232.07806035691
2023-11-22 08:00:00+00:00,99232.07806035691
2023-11-22 12:00:00+00:00,99232.07806035691
2023-11-22 16:00:00+00:00,99232.07806035691
2023-11-22 20:00:00+00:00,99232.07806035691
2023-11-23 00:00:00+00:00,99232.07806035691
2023-11-23 04:00:00+00:00,99232.07806035691
2023-11-23 08:00:00+00:00,99232.07806035691
2023-11-23 12:00:00+00:00,99232.07806035691
2023-11-23 16:00:00+00:00,99232.07806035691
2023-11-23 20:00:00+00:00,99232.07806035691
2023-11-24 00:00:00+00:00,99232.07806035691
2023-11-24 04:00:00+00:00,99232.07806035691
2023-11-24 08:00:00+00:00,99232.07806035691
2023-11-24 12:00:00+00:00,99229.40569919856
2023-11-24 16:00:00+00:00,99220.95504871068
2023-11-24 20:00:00+00:00,99224.97426052808
2023-11-25 00:00:00+00:00,99233.32185430269
2023-11-25 04:00:00+00:00,99237.95940639969
2023-11-25 08:00:00+00:00,99229.09652905875
2023-11-25 12:00:00+00:00,99233.6310244425
2023-11-25 16:00:00+00:00,99232.90962744963
2023-11-25 20:00:00+00:00,99233.73408115575
2023-11-26 00:00:00+00:00,99222.67575462618
2023-11-26 04:00:00+00:00,99231.34497522489
2023-11-26 08:00:00+00:00,99219.61993619341
2023-11-26 12:00:00+00:00,99162.12217276006
2023-11-26 16:00:00+00:00,99130.13332923921
2023-11-26 20:00:00+00:00,99123.95624416023
2023-11-27 00:00:00+00:00,99106.5957146409
2023-11-27 04:00:00+00:00,99106.5957146409
2023-11-27 08:00:00+00:00,99106.5957146409
2023-11-27 12:00:00+00:00,99106.5957146409
2023-11-27 16:00:00+00:00,99106.5957146409
2023-11-27 20:00:00+00:00,99106.5957146409
2023-11-28 00:00:00+00:00,99106.5957146409
2023-11-28 04:00:00+00:00,99106.5957146409
2023-11-28 08:00:00+00:00,99106.5957146409
2023-11-28 12:00:00+00:00,99106.5957146409
2023-11-28 16:00:00+00:00,99106.5957146409
2023-11-28 20:00:00+00:00,99106.5957146409
2023-11-29 00:00:00+00:00,99106.5957146409
2023-11-29 04:00:00+00:00,99106.5957146409
2023-11-29 08:00:00+00:00,99106.5957146409
2023-11-29 12:00:00+00:00,99106.5957146409
2023-11-29 16:00:00+00:00,99106.5957146409
2023-11-29 20:00:00+00:00,99106.5957146409
2023-11-30 00:00:00+00:00,99106.5957146409
2023-11-30 04:00:00+00:00,99106.5957146409
2023-11-30 08:00:00+00:00,99106.5957146409
2023-11-30 12:00:00+00:00,99106.5957146409
2023-11-30 16:00:00+00:00,99106.5957146409
2023-11-30 20:00:00+00:00,99106.5957146409
2023-12-01 00:00:00+00:00,99106.5957146409
2023-12-01 04:00:00+00:00,99106.5957146409
2023-12-01 08:00:00+00:00,99106.5957146409
2023-12-01 12:00:00+00:00,99106.5957146409
2023-12-01 16:00:00+00:00,99106.5957146409
2023-12-01 20:00:00+00:00,99106.5957146409
2023-12-02 00:00:00+00:00,99106.5957146409
2023-12-02 04:00:00+00:00,99120.78105375994
2023-12-02 08:00:00+00:00,99139.97164707928
2023-12-02 12:00:00+00:00,99140.72243857561
2023-12-02 16:00:00+00:00,99175.6617248348
2023-12-02 20:00:00+00:00,99173.50299892291
2023-12-03 00:00:00+00:00,99155.13591390062
2023-12-03 04:00:00+00:00,99183.93770407743
2023-12-03 08:00:00+00:00,99177.86266066777
2023-12-03 12:00:00+00:00,99162.76948270736
2023-12-03 16:00:00+00:00,99158.89848945756
2023-12-03 20:00:00+00:00,99173.47524179937
2023-12-04 00:00:00+00:00,99261.49248778842
2023-12-04 04:00:00+00:00,99281.38905774316
2023-12-04 08:00:00+00:00,99067.89347441003
2023-12-04 12:00:00+00:00,99050.18787329821
2023-12-04 16:00:00+00:00,99055.69602706088
2023-12-04 20:00:00+00:00,99104.56793654073
2023-12-05 00:00:00+00:00,99121.06208635055
2023-12-05 04:00:00+00:00,99096.57218780689
2023-12-05 08:00:00+00:00,99083.73854001208
2023-12-05 12:00:00+00:00,99121.44343173296
2023-12-05 16:00:00+00:00,99154.86898350233
2023-12-05 20:00:00+00:00,99158.83962248289
2023-12-06 00:00:00+00:00,99177.07850815824
2023-12-06 04:00:00+00:00,99190.12495137185
2023-12-06 08:00:00+00:00,99160.70219590409
2023-12-06 12:00:00+00:00,99191.54420627844
2023-12-06 16:00:00+00:00,99223.22714499335
2023-12-06 20:00:00+00:00,99141.01853922092
2023-12-07 00:00:00+00:00,99195.15211442483
2023-12-07 04:00:00+00:00,99266.90183041456
2023-12-07 08:00:00+00:00,99156.83142080512
2023-12-07 12:00:00+00:00,99237.27600053705
2023-12-07 16:00:00+00:00,99214.83742707878
2023-12-07 20:00:00+00:00,99289.79843167747
2023-12-08 00:00:00+00:00,99349.5449646595
2023-12-08 04:00:00+00:00,99290.44751495623
2023-12-08 08:00:00+00:00,99446.59769692828
2023-12-08 12:00:00+00:00,99542.02900721596
2023-12-08 16:00:00+00:00,99561.1679907347
2023-12-08 20:00:00+00:00,99657.56249451586
2023-12-09 00:00:00+00:00,99873.54434666019
2023-12-09 04:00:00+00:00,100014.20619505721
2023-12-09 08:00:00+00:00,99987.49420951738
2023-12-09 12:00:00+00:00,100014.69799317559
2023-12-09 16:00:00+00:00,99904.55009395625
2023-12-09 20:00:00+00:00,99754.85204718218
2023-12-10 00:00:00+00:00,99863.64819487171
2023-12-10 04:00:00+00:00,99823.34654983666
2023-12-10 08:00:00+00:00,99662.34986268426
2023-12-10 12:00:00+00:00,99799.08846983111
2023-12-10 16:00:00+00:00,99835.10851398295
2023-12-10 20:00:00+00:00,99938.70401441945
2023-12-11 00:00:00+00:00,99506.04447458047
2023-12-11 04:00:00+00:00,99461.79541659262
2023-12-11 08:00:00+00:00,99475.51036320307
2023-12-11 12:00:00+00:00,99462.64629081066
2023-12-11 16:00:00+00:00,99481.61405355658
2023-12-11 20:00:00+00:00,99497.87466613902
2023-12-12 00:00:00+00:00,99551.20021087935
2023-12-12 04:00:00+00:00,99537.74075619131
2023-12-12 08:00:00+00:00,99525.36579648574
2023-12-12 12:00:00+00:00,99492.62249508704
2023-12-12 16:00:00+00:00,99493.50535029889
2023-12-12 20:00:00+00:00,99490.51481451184
2023-12-13 00:00:00+00:00,99456.54941261155
2023-12-13 04:00:00+00:00,99460.08900804425
2023-12-13 08:00:00+00:00,99468.32626515973
2023-12-13 12:00:00+00:00,99511.04801034174
2023-12-13 16:00:00+00:00,99538.70399482525
2023-12-13 20:00:00+00:00,99510.8722567579
2023-12-14 00:00:00+00:00,99507.49751546199
2023-12-14 04:00:00+00:00,99507.0833364737
2023-12-14 08:00:00+00:00,99519.37110060282
2023-12-14 12:00:00+00:00,99500.6295013834
2023-12-14 16:00:00+00:00,99509.03842479008
2023-12-14 20:00:00+00:00,99514.96091183621
2023-12-15 00:00:00+00:00,99517.5440807894
2023-12-15 04:00:00+00:00,99515.88191511278
2023-12-15 08:00:00+00:00,99538.18763352078
2023-12-15 12:00:00+00:00,99529.96808800678
2023-12-15 16:00:00+00:00,99542.14140794173
2023-12-15 20:00:00+00:00,99520.92290937796
2023-12-16 00:00:00+00:00,99540.45608094012
2023-12-16 04:00:00+00:00,99549.78873248512
2023-12-16 08:00:00+00:00,99574.15035909478
2023-12-16 12:00:00+00:00,99591.17257054051
2023-12-16 16:00:00+00:00,99558.64998294477
2023-12-16 20:00:00+00:00,99554.96733226944
2023-12-17 00:00:00+00:00,99570.27015594146
2023-12-17 04:00:00+00:00,99544.61421999344
2023-12-17 08:00:00+00:00,99555.85154991216
2023-12-17 12:00:00+00:00,99552.68117324862
2023-12-17 16:00:00+00:00,99549.66338884394
2023-12-17 20:00:00+00:00,99532.81693098202
2023-12-18 00:00:00+00:00,99518.46235920419
2023-12-18 04:00:00+00:00,99517.65453606998
2023-12-18 08:00:00+00:00,99517.65453606998
2023-12-18 12:00:00+00:00,99517.65453606998
2023-12-18 16:00:00+00:00,99517.65453606998
2023-12-18 20:00:00+00:00,99517.65453606998
2023-12-19 00:00:00+00:00,99517.65453606998
2023-12-19 04:00:00+00:00,99517.65453606998
2023-12-19 08:00:00+00:00,99517.65453606998
2023-12-19 12:00:00+00:00,99517.65453606998
2023-12-19 16:00:00+00:00,99517.65453606998
2023-12-19 20:00:00+00:00,99517.65453606998
2023-12-20 00:00:00+00:00,99517.65453606998
2023-12-20 04:00:00+00:00,99517.65453606998
2023-12-20 08:00:00+00:00,99517.65453606998
2023-12-20 12:00:00+00:00,99517.65453606998
2023-12-20 16:00:00+00:00,99517.65453606998
2023-12-20 20:00:00+00:00,99517.65453606998
2023-12-21 00:00:00+00:00,99517.65453606998
2023-12-21 04:00:00+00:00,99517.65453606998
2023-12-21 08:00:00+00:00,99517.65453606998
2023-12-21 12:00:00+00:00,99517.65453606998
2023-12-21 16:00:00+00:00,99517.65453606998
2023-12-21 20:00:00+00:00,99517.65453606998
2023-12-22 00:00:00+00:00,99517.65453606998
2023-12-22 04:00:00+00:00,99517.65453606998
2023-12-22 08:00:00+00:00,99526.86195894607
2023-12-22 12:00:00+00:00,99524.34435873976
2023-12-22 16:00:00+00:00,99524.97497154336
2023-12-22 20:00:00+00:00,99534.64482193653
2023-12-23 00:00:00+00:00,99472.3965419759
2023-12-23 04:00:00+00:00,99486.99490460625
2023-12-23 08:00:00+00:00,99505.92314774064
2023-12-23 12:00:00+00:00,99528.40120477618
2023-12-23 16:00:00+00:00,99534.31688046755
2023-12-23 20:00:00+00:00,99545.83884892902
2023-12-24 00:00:00+00:00,99542.73038120764
2023-12-24 04:00:00+00:00,99502.7611831527
2023-12-24 08:00:00+00:00,99536.89837430984
2023-12-24 12:00:00+00:00,99565.52938347668
2023-12-24 16:00:00+00:00,99601.4929891471
2023-12-24 20:00:00+00:00,99491.20489685383
2023-12-25 00:00:00+00:00,99523.22474046325
2023-12-25 04:00:00+00:00,99553.1110699584
2023-12-25 08:00:00+00:00,99567.21591085837
2023-12-25 12:00:00+00:00,99585.69605265756
2023-12-25 16:00:00+00:00,99552.38339565799
2023-12-25 20:00:00+00:00,99564.8713683041
2023-12-26 00:00:00+00:00,99563.92683483941
2023-12-26 04:00:00+00:00,99487.44993043553
2023-12-26 08:00:00+00:00,99539.43370511847
2023-12-26 12:00:00+00:00,99511.18209978874
2023-12-26 16:00:00+00:00,99473.71022867878
2023-12-26 20:00:00+00:00,99472.01508899448
2023-12-27 00:00:00+00:00,99445.51302710074
2023-12-27 04:00:00+00:00,99459.51240020093
2023-12-27 08:00:00+00:00,99463.78745979501
2023-12-27 12:00:00+00:00,99462.72903111408
2023-12-27 16:00:00+00:00,99463.68823210617
2023-12-27 20:00:00+00:00,99462.41481009942
2023-12-28 00:00:00+00:00,99481.35902969335
2023-12-28 04:00:00+00:00,99518.28826788912
2023-12-28 08:00:00+00:00,99501.65109206067
2023-12-28 12:00:00+00:00,99491.14122601793
2023-12-28 16:00:00+00:00,99544.16188775355
2023-12-28 20:00:00+00:00,99510.21774919698
2023-12-29 00:00:00+00:00,99499.7244211024
2023-12-29 04:00:00+00:00,99486.24599336862
2023-12-29 08:00:00+00:00,99498.75695113622
2023-12-29 12:00:00+00:00,99486.67598002024
2023-12-29 16:00:00+00:00,99503.46199738195
2023-12-29 20:00:00+00:00,99490.10760425922
2023-12-30 00:00:00+00:00,99499.65826930985
2023-12-30 04:00:00+00:00,99495.43282356017
2023-12-30 08:00:00+00:00,99481.08615354905
2023-12-30 12:00:00+00:00,99484.5508536843
2023-12-30 16:00:00+00:00,99481.25153303044
2023-12-30 20:00:00+00:00,99472.41199974982
2023-12-31 00:00:00+00:00,99471.4999796798
2023-12-31 04:00:00+00:00,99471.4999796798
2023-12-31 08:00:00+00:00,99471.4999796798
2023-12-31 12:00:00+00:00,99471.4999796798
2023-12-31 16:00:00+00:00,99489.1976255309
2023-12-31 20:00:00+00:00,99472.38363454725
2024-01-01 00:00:00+00:00,99465.1776384114
2024-01-01 04:00:00+00:00,99463.07588953845
2024-01-01 08:00:00+00:00,99462.02501510197
2024-01-01 12:00:00+00:00,99466.67888760637
2024-01-01 16:00:00+00:00,99471.33276011077
2024-01-01 20:00:00+00:00,99474.33525850071
2024-01-02 00:00:00+00:00,99482.59212907303
2024-01-02 04:00:00+00:00,99488.44700093342
2024-01-02 08:00:00+00:00,99509.91486442146
2024-01-02 12:00:00+00:00,99489.3477504504
2024-01-02 16:00:00+00:00,99494.75224755229
2024-01-02 20:00:00+00:00,99483.64300350951
2024-01-03 00:00:00+00:00,99502.25849352712
2024-01-03 04:00:00+00:00,99493.55124819631
2024-01-03 08:00:00+00:00,99469.53126107682
2024-01-03 12:00:00+00:00,99438.14128810194
2024-01-03 16:00:00+00:00,99438.14128810194
2024-01-03 20:00:00+00:00,99438.14128810194
2024-01-04 00:00:00+00:00,99438.14128810194
2024-01-04 04:00:00+00:00,99438.14128810194
2024-01-04 08:00:00+00:00,99438.14128810194
2024-01-04 12:00:00+00:00,99438.14128810194
2024-01-04 16:00:00+00:00,99438.14128810194
2024-01-04 20:00:00+00:00,99438.14128810194
2024-01-05 00:00:00+00:00,99438.14128810194
2024-01-05 04:00:00+00:00,99438.14128810194
2024-01-05 08:00:00+00:00,99438.14128810194
2024-01-05 12:00:00+00:00,99438.14128810194
2024-01-05 16:00:00+00:00,99438.14128810194
2024-01-05 20:00:00+00:00,99438.14128810194
2024-01-06 00:00:00+00:00,99438.14128810194
2024-01-06 04:00:00+00:00,99438.14128810194
2024-01-06 08:00:00+00:00,99438.14128810194
2024-01-06 12:00:00+00:00,99438.14128810194
2024-01-06 16:00:00+00:00,99438.14128810194
2024-01-06 20:00:00+00:00,99438.14128810194
2024-01-07 00:00:00+00:00,99438.14128810194
2024-01-07 04:00:00+00:00,99438.14128810194
2024-01-07 08:00:00+00:00,99438.14128810194
2024-01-07 12:00:00+00:00,99438.14128810194
2024-01-07 16:00:00+00:00,99438.14128810194
2024-01-07 20:00:00+00:00,99438.14128810194
2024-01-08 00:00:00+00:00,99438.14128810194
2024-01-08 04:00:00+00:00,99438.14128810194
2024-01-08 08:00:00+00:00,99438.14128810194
2024-01-08 12:00:00+00:00,99438.14128810194
2024-01-08 16:00:00+00:00,99438.14128810194
2024-01-08 20:00:00+00:00,99438.14128810194
2024-01-09 00:00:00+00:00,99438.14128810194
2024-01-09 04:00:00+00:00,99438.14128810194
2024-01-09 08:00:00+00:00,99438.14128810194
2024-01-09 12:00:00+00:00,99438.14128810194
2024-01-09 16:00:00+00:00,99438.14128810194
2024-01-09 20:00:00+00:00,99438.14128810194
2024-01-10 00:00:00+00:00,99438.14128810194
2024-01-10 04:00:00+00:00,99438.14128810194
2024-01-10 08:00:00+00:00,99438.14128810194
2024-01-10 12:00:00+00:00,99438.14128810194
2024-01-10 16:00:00+00:00,99438.14128810194
2024-01-10 20:00:00+00:00,99438.14128810194
2024-01-11 00:00:00+00:00,99438.14128810194
2024-01-11 04:00:00+00:00,99436.25737088124
2024-01-11 08:00:00+00:00,99470.9162926273
2024-01-11 12:00:00+00:00,99463.96132505283
2024-01-11 16:00:00+00:00,99445.1829126018
2024-01-11 20:00:00+00:00,99452.2537963025
2024-01-12 00:00:00+00:00,99455.61536396349
2024-01-12 04:00:00+00:00,99452.02196405001
2024-01-12 08:00:00+00:00,99464.88865406277
2024-01-12 12:00:00+00:00,99462.68624766418
2024-01-12 16:00:00+00:00,99447.50123512662
2024-01-12 20:00:00+00:00,99445.53066098053
2024-01-13 00:00:00+00:00,99450.05138990392
2024-01-13 04:00:00+00:00,99454.91986720604
2024-01-13 08:00:00+00:00,99487.96258459624
2024-01-13 12:00:00+00:00,99503.46666433131
2024-01-13 16:00:00+00:00,99493.53426563581
2024-01-13 20:00:00+00:00,99488.14551288007
2024-01-14 00:00:00+00:00,99509.53147461117
2024-01-14 04:00:00+00:00,99494.58252352299
2024-01-14 08:00:00+00:00,99484.32682843308
2024-01-14 12:00:00+00:00,99477.11769122028
2024-01-14 16:00:00+00:00,99445.70016152202
2024-01-14 20:00:00+00:00,99437.01453474085
2024-01-15 00:00:00+00:00,99451.49057937613
2024-01-15 04:00:00+00:00,99452.93818383965
2024-01-15 08:00:00+00:00,99466.17342464905
2024-01-15 12:00:00+00:00,99455.52319181024
2024-01-15 16:00:00+00:00,99444.97635929026
2024-01-15 20:00:00+00:00,99423.88537560905
2024-01-16 00:00:00+00:00,99423.88537560905
2024-01-16 04:00:00+00:00,99423.88537560905
2024-01-16 08:00:00+00:00,99423.88537560905
2024-01-16 12:00:00+00:00,99423.88537560905
2024-01-16 16:00:00+00:00,99423.88537560905
2024-01-16 20:00:00+00:00,99423.88537560905
2024-01-17 00:00:00+00:00,99423.88537560905
2024-01-17 04:00:00+00:00,99423.88537560905
2024-01-17 08:00:00+00:00,99423.88537560905
2024-01-17 12:00:00+00:00,99423.88537560905
2024-01-17 16:00:00+00:00,99423.88537560905
2024-01-17 20:00:00+00:00,99423.88537560905
2024-01-18 00:00:00+00:00,99423.88537560905
2024-01-18 04:00:00+00:00,99423.88537560905
2024-01-18 08:00:00+00:00,99423.88537560905
2024-01-18 12:00:00+00:00,99423.88537560905
2024-01-18 16:00:00+00:00,99423.88537560905
2024-01-18 20:00:00+00:00,99423.88537560905
2024-01-19 00:00:00+00:00,99423.88537560905
2024-01-19 04:00:00+00:00,99423.88537560905
2024-01-19 08:00:00+00:00,99423.88537560905
2024-01-19 12:00:00+00:00,99423.88537560905
2024-01-19 16:00:00+00:00,99423.88537560905
2024-01-19 20:00:00+00:00,99423.88537560905
2024-01-20 00:00:00+00:00,99423.88537560905
2024-01-20 04:00:00+00:00,99423.88537560905
2024-01-20 08:00:00+00:00,99423.88537560905
2024-01-20 12:00:00+00:00,99423.88537560905
2024-01-20 16:00:00+00:00,99423.88537560905
2024-01-20 20:00:00+00:00,99423.88537560905
2024-01-21 00:00:00+00:00,99423.88537560905
2024-01-21 04:00:00+00:00,99423.88537560905
2024-01-21 08:00:00+00:00,99423.88537560905
2024-01-21 12:00:00+00:00,99423.88537560905
2024-01-21 16:00:00+00:00,99423.88537560905
2024-01-21 20:00:00+00:00,99423.88537560905
2024-01-22 00:00:00+00:00,99423.88537560905
2024-01-22 04:00:00+00:00,99423.88537560905
2024-01-22 08:00:00+00:00,99423.88537560905
2024-01-22 12:00:00+00:00,99423.88537560905
2024-01-22 16:00:00+00:00,99423.88537560905
2024-01-22 20:00:00+00:00,99423.88537560905
2024-01-23 00:00:00+00:00,99423.88537560905
2024-01-23 04:00:00+00:00,99423.88537560905
2024-01-23 08:00:00+00:00,99423.88537560905
2024-01-23 12:00:00+00:00,99423.88537560905
2024-01-23 16:00:00+00:00,99423.88537560905
2024-01-23 20:00:00+00:00,99423.88537560905
2024-01-24 00:00:00+00:00,99423.88537560905
2024-01-24 04:00:00+00:00,99423.88537560905
2024-01-24 08:00:00+00:00,99423.88537560905
2024-01-24 12:00:00+00:00,99423.88537560905
2024-01-24 16:00:00+00:00,99423.88537560905
2024-01-24 20:00:00+00:00,99423.88537560905
2024-01-25 00:00:00+00:00,99423.88537560905
2024-01-25 04:00:00+00:00,99423.88537560905
2024-01-25 08:00:00+00:00,99423.88537560905
2024-01-25 12:00:00+00:00,99423.88537560905
2024-01-25 16:00:00+00:00,99423.88537560905
2024-01-25 20:00:00+00:00,99423.88537560905
2024-01-26 00:00:00+00:00,99423.88537560905
2024-01-26 04:00:00+00:00,99423.88537560905
2024-01-26 08:00:00+00:00,99423.88537560905
2024-01-26 12:00:00+00:00,99423.88537560905
2024-01-26 16:00:00+00:00,99423.88537560905
2024-01-26 20:00:00+00:00,99423.88537560905
2024-01-27 00:00:00+00:00,99423.88537560905
2024-01-27 04:00:00+00:00,99423.88537560905
2024-01-27 08:00:00+00:00,99423.88537560905
2024-01-27 12:00:00+00:00,99423.88537560905
2024-01-27 16:00:00+00:00,99423.88537560905
2024-01-27 20:00:00+00:00,99417.27508490223
2024-01-28 00:00:00+00:00,99475.56971485539
2024-01-28 04:00:00+00:00,99461.43694598449
2024-01-28 08:00:00+00:00,99466.76707233989
2024-01-28 12:00:00+00:00,99454.77544325734
2024-01-28 16:00:00+00:00,99426.90223737498
2024-01-28 20:00:00+00:00,99431.0703986358
2024-01-29 00:00:00+00:00,99454.20228935168
2024-01-29 04:00:00+00:00,99427.63432769726
2024-01-29 08:00:00+00:00,99431.23086179535
2024-01-29 12:00:00+00:00,99450.84816084146
2024-01-29 16:00:00+00:00,99490.64379478869
2024-01-29 20:00:00+00:00,99489.29921679255
2024-01-30 00:00:00+00:00,99473.95328109736
2024-01-30 04:00:00+00:00,99474.58201609988
2024-01-30 08:00:00+00:00,99518.32395243179
2024-01-30 12:00:00+00:00,99485.34922323267
2024-01-30 16:00:00+00:00,99509.23915088552
2024-01-30 20:00:00+00:00,99416.19285824953
2024-01-31 00:00:00+00:00,99404.72690646704
2024-01-31 04:00:00+00:00,99412.01854015057
2024-01-31 08:00:00+00:00,99368.27625222465
2024-01-31 12:00:00+00:00,99359.9274381839
2024-01-31 16:00:00+00:00,99360.06595879962
2024-01-31 20:00:00+00:00,99318.62275773392
2024-02-01 00:00:00+00:00,99307.96082114225
2024-02-01 04:00:00+00:00,99335.01301613936
2024-02-01 08:00:00+00:00,99324.68182467247
2024-02-01 12:00:00+00:00,99376.466405111
2024-02-01 16:00:00+00:00,99388.01032870206
2024-02-01 20:00:00+00:00,99399.63234489203
2024-02-02 00:00:00+00:00,99430.75913607905
2024-02-02 04:00:00+00:00,99442.35359017529
2024-02-02 08:00:00+00:00,99429.23403355927
2024-02-02 12:00:00+00:00,99470.65526675488
2024-02-02 16:00:00+00:00,99447.25504917715
2024-02-02 20:00:00+00:00,99428.74710323669
2024-02-03 00:00:00+00:00,99415.84804337051
2024-02-03 04:00:00+00:00,99424.2223261825
2024-02-03 08:00:00+00:00,99435.48144147167
2024-02-03 12:00:00+00:00,99441.22354433232
2024-02-03 16:00:00+00:00,99425.22834260367
2024-02-03 20:00:00+00:00,99421.1767148252
2024-02-04 00:00:00+00:00,99431.92593138035
2024-02-04 04:00:00+00:00,99420.02370057077
2024-02-04 08:00:00+00:00,99444.0762210335
2024-02-04 12:00:00+00:00,99446.3500937663
2024-02-04 16:00:00+00:00,99450.88865186737
2024-02-04 20:00:00+00:00,99444.05325262205
2024-02-05 00:00:00+00:00,99458.14666988324
2024-02-05 04:00:00+00:00,99469.74571766176
2024-02-05 08:00:00+00:00,99513.66591402233
2024-02-05 12:00:00+00:00,99495.72299100336
2024-02-05 16:00:00+00:00,99489.83389030947
2024-02-05 20:00:00+00:00,99490.3805385018
2024-02-06 00:00:00+00:00,99478.40021509334
2024-02-06 04:00:00+00:00,99486.05328978602
2024-02-06 08:00:00+00:00,99472.52030176403
2024-02-06 12:00:00+00:00,99466.51635901292
2024-02-06 16:00:00+00:00,99462.38663863555
2024-02-06 20:00:00+00:00,99450.25472371155
2024-02-07 00:00:00+00:00,99450.47062677912
2024-02-07 04:00:00+00:00,99454.87596809381
2024-02-07 08:00:00+00:00,99450.1169132429
2024-02-07 12:00:00+00:00,99456.19894859291
2024-02-07 16:00:00+00:00,99458.05020255518
2024-02-07 20:00:00+00:00,99474.30265049197
2024-02-08 00:00:00+00:00,99477.17780638418
2024-02-08 04:00:00+00:00,99485.72980450252
2024-02-08 08:00:00+00:00,99454.87951125074
2024-02-08 12:00:00+00:00,99465.52776097262
2024-02-08 16:00:00+00:00,99438.50216696311
2024-02-08 20:00:00+00:00,99445.77676557943
2024-02-09 00:00:00+00:00,99451.07382400306
2024-02-09 04:00:00+00:00,99466.5300170366
2024-02-09 08:00:00+00:00,99497.66448050774
2024-02-09 12:00:00+00:00,99523.45670810863
2024-02-09 16:00:00+00:00,99512.78326882595
2024-02-09 20:00:00+00:00,99570.60364427522
2024-02-10 00:00:00+00:00,99587.74917880745
2024-02-10 04:00:00+00:00,99534.86162152466
2024-02-10 08:00:00+00:00,99476.55966091997
2024-02-10 12:00:00+00:00,99498.09671183892
2024-02-10 16:00:00+00:00,99504.0311070746
2024-02-10 20:00:00+00:00,99503.50729694446
2024-02-11 00:00:00+00:00,99592.7365988353
2024-02-11 04:00:00+00:00,99585.60735590944
2024-02-11 08:00:00+00:00,99585.09572160928
2024-02-11 12:00:00+00:00,99536.67527157352
2024-02-11 16:00:00+00:00,99538.48949290546
2024-02-11 20:00:00+00:00,99491.1352478994
2024-02-12 00:00:00+00:00,99470.15501366
2024-02-12 04:00:00+00:00,99470.06665986986
2024-02-12 08:00:00+00:00,99400.91785841656
2024-02-12 12:00:00+00:00,99498.80758805048
2024-02-12 16:00:00+00:00,99543.06059505294
2024-02-12 20:00:00+00:00,99574.1426991405
2024-02-13 00:00:00+00:00,99535.39307138028
2024-02-13 04:00:00+00:00,99551.23753126865
2024-02-13 08:00:00+00:00,99538.05417952682
2024-02-13 12:00:00+00:00,99462.8694017504
2024-02-13 16:00:00+00:00,99456.98377732084
2024-02-13 20:00:00+00:00,99485.1956711372
2024-02-14 00:00:00+00:00,99490.35741770417
2024-02-14 04:00:00+00:00,99556.235028489
2024-02-14 08:00:00+00:00,99639.21883435814
2024-02-14 12:00:00+00:00,99592.57597117752
2024-02-14 16:00:00+00:00,99603.55286700084
2024-02-14 20:00:00+00:00,99624.76389111398
2024-02-15 00:00:00+00:00,99733.35144044222
2024-02-15 04:00:00+00:00,99700.48597863449
2024-02-15 08:00:00+00:00,99748.46834405317
2024-02-15 12:00:00+00:00,99799.40230975396
2024-02-15 16:00:00+00:00,99822.94274411723
2024-02-15 20:00:00+00:00,99829.6894673893
2024-02-16 00:00:00+00:00,99942.46118814449
2024-02-16 04:00:00+00:00,99828.18577079051
2024-02-16 08:00:00+00:00,99893.82883844823
2024-02-16 12:00:00+00:00,99746.56639637813
2024-02-16 16:00:00+00:00,99727.69934043678
2024-02-16 20:00:00+00:00,99827.67693744211
2024-02-17 00:00:00+00:00,99798.38713155012
2024-02-17 04:00:00+00:00,99899.17068908927
2024-02-17 08:00:00+00:00,99885.30697166098
2024-02-17 12:00:00+00:00,99748.9765673286
2024-02-17 16:00:00+00:00,99790.39202740687
2024-02-17 20:00:00+00:00,99835.24050199443
2024-02-18 00:00:00+00:00,99815.22389768437
2024-02-18 04:00:00+00:00,99839.96932086699
2024-02-18 08:00:00+00:00,99839.35814494523
2024-02-18 12:00:00+00:00,99820.9603612817
2024-02-18 16:00:00+00:00,99835.91825811312
2024-02-18 20:00:00+00:00,99844.9812289097
2024-02-19 00:00:00+00:00,99896.55096781519
2024-02-19 04:00:00+00:00,99945.75576770375
2024-02-19 08:00:00+00:00,99932.17963307131
2024-02-19 12:00:00+00:00,99970.69376906207
2024-02-19 16:00:00+00:00,100046.08898911001
2024-02-19 20:00:00+00:00,100086.62915635735
2024-02-20 00:00:00+00:00,99998.1068523122
2024-02-20 04:00:00+00:00,100097.11132328893
2024-02-20 08:00:00+00:00,100164.56128945865
2024-02-20 12:00:00+00:00,99961.79135586182
2024-02-20 16:00:00+00:00,99996.93665110624
2024-02-20 20:00:00+00:00,100044.34898869327
2024-02-21 00:00:00+00:00,99997.15478974399
2024-02-21 04:00:00+00:00,99931.02860566255
2024-02-21 08:00:00+00:00,99937.07826393537
2024-02-21 12:00:00+00:00,99891.16722404961
2024-02-21 16:00:00+00:00,99887.90748353413
2024-02-21 20:00:00+00:00,99896.12061604885
2024-02-22 00:00:00+00:00,99883.9475803574
2024-02-22 04:00:00+00:00,99894.65398524265
2024-02-22 08:00:00+00:00,99899.64052998374
2024-02-22 12:00:00+00:00,99893.92066983956
2024-02-22 16:00:00+00:00,99890.98740822716
2024-02-22 20:00:00+00:00,99884.38756959926
2024-02-23 00:00:00+00:00,99881.45430798686
2024-02-23 04:00:00+00:00,99874.70780627834
2024-02-23 08:00:00+00:00,99883.36092803492
2024-02-23 12:00:00+00:00,99875.73444784268
2024-02-23 16:00:00+00:00,99863.38559663814
2024-02-23 20:00:00+00:00,99863.38559663814
2024-02-24 00:00:00+00:00,99863.38559663814
2024-02-24 04:00:00+00:00,99863.38559663814
2024-02-24 08:00:00+00:00,99863.38559663814
2024-02-24 12:00:00+00:00,99863.38559663814
2024-02-24 16:00:00+00:00,99863.38559663814
2024-02-24 20:00:00+00:00,99863.38559663814
2024-02-25 00:00:00+00:00,99863.38559663814
2024-02-25 04:00:00+00:00,99863.38559663814
2024-02-25 08:00:00+00:00,99863.38559663814
2024-02-25 12:00:00+00:00,99863.38559663814
2024-02-25 16:00:00+00:00,99863.38559663814
2024-02-25 20:00:00+00:00,99863.38559663814
2024-02-26 00:00:00+00:00,99854.26691145818
2024-02-26 04:00:00+00:00,99843.20210517987
2024-02-26 08:00:00+00:00,99819.24641108338
2024-02-26 12:00:00+00:00,99825.41073562484
2024-02-26 16:00:00+00:00,99839.8559550928
2024-02-26 20:00:00+00:00,99843.6021040258
2024-02-27 00:00:00+00:00,99822.28310754009
2024-02-27 04:00:00+00:00,99801.5411980481
2024-02-27 08:00:00+00:00,99829.29029880639
2024-02-27 12:00:00+00:00,99774.68120967809
2024-02-27 16:00:00+00:00,99859.5210015962
2024-02-27 20:00:00+00:00,99866.62185414597
2024-02-28 00:00:00+00:00,99839.48521914908
2024-02-28 04:00:00+00:00,99882.25391393201
2024-02-28 08:00:00+00:00,99889.16080055964
2024-02-28 12:00:00+00:00,99935.5142471313
2024-02-28 16:00:00+00:00,99711.11832280751
2024-02-28 20:00:00+00:00,99732.42049068917
2024-02-29 00:00:00+00:00,99747.20986513268
2024-02-29 04:00:00+00:00,99757.95286093674
2024-02-29 08:00:00+00:00,99739.48878694547
2024-02-29 12:00:00+00:00,99732.47513187303
2024-02-29 16:00:00+00:00,99716.70719013714
2024-02-29 20:00:00+00:00,99687.72885817639
2024-03-01 00:00:00+00:00,99710.56303052952
2024-03-01 04:00:00+00:00,99704.00022469462
2024-03-01 08:00:00+00:00,99715.21090400676
2024-03-01 12:00:00+00:00,99703.5400085614
2024-03-01 16:00:00+00:00,99715.21215203198
2024-03-01 20:00:00+00:00,99738.18608882105
2024-03-02 00:00:00+00:00,99818.06169934626
2024-03-02 04:00:00+00:00,99783.86879387188
2024-03-02 08:00:00+00:00,99812.18375543487
2024-03-02 12:00:00+00:00,99801.58887267277
2024-03-02 16:00:00+00:00,99840.48775477412
2024-03-02 20:00:00+00:00,99944.68375185573
2024-03-03 00:00:00+00:00,99954.93567315083
2024-03-03 04:00:00+00:00,99684.85585207323
2024-03-03 08:00:00+00:00,99778.84839981016
2024-03-03 12:00:00+00:00,99810.26743119514
2024-03-03 16:00:00+00:00,99841.27411896586
2024-03-03 20:00:00+00:00,99874.38796134217
2024-03-04 00:00:00+00:00,99843.99571180964
2024-03-04 04:00:00+00:00,99916.05986268804
2024-03-04 08:00:00+00:00,99978.35927317843
2024-03-04 12:00:00+00:00,99974.48177264222
2024-03-04 16:00:00+00:00,99938.83338994354
2024-03-04 20:00:00+00:00,99961.8828824032
2024-03-05 00:00:00+00:00,99986.16747492035
2024-03-05 04:00:00+00:00,100039.36494166695
2024-03-05 08:00:00+00:00,100092.8355521635
2024-03-05 12:00:00+00:00,99999.57544454471
2024-03-05 16:00:00+00:00,99567.60979468297
2024-03-05 20:00:00+00:00,99567.60979468297
2024-03-06 00:00:00+00:00,99567.60979468297
2024-03-06 04:00:00+00:00,99567.60979468297
2024-03-06 08:00:00+00:00,99567.60979468297
2024-03-06 12:00:00+00:00,99567.60979468297
2024-03-06 16:00:00+00:00,99567.60979468297
2024-03-06 20:00:00+00:00,99567.60979468297
2024-03-07 00:00:00+00:00,99567.60979468297
2024-03-07 04:00:00+00:00,99567.60979468297
2024-03-07 08:00:00+00:00,99567.60979468297
2024-03-07 12:00:00+00:00,99567.60979468297
2024-03-07 16:00:00+00:00,99567.60979468297
2024-03-07 20:00:00+00:00,99567.60979468297
2024-03-08 00:00:00+00:00,99567.60979468297
2024-03-08 04:00:00+00:00,99567.60979468297
2024-03-08 08:00:00+00:00,99567.60979468297
2024-03-08 12:00:00+00:00,99567.60979468297
2024-03-08 16:00:00+00:00,99567.60979468297
2024-03-08 20:00:00+00:00,99567.60979468297
2024-03-09 00:00:00+00:00,99567.60979468297
2024-03-09 04:00:00+00:00,99567.60979468297
2024-03-09 08:00:00+00:00,99567.60979468297
2024-03-09 12:00:00+00:00,99567.60979468297
2024-03-09 16:00:00+00:00,99568.12826353134
2024-03-09 20:00:00+00:00,99562.31576232074
2024-03-10 00:00:00+00:00,99576.67605942927
2024-03-10 04:00:00+00:00,99574.60267098839
2024-03-10 08:00:00+00:00,99619.36554755391
2024-03-10 12:00:00+00:00,99601.42848958813
2024-03-10 16:00:00+00:00,99613.82231625704
2024-03-10 20:00:00+00:00,99606.56608198532
2024-03-11 00:00:00+00:00,99577.82095706117
2024-03-11 04:00:00+00:00,99595.51570934936
2024-03-11 08:00:00+00:00,99599.66353645374
2024-03-11 12:00:00+00:00,99582.9343244544
2024-03-11 16:00:00+00:00,99579.37628551993
2024-03-11 20:00:00+00:00,99592.78339834911
2024-03-12 00:00:00+00:00,99584.41606632613
2024-03-12 04:00:00+00:00,99582.76769461508
2024-03-12 08:00:00+00:00,99548.59525903061
2024-03-12 12:00:00+00:00,99590.22574902698
2024-03-12 16:00:00+00:00,99562.7748695879
2024-03-12 20:00:00+00:00,99569.9713611688
2024-03-13 00:00:00+00:00,99587.53035958228
2024-03-13 04:00:00+00:00,99594.84233043321
2024-03-13 08:00:00+00:00,99640.2393783618
2024-03-13 12:00:00+00:00,99605.17227981193
2024-03-13 16:00:00+00:00,99637.30211040795
2024-03-13 20:00:00+00:00,99675.22614050095
2024-03-14 00:00:00+00:00,99648.18675849179
2024-03-14 04:00:00+00:00,99629.12579842641
2024-03-14 08:00:00+00:00,99654.39292551494
2024-03-14 12:00:00+00:00,99572.79733605524
2024-03-14 16:00:00+00:00,99526.98933822468
2024-03-14 20:00:00+00:00,99620.50693617591
2024-03-15 00:00:00+00:00,99528.1676863294
2024-03-15 04:00:00+00:00,99512.52259657657
2024-03-15 08:00:00+00:00,99488.02201159422
2024-03-15 12:00:00+00:00,99505.9799337115
2024-03-15 16:00:00+00:00,99506.81375598074
2024-03-15 20:00:00+00:00,99553.69989948823
2024-03-16 00:00:00+00:00,99526.8759174012
2024-03-16 04:00:00+00:00,99530.0413611083
2024-03-16 08:00:00+00:00,99521.82966663328
2024-03-16 12:00:00+00:00,99512.5189804511
2024-03-16 16:00:00+00:00,99489.6494988941
2024-03-16 20:00:00+00:00,99479.54685930129
2024-03-17 00:00:00+00:00,99494.24835852497
2024-03-17 04:00:00+00:00,99457.77399951604
2024-03-17 08:00:00+00:00,99456.66873947934
2024-03-17 12:00:00+00:00,99456.66873947934
2024-03-17 16:00:00+00:00,99456.66873947934
2024-03-17 20:00:00+00:00,99456.66873947934
2024-03-18 00:00:00+00:00,99456.66873947934
2024-03-18 04:00:00+00:00,99456.66873947934
2024-03-18 08:00:00+00:00,99456.66873947934
2024-03-18 12:00:00+00:00,99456.66873947934
2024-03-18 16:00:00+00:00,99456.66873947934
2024-03-18 20:00:00+00:00,99456.66873947934
2024-03-19 00:00:00+00:00,99456.66873947934
2024-03-19 04:00:00+00:00,99456.66873947934
2024-03-19 08:00:00+00:00,99456.66873947934
2024-03-19 12:00:00+00:00,99456.66873947934
2024-03-19 16:00:00+00:00,99456.66873947934
2024-03-19 20:00:00+00:00,99456.66873947934
2024-03-20 00:00:00+00:00,99456.66873947934
2024-03-20 04:00:00+00:00,99456.66873947934
2024-03-20 08:00:00+00:00,99456.66873947934
2024-03-20 12:00:00+00:00,99456.66873947934
2024-03-20 16:00:00+00:00,99456.66873947934
2024-03-20 20:00:00+00:00,99456.66873947934
2024-03-21 00:00:00+00:00,99456.66873947934
2024-03-21 04:00:00+00:00,99456.66873947934
2024-03-21 08:00:00+00:00,99456.66873947934
2024-03-21 12:00:00+00:00,99456.66873947934
2024-03-21 16:00:00+00:00,99456.66873947934
2024-03-21 20:00:00+00:00,99456.66873947934
2024-03-22 00:00:00+00:00,99456.66873947934
2024-03-22 04:00:00+00:00,99456.66873947934
2024-03-22 08:00:00+00:00,99456.66873947934
2024-03-22 12:00:00+00:00,99456.66873947934
2024-03-22 16:00:00+00:00,99456.66873947934
2024-03-22 20:00:00+00:00,99456.66873947934
2024-03-23 00:00:00+00:00,99456.66873947934
2024-03-23 04:00:00+00:00,99456.66873947934
2024-03-23 08:00:00+00:00,99448.28267627161
2024-03-23 12:00:00+00:00,99458.09011441733
2024-03-23 16:00:00+00:00,99452.90873522956
2024-03-23 20:00:00+00:00,99449.02149362085
2024-03-24 00:00:00+00:00,99444.72862680079
2024-03-24 04:00:00+00:00,99446.38492974712
2024-03-24 08:00:00+00:00,99448.07503479438
2024-03-24 12:00:00+00:00,99449.08909782274
2024-03-24 16:00:00+00:00,99450.70676979655
2024-03-24 20:00:00+00:00,99455.55012797486
2024-03-25 00:00:00+00:00,99454.42017202897
2024-03-25 04:00:00+00:00,99449.02149362085
2024-03-25 08:00:00+00:00,99448.24404529911
2024-03-25 12:00:00+00:00,99460.17618693282
2024-03-25 16:00:00+00:00,99477.92717324413
2024-03-25 20:00:00+00:00,99458.90320748385
2024-03-26 00:00:00+00:00,99496.64648224147
2024-03-26 04:00:00+00:00,99488.13715032578
2024-03-26 08:00:00+00:00,99499.37596342755
2024-03-26 12:00:00+00:00,99463.25402146825
2024-03-26 16:00:00+00:00,99465.33843578282
2024-03-26 20:00:00+00:00,99483.01602324337
2024-03-27 00:00:00+00:00,99488.98057283797
2024-03-27 04:00:00+00:00,99444.34325739379
2024-03-27 08:00:00+00:00,99471.66757640569
2024-03-27 12:00:00+00:00,99397.16476490701
2024-03-27 16:00:00+00:00,99394.91978751615
2024-03-27 20:00:00+00:00,99403.5418706936
2024-03-28 00:00:00+00:00,99381.47035067051
2024-03-28 04:00:00+00:00,99401.83940456266
2024-03-28 08:00:00+00:00,99394.57288443475
2024-03-28 12:00:00+00:00,99399.31517491899
2024-03-28 16:00:00+00:00,99390.89235932566
2024-03-28 20:00:00+00:00,99392.32318213617
2024-03-29 00:00:00+00:00,99384.65465845501
2024-03-29 04:00:00+00:00,99375.45374390708
2024-03-29 08:00:00+00:00,99404.57300416072
2024-03-29 12:00:00+00:00,99401.06017264188
2024-03-29 16:00:00+00:00,99402.73444347968
2024-03-29 20:00:00+00:00,99395.15106781815
2024-03-30 00:00:00+00:00,99401.06637741209
2024-03-30 04:00:00+00:00,99399.84655118706
2024-03-30 08:00:00+00:00,99406.10458687789
2024-03-30 12:00:00+00:00,99394.78029973907
2024-03-30 16:00:00+00:00,99389.79350057393
2024-03-30 20:00:00+00:00,99382.30161766699
2024-03-31 00:00:00+00:00,99382.9886462305
2024-03-31 04:00:00+00:00,99386.84909244457
2024-03-31 08:00:00+00:00,99383.56818052898
2024-03-31 12:00:00+00:00,99382.68485809017
2024-03-31 16:00:00+00:00,99372.86740385034
2024-03-31 20:00:00+00:00,99374.06192023793
2024-04-01 00:00:00+00:00,99376.9628886078
2024-04-01 04:00:00+00:00,99341.02247579966
2024-04-01 08:00:00+00:00,99341.02247579966
2024-04-01 12:00:00+00:00,99341.02247579966
2024-04-01 16:00:00+00:00,99341.02247579966
2024-04-01 20:00:00+00:00,99341.02247579966
2024-04-02 00:00:00+00:00,99341.02247579966
2024-04-02 04:00:00+00:00,99341.02247579966
2024-04-02 08:00:00+00:00,99341.02247579966
2024-04-02 12:00:00+00:00,99341.02247579966
2024-04-02 16:00:00+00:00,99341.02247579966
2024-04-02 20:00:00+00:00,99341.02247579966
2024-04-03 00:00:00+00:00,99341.02247579966
2024-04-03 04:00:00+00:00,99341.02247579966
2024-04-03 08:00:00+00:00,99341.02247579966
2024-04-03 12:00:00+00:00,99341.02247579966
2024-04-03 16:00:00+00:00,99341.02247579966
2024-04-03 20:00:00+00:00,99341.02247579966
2024-04-04 00:00:00+00:00,99341.02247579966
2024-04-04 04:00:00+00:00,99341.02247579966
2024-04-04 08:00:00+00:00,99341.02247579966
2024-04-04 12:00:00+00:00,99341.02247579966
2024-04-04 16:00:00+00:00,99341.02247579966
2024-04-04 20:00:00+00:00,99341.02247579966
2024-04-05 00:00:00+00:00,99341.02247579966
2024-04-05 04:00:00+00:00,99341.02247579966
2024-04-05 08:00:00+00:00,99341.02247579966
2024-04-05 12:00:00+00:00,99341.02247579966
2024-04-05 16:00:00+00:00,99341.02247579966
2024-04-05 20:00:00+00:00,99331.22694122005
2024-04-06 00:00:00+00:00,99326.29459899047
2024-04-06 04:00:00+00:00,99324.71864333369
2024-04-06 08:00:00+00:00,99322.12529858203
2024-04-06 12:00:00+00:00,99322.11532417915
2024-04-06 16:00:00+00:00,99316.27531128647
2024-04-06 20:00:00+00:00,99321.26251273196
2024-04-07 00:00:00+00:00,99320.13041800384
2024-04-07 04:00:00+00:00,99320.26008524142
2024-04-07 08:00:00+00:00,99318.35996149069
2024-04-07 12:00:00+00:00,99316.98349389173
2024-04-07 16:00:00+00:00,99316.15561845178
2024-04-07 20:00:00+00:00,99315.8613735665
2024-04-08 00:00:00+00:00,99319.2377089451
2024-04-08 04:00:00+00:00,99338.29992609454
2024-04-08 08:00:00+00:00,99379.34427295512
2024-04-08 12:00:00+00:00,99354.37296900977
2024-04-08 16:00:00+00:00,99369.36740763446
2024-04-08 20:00:00+00:00,99369.8768719731
2024-04-09 00:00:00+00:00,99330.42353919335
2024-04-09 04:00:00+00:00,99295.58295089382
2024-04-09 08:00:00+00:00,99329.20053130151
2024-04-09 12:00:00+00:00,99230.08160269528
2024-04-09 16:00:00+00:00,99228.14619707882
2024-04-09 20:00:00+00:00,99224.55208978876
2024-04-10 00:00:00+00:00,99236.4856256362
2024-04-10 04:00:00+00:00,99265.04763311149
2024-04-10 08:00:00+00:00,99198.85325092213
2024-04-10 12:00:00+00:00,99195.37341659263
2024-04-10 16:00:00+00:00,99195.37341659263
2024-04-10 20:00:00+00:00,99195.37341659263
2024-04-11 00:00:00+00:00,99195.37341659263
2024-04-11 04:00:00+00:00,99195.37341659263
2024-04-11 08:00:00+00:00,99195.37341659263
2024-04-11 12:00:00+00:00,99195.37341659263
2024-04-11 16:00:00+00:00,99195.37341659263
2024-04-11 20:00:00+00:00,99195.37341659263
2024-04-12 00:00:00+00:00,99195.37341659263
2024-04-12 04:00:00+00:00,99195.37341659263
2024-04-12 08:00:00+00:00,99194.92345134083
2024-04-12 12:00:00+00:00,99183.39982175543
2024-04-12 16:00:00+00:00,99157.17391030534
2024-04-12 20:00:00+00:00,99157.17391030534
2024-04-13 00:00:00+00:00,99157.17391030534
2024-04-13 04:00:00+00:00,99157.17391030534
2024-04-13 08:00:00+00:00,99157.17391030534
2024-04-13 12:00:00+00:00,99157.17391030534
2024-04-13 16:00:00+00:00,99157.17391030534
2024-04-13 20:00:00+00:00,99157.17391030534
2024-04-14 00:00:00+00:00,99157.17391030534
2024-04-14 04:00:00+00:00,99157.17391030534
2024-04-14 08:00:00+00:00,99157.17391030534
2024-04-14 12:00:00+00:00,99157.17391030534
2024-04-14 16:00:00+00:00,99157.17391030534
2024-04-14 20:00:00+00:00,99157.17391030534
2024-04-15 00:00:00+00:00,99157.17391030534
2024-04-15 04:00:00+00:00,99157.17391030534
2024-04-15 08:00:00+00:00,99157.17391030534
2024-04-15 12:00:00+00:00,99157.17391030534
2024-04-15 16:00:00+00:00,99157.17391030534
2024-04-15 20:00:00+00:00,99157.17391030534
2024-04-16 00:00:00+00:00,99157.17391030534
2024-04-16 04:00:00+00:00,99157.17391030534
2024-04-16 08:00:00+00:00,99157.17391030534
2024-04-16 12:00:00+00:00,99157.17391030534
2024-04-16 16:00:00+00:00,99157.17391030534
2024-04-16 20:00:00+00:00,99157.17391030534
2024-04-17 00:00:00+00:00,99157.17391030534
2024-04-17 04:00:00+00:00,99157.17391030534
2024-04-17 08:00:00+00:00,99157.17391030534
2024-04-17 12:00:00+00:00,99157.17391030534
2024-04-17 16:00:00+00:00,99157.17391030534
2024-04-17 20:00:00+00:00,99157.17391030534
2024-04-18 00:00:00+00:00,99157.17391030534
2024-04-18 04:00:00+00:00,99157.17391030534
2024-04-18 08:00:00+00:00,99157.17391030534
2024-04-18 12:00:00+00:00,99157.17391030534
2024-04-18 16:00:00+00:00,99157.17391030534
2024-04-18 20:00:00+00:00,99157.17391030534
2024-04-19 00:00:00+00:00,99157.17391030534
2024-04-19 04:00:00+00:00,99157.17391030534
2024-04-19 08:00:00+00:00,99157.17391030534
2024-04-19 12:00:00+00:00,99157.17391030534
2024-04-19 16:00:00+00:00,99157.17391030534
2024-04-19 20:00:00+00:00,99157.17391030534
2024-04-20 00:00:00+00:00,99157.17391030534
2024-04-20 04:00:00+00:00,99157.17391030534
2024-04-20 08:00:00+00:00,99157.17391030534
2024-04-20 12:00:00+00:00,99157.17391030534
2024-04-20 16:00:00+00:00,99160.31484123925
2024-04-20 20:00:00+00:00,99160.93375648312
2024-04-21 00:00:00+00:00,99160.07172783902
2024-04-21 04:00:00+00:00,99168.58762566386
2024-04-21 08:00:00+00:00,99162.02760099126
2024-04-21 12:00:00+00:00,99150.44084464171
2024-04-21 16:00:00+00:00,99140.8233912021
2024-04-21 20:00:00+00:00,99151.87318889193
2024-04-22 00:00:00+00:00,99196.77473616617
2024-04-22 04:00:00+00:00,99205.84011560293
2024-04-22 08:00:00+00:00,99210.27435160299
2024-04-22 12:00:00+00:00,99206.13991601876
2024-04-22 16:00:00+00:00,99223.1128553469
2024-04-22 20:00:00+00:00,99241.04585219952
2024-04-23 00:00:00+00:00,99191.94064155011
2024-04-23 04:00:00+00:00,99186.09468544259
2024-04-23 08:00:00+00:00,99184.95088613725
2024-04-23 12:00:00+00:00,99204.05654242546
2024-04-23 16:00:00+00:00,99225.97568993446
2024-04-23 20:00:00+00:00,99200.20987392652
2024-04-24 00:00:00+00:00,99247.95224779952
2024-04-24 04:00:00+00:00,99358.82819983031
2024-04-24 08:00:00+00:00,99333.43601647501
2024-04-24 12:00:00+00:00,99183.15037394488
2024-04-24 16:00:00+00:00,99202.90699732337
2024-04-24 20:00:00+00:00,99176.22019948564
2024-04-25 00:00:00+00:00,99158.92693465798
2024-04-25 04:00:00+00:00,99162.32537483469
2024-04-25 08:00:00+00:00,99178.99272154359
2024-04-25 12:00:00+00:00,99215.62439055237
2024-04-25 16:00:00+00:00,99216.60760770128
2024-04-25 20:00:00+00:00,99205.59156843019
2024-04-26 00:00:00+00:00,99202.80136515602
2024-04-26 04:00:00+00:00,99188.31530069278
2024-04-26 08:00:00+00:00,99203.74791407226
2024-04-26 12:00:00+00:00,99212.22673652486
2024-04-26 16:00:00+00:00,99228.6411338757
2024-04-26 20:00:00+00:00,99220.18572569682
2024-04-27 00:00:00+00:00,99192.86219554766
2024-04-27 04:00:00+00:00,99212.2487652759
2024-04-27 08:00:00+00:00,99205.2859831904
2024-04-27 12:00:00+00:00,99210.20088819193
2024-04-27 16:00:00+00:00,99206.92428485758
2024-04-27 20:00:00+00:00,99181.2710688749
2024-04-28 00:00:00+00:00,99198.37929426198
2024-04-28 04:00:00+00:00,99204.74410468695
2024-04-28 08:00:00+00:00,99208.82252619643
2024-04-28 12:00:00+00:00,99198.31929199137
2024-04-28 16:00:00+00:00,99192.96476789618
2024-04-28 20:00:00+00:00,99197.804263652
2024-04-29 00:00:00+00:00,99174.37633665102
2024-04-29 04:00:00+00:00,99153.85303651678
2024-04-29 08:00:00+00:00,99156.03743873969
2024-04-29 12:00:00+00:00,99139.81233998013
2024-04-29 16:00:00+00:00,99139.81233998013
2024-04-29 20:00:00+00:00,99139.81233998013
2024-04-30 00:00:00+00:00,99139.81233998013
2024-04-30 04:00:00+00:00,99139.81233998013
2024-04-30 08:00:00+00:00,99139.81233998013
2024-04-30 12:00:00+00:00,99139.81233998013
2024-04-30 16:00:00+00:00,99139.81233998013
2024-04-30 20:00:00+00:00,99139.81233998013
2024-05-01 00:00:00+00:00,99139.81233998013
2024-05-01 04:00:00+00:00,99139.81233998013
2024-05-01 08:00:00+00:00,99139.81233998013
2024-05-01 12:00:00+00:00,99139.81233998013
2024-05-01 16:00:00+00:00,99139.81233998013
2024-05-01 20:00:00+00:00,99139.81233998013
2024-05-02 00:00:00+00:00,99139.81233998013
2024-05-02 04:00:00+00:00,99139.81233998013
2024-05-02 08:00:00+00:00,99139.81233998013
2024-05-02 12:00:00+00:00,99139.81233998013
2024-05-02 16:00:00+00:00,99139.81233998013
2024-05-02 20:00:00+00:00,99139.81233998013
2024-05-03 00:00:00+00:00,99139.81233998013
2024-05-03 04:00:00+00:00,99139.81233998013
2024-05-03 08:00:00+00:00,99139.81233998013
2024-05-03 12:00:00+00:00,99139.81233998013
2024-05-03 16:00:00+00:00,99139.81233998013
2024-05-03 20:00:00+00:00,99139.81233998013
2024-05-04 00:00:00+00:00,99139.81233998013
2024-05-04 04:00:00+00:00,99139.81233998013
2024-05-04 08:00:00+00:00,99139.81233998013
2024-05-04 12:00:00+00:00,99139.81233998013
2024-05-04 16:00:00+00:00,99139.81233998013
2024-05-04 20:00:00+00:00,99139.81233998013
2024-05-05 00:00:00+00:00,99139.81233998013
2024-05-05 04:00:00+00:00,99139.81233998013
2024-05-05 08:00:00+00:00,99139.81233998013
2024-05-05 12:00:00+00:00,99173.28135010148
2024-05-05 16:00:00+00:00,99152.50847910327
2024-05-05 20:00:00+00:00,99157.7231878622
2024-05-06 00:00:00+00:00,99136.9247369401
2024-05-06 04:00:00+00:00,99204.55874031257
2024-05-06 08:00:00+00:00,99209.69356935499
2024-05-06 12:00:00+00:00,99123.74860284562
2024-05-06 16:00:00+00:00,99109.12411515095
2024-05-06 20:00:00+00:00,99078.37383042084
2024-05-07 00:00:00+00:00,99071.37619522151
2024-05-07 04:00:00+00:00,99061.99565831717
2024-05-07 08:00:00+00:00,99088.47719957694
2024-05-07 12:00:00+00:00,99107.02868514638
2024-05-07 16:00:00+00:00,99075.25847396784
2024-05-07 20:00:00+00:00,99005.22795819047
2024-05-08 00:00:00+00:00,99014.28720617066
2024-05-08 04:00:00+00:00,98993.8651942631
2024-05-08 08:00:00+00:00,98992.9029175912
2024-05-08 12:00:00+00:00,98992.9029175912
2024-05-08 16:00:00+00:00,98992.9029175912
2024-05-08 20:00:00+00:00,98992.9029175912
2024-05-09 00:00:00+00:00,98992.9029175912
2024-05-09 04:00:00+00:00,98992.9029175912
2024-05-09 08:00:00+00:00,98992.9029175912
2024-05-09 12:00:00+00:00,98992.9029175912
2024-05-09 16:00:00+00:00,98992.9029175912
2024-05-09 20:00:00+00:00,98992.9029175912
2024-05-10 00:00:00+00:00,98992.9029175912
2024-05-10 04:00:00+00:00,98992.9029175912
2024-05-10 08:00:00+00:00,98992.9029175912
2024-05-10 12:00:00+00:00,98992.9029175912
2024-05-10 16:00:00+00:00,98992.9029175912
2024-05-10 20:00:00+00:00,98992.9029175912
2024-05-11 00:00:00+00:00,98992.9029175912
2024-05-11 04:00:00+00:00,98992.9029175912
2024-05-11 08:00:00+00:00,98992.9029175912
2024-05-11 12:00:00+00:00,98992.9029175912
2024-05-11 16:00:00+00:00,98992.9029175912
2024-05-11 20:00:00+00:00,98992.9029175912
2024-05-12 00:00:00+00:00,98992.9029175912
2024-05-12 04:00:00+00:00,98992.9029175912
2024-05-12 08:00:00+00:00,98992.9029175912
2024-05-12 12:00:00+00:00,98992.9029175912
2024-05-12 16:00:00+00:00,98992.9029175912
2024-05-12 20:00:00+00:00,98992.9029175912
2024-05-13 00:00:00+00:00,98992.9029175912
2024-05-13 04:00:00+00:00,98992.9029175912
2024-05-13 08:00:00+00:00,98992.9029175912
2024-05-13 12:00:00+00:00,98992.9029175912
2024-05-13 16:00:00+00:00,98992.9029175912
2024-05-13 20:00:00+00:00,98992.9029175912
2024-05-14 00:00:00+00:00,98992.9029175912
2024-05-14 04:00:00+00:00,98992.9029175912
2024-05-14 08:00:00+00:00,98992.9029175912
2024-05-14 12:00:00+00:00,98992.9029175912
2024-05-14 16:00:00+00:00,98992.9029175912
2024-05-14 20:00:00+00:00,98992.9029175912
2024-05-15 00:00:00+00:00,98992.9029175912
2024-05-15 04:00:00+00:00,98992.9029175912
2024-05-15 08:00:00+00:00,98992.9029175912
2024-05-15 12:00:00+00:00,98992.9029175912
2024-05-15 16:00:00+00:00,98992.9029175912
2024-05-15 20:00:00+00:00,98992.9029175912
2024-05-16 00:00:00+00:00,98992.9029175912
2024-05-16 04:00:00+00:00,98992.9029175912
2024-05-16 08:00:00+00:00,98992.9029175912
2024-05-16 12:00:00+00:00,98992.9029175912
2024-05-16 16:00:00+00:00,98992.9029175912
2024-05-16 20:00:00+00:00,98992.9029175912
2024-05-17 00:00:00+00:00,98992.9029175912
2024-05-17 04:00:00+00:00,98992.9029175912
2024-05-17 08:00:00+00:00,98936.67191460685
2024-05-17 12:00:00+00:00,98997.53097782077
2024-05-17 16:00:00+00:00,98954.03205431484
2024-05-17 20:00:00+00:00,98951.83582142314
2024-05-18 00:00:00+00:00,98995.20676574156
2024-05-18 04:00:00+00:00,98980.67698809615
2024-05-18 08:00:00+00:00,98998.03471187236
2024-05-18 12:00:00+00:00,98990.73992898321
2024-05-18 16:00:00+00:00,98988.39222420735
2024-05-18 20:00:00+00:00,98980.99790014037
2024-05-19 00:00:00+00:00,98994.31916749277
2024-05-19 04:00:00+00:00,98965.77107634071
2024-05-19 08:00:00+00:00,98923.4630195389
2024-05-19 12:00:00+00:00,98880.21333270875
2024-05-19 16:00:00+00:00,98870.76270233026
2024-05-19 20:00:00+00:00,98866.74830698359
2024-05-20 00:00:00+00:00,98875.28200970637
2024-05-20 04:00:00+00:00,98881.55836512466
2024-05-20 08:00:00+00:00,98878.68075113477
2024-05-20 12:00:00+00:00,98889.90179149956
2024-05-20 16:00:00+00:00,98987.23842633102
2024-05-20 20:00:00+00:00,99085.74595165682
2024-05-21 00:00:00+00:00,99063.31283791432
2024-05-21 04:00:00+00:00,99080.67184526881
2024-05-21 08:00:00+00:00,99085.39050251868
2024-05-21 12:00:00+00:00,99067.9758333495
2024-05-21 16:00:00+00:00,99080.56805787134
2024-05-21 20:00:00+00:00,99115.54304382081
2024-05-22 00:00:00+00:00,99106.15279768339
2024-05-22 04:00:00+00:00,99094.80773767423
2024-05-22 08:00:00+00:00,99056.22495188341
2024-05-22 12:00:00+00:00,99063.23467170319
2024-05-22 16:00:00+00:00,99039.2104882655
2024-05-22 20:00:00+00:00,99052.97734072275
2024-05-23 00:00:00+00:00,99065.15112110916
2024-05-23 04:00:00+00:00,99088.41140597017
2024-05-23 08:00:00+00:00,99092.8425718444
2024-05-23 12:00:00+00:00,99030.57736710474
2024-05-23 16:00:00+00:00,99014.77298836046
2024-05-23 20:00:00+00:00,98991.8072692792
2024-05-24 00:00:00+00:00,98991.8072692792
2024-05-24 04:00:00+00:00,98991.8072692792
2024-05-24 08:00:00+00:00,98991.8072692792
2024-05-24 12:00:00+00:00,98991.8072692792
2024-05-24 16:00:00+00:00,98991.8072692792
2024-05-24 20:00:00+00:00,98991.8072692792
2024-05-25 00:00:00+00:00,98991.8072692792
2024-05-25 04:00:00+00:00,98991.8072692792
2024-05-25 08:00:00+00:00,98991.8072692792
2024-05-25 12:00:00+00:00,98991.8072692792
2024-05-25 16:00:00+00:00,98991.8072692792
2024-05-25 20:00:00+00:00,98991.8072692792
2024-05-26 00:00:00+00:00,98991.8072692792
2024-05-26 04:00:00+00:00,98991.8072692792
2024-05-26 08:00:00+00:00,98991.8072692792
2024-05-26 12:00:00+00:00,98991.8072692792
2024-05-26 16:00:00+00:00,98991.8072692792
2024-05-26 20:00:00+00:00,98991.8072692792
2024-05-27 00:00:00+00:00,98991.8072692792
2024-05-27 04:00:00+00:00,98991.8072692792
2024-05-27 08:00:00+00:00,98991.8072692792
2024-05-27 12:00:00+00:00,98991.8072692792
2024-05-27 16:00:00+00:00,98980.4615959071
2024-05-27 20:00:00+00:00,98987.67380198042
2024-05-28 00:00:00+00:00,98973.6978171544
2024-05-28 04:00:00+00:00,98963.1971440632
2024-05-28 08:00:00+00:00,98973.62307926764
2024-05-28 12:00:00+00:00,98971.64252526822
2024-05-28 16:00:00+00:00,98979.93843069971
2024-05-28 20:00:00+00:00,98970.053459804
2024-05-29 00:00:00+00:00,98961.6115760076
2024-05-29 04:00:00+00:00,98968.7003954806
2024-05-29 08:00:00+00:00,98969.85395711448
2024-05-29 12:00:00+00:00,98956.04053739313
2024-05-29 16:00:00+00:00,98939.40487183972
2024-05-29 20:00:00+00:00,98931.78612203161
2024-05-30 00:00:00+00:00,98947.03375461503
2024-05-30 04:00:00+00:00,98908.5499591118
2024-05-30 08:00:00+00:00,98900.071200409
2024-05-30 12:00:00+00:00,98907.15229123057
2024-05-30 16:00:00+00:00,98900.11277862971
2024-05-30 20:00:00+00:00,98890.81067964666
2024-05-31 00:00:00+00:00,98890.81067964666
2024-05-31 04:00:00+00:00,98890.81067964666
2024-05-31 08:00:00+00:00,98890.81067964666
2024-05-31 12:00:00+00:00,98890.81067964666
2024-05-31 16:00:00+00:00,98890.81067964666
2024-05-31 20:00:00+00:00,98890.81067964666
2024-06-01 00:00:00+00:00,98890.81067964666
2024-06-01 04:00:00+00:00,98890.81067964666
2024-06-01 08:00:00+00:00,98890.81067964666
2024-06-01 12:00:00+00:00,98890.81067964666
2024-06-01 16:00:00+00:00,98890.81067964666
2024-06-01 20:00:00+00:00,98890.81067964666
2024-06-02 00:00:00+00:00,98890.81067964666
2024-06-02 04:00:00+00:00,98890.81067964666
2024-06-02 08:00:00+00:00,98890.81067964666
2024-06-02 12:00:00+00:00,98890.81067964666
2024-06-02 16:00:00+00:00,98890.81067964666
2024-06-02 20:00:00+00:00,98890.81067964666
2024-06-03 00:00:00+00:00,98890.81067964666
2024-06-03 04:00:00+00:00,98890.81067964666
2024-06-03 08:00:00+00:00,98898.7179185177
2024-06-03 12:00:00+00:00,98892.54916050396
2024-06-03 16:00:00+00:00,98887.68833536022
2024-06-03 20:00:00+00:00,98889.73808090275
2024-06-04 00:00:00+00:00,98905.15997593712
2024-06-04 04:00:00+00:00,98894.03278584903
2024-06-04 08:00:00+00:00,98927.51196304387
2024-06-04 12:00:00+00:00,98961.03018301094
2024-06-04 16:00:00+00:00,98976.90106992604
2024-06-04 20:00:00+00:00,99005.65607167997
2024-06-05 00:00:00+00:00,99039.36950550825
2024-06-05 04:00:00+00:00,99044.8354936217
2024-06-05 08:00:00+00:00,99033.02505501943
2024-06-05 12:00:00+00:00,99042.434363129
2024-06-05 16:00:00+00:00,99014.3282424383
2024-06-05 20:00:00+00:00,99024.60319741337
2024-06-06 00:00:00+00:00,99015.10071475446
2024-06-06 04:00:00+00:00,99028.60543931344
2024-06-06 08:00:00+00:00,99038.241203251
2024-06-06 12:00:00+00:00,99047.98272339055
2024-06-06 16:00:00+00:00,99037.58825663487
2024-06-06 20:00:00+00:00,99052.17383102114
2024-06-07 00:00:00+00:00,99029.34790089315
2024-06-07 04:00:00+00:00,99022.2945352585
2024-06-07 08:00:00+00:00,99039.09338105966
2024-06-07 12:00:00+00:00,99038.59497630486
2024-06-07 16:00:00+00:00,98965.02022945865
2024-06-07 20:00:00+00:00,98965.02022945865
2024-06-08 00:00:00+00:00,98965.02022945865
2024-06-08 04:00:00+00:00,98965.02022945865
2024-06-08 08:00:00+00:00,98965.02022945865
2024-06-08 12:00:00+00:00,98965.02022945865
2024-06-08 16:00:00+00:00,98965.02022945865
2024-06-08 20:00:00+00:00,98965.02022945865
2024-06-09 00:00:00+00:00,98965.02022945865
2024-06-09 04:00:00+00:00,98965.02022945865
2024-06-09 08:00:00+00:00,98965.02022945865
2024-06-09 12:00:00+00:00,98965.02022945865
2024-06-09 16:00:00+00:00,98965.02022945865
2024-06-09 20:00:00+00:00,98965.02022945865
2024-06-10 00:00:00+00:00,98965.02022945865
2024-06-10 04:00:00+00:00,98965.02022945865
2024-06-10 08:00:00+00:00,98965.02022945865
2024-06-10 12:00:00+00:00,98965.02022945865
2024-06-10 16:00:00+00:00,98965.02022945865
2024-06-10 20:00:00+00:00,98965.02022945865
2024-06-11 00:00:00+00:00,98965.02022945865
2024-06-11 04:00:00+00:00,98965.02022945865
2024-06-11 08:00:00+00:00,98965.02022945865
2024-06-11 12:00:00+00:00,98965.02022945865
2024-06-11 16:00:00+00:00,98965.02022945865
2024-06-11 20:00:00+00:00,98965.02022945865
2024-06-12 00:00:00+00:00,98965.02022945865
2024-06-12 04:00:00+00:00,98965.02022945865
2024-06-12 08:00:00+00:00,98965.02022945865
2024-06-12 12:00:00+00:00,98965.02022945865
2024-06-12 16:00:00+00:00,98965.02022945865
2024-06-12 20:00:00+00:00,98965.02022945865
2024-06-13 00:00:00+00:00,98965.02022945865
2024-06-13 04:00:00+00:00,98965.02022945865
2024-06-13 08:00:00+00:00,98965.02022945865
2024-06-13 12:00:00+00:00,98965.02022945865
2024-06-13 16:00:00+00:00,98965.02022945865
2024-06-13 20:00:00+00:00,98965.02022945865
2024-06-14 00:00:00+00:00,98965.02022945865
2024-06-14 04:00:00+00:00,98965.02022945865
2024-06-14 08:00:00+00:00,98965.02022945865
2024-06-14 12:00:00+00:00,98965.02022945865
2024-06-14 16:00:00+00:00,98965.02022945865
2024-06-14 20:00:00+00:00,98965.02022945865
2024-06-15 00:00:00+00:00,98965.02022945865
2024-06-15 04:00:00+00:00,98965.02022945865
2024-06-15 08:00:00+00:00,98965.02022945865
2024-06-15 12:00:00+00:00,98965.02022945865
2024-06-15 16:00:00+00:00,98958.70618712695
2024-06-15 20:00:00+00:00,98963.99214555236
2024-06-16 00:00:00+00:00,98959.72737345811
2024-06-16 04:00:00+00:00,98962.6636721489
2024-06-16 08:00:00+00:00,98962.75368553372
2024-06-16 12:00:00+00:00,98962.67919169801
2024-06-16 16:00:00+00:00,98963.53587080864
2024-06-16 20:00:00+00:00,98978.1677017055
2024-06-17 00:00:00+00:00,98948.78379123694
2024-06-17 04:00:00+00:00,98948.78379123694
2024-06-17 08:00:00+00:00,98948.78379123694
2024-06-17 12:00:00+00:00,98948.78379123694
2024-06-17 16:00:00+00:00,98948.78379123694
2024-06-17 20:00:00+00:00,98948.78379123694
2024-06-18 00:00:00+00:00,98948.78379123694
2024-06-18 04:00:00+00:00,98948.78379123694
2024-06-18 08:00:00+00:00,98948.78379123694
2024-06-18 12:00:00+00:00,98948.78379123694
2024-06-18 16:00:00+00:00,98948.78379123694
2024-06-18 20:00:00+00:00,98948.78379123694
2024-06-19 00:00:00+00:00,98948.78379123694
2024-06-19 04:00:00+00:00,98948.78379123694
2024-06-19 08:00:00+00:00,98948.78379123694
2024-06-19 12:00:00+00:00,98948.78379123694
2024-06-19 16:00:00+00:00,98948.78379123694
2024-06-19 20:00:00+00:00,98948.78379123694
2024-06-20 00:00:00+00:00,98948.78379123694
2024-06-20 04:00:00+00:00,98948.78379123694
2024-06-20 08:00:00+00:00,98948.78379123694
2024-06-20 12:00:00+00:00,98948.78379123694
2024-06-20 16:00:00+00:00,98948.78379123694
2024-06-20 20:00:00+00:00,98948.78379123694
2024-06-21 00:00:00+00:00,98948.78379123694
2024-06-21 04:00:00+00:00,98948.78379123694
2024-06-21 08:00:00+00:00,98948.78379123694
2024-06-21 12:00:00+00:00,98948.78379123694
2024-06-21 16:00:00+00:00,98948.78379123694
2024-06-21 20:00:00+00:00,98948.78379123694
2024-06-22 00:00:00+00:00,98948.78379123694
2024-06-22 04:00:00+00:00,98948.78379123694
2024-06-22 08:00:00+00:00,98948.78379123694
2024-06-22 12:00:00+00:00,98947.95225885579
2024-06-22 16:00:00+00:00,98946.44007050218
2024-06-22 20:00:00+00:00,98946.94413328671
2024-06-23 00:00:00+00:00,98951.48069834751
2024-06-23 04:00:00+00:00,98953.832991342
2024-06-23 08:00:00+00:00,98960.21778661276
2024-06-23 12:00:00+00:00,98947.44819607124
2024-06-23 16:00:00+00:00,98945.76798678948
2024-06-23 20:00:00+00:00,98939.21517059054
2024-06-24 00:00:00+00:00,98933.5024590325
2024-06-24 04:00:00+00:00,98932.6623543916
2024-06-24 08:00:00+00:00,98931.65422882255
2024-06-24 12:00:00+00:00,98936.69485666788
2024-06-24 16:00:00+00:00,98939.5512124469
2024-06-24 20:00:00+00:00,98936.86287759605
2024-06-25 00:00:00+00:00,98955.17715876743
2024-06-25 04:00:00+00:00,98965.9304981708
2024-06-25 08:00:00+00:00,98984.9168630549
2024-06-25 12:00:00+00:00,98976.34779571783
2024-06-25 16:00:00+00:00,98981.0523817068
2024-06-25 20:00:00+00:00,98984.076758414
2024-06-26 00:00:00+00:00,98989.95749090023
2024-06-26 04:00:00+00:00,99011.9682324915
2024-06-26 08:00:00+00:00,99024.9058439612
2024-06-26 12:00:00+00:00,99012.64031620423
2024-06-26 16:00:00+00:00,99004.74333257986
2024-06-26 20:00:00+00:00,98997.01436988369
2024-06-27 00:00:00+00:00,99005.58343722076
2024-06-27 04:00:00+00:00,99006.59156278982
2024-06-27 08:00:00+00:00,99002.55906051355
2024-06-27 12:00:00+00:00,98993.31790946377
2024-06-27 16:00:00+00:00,98990.2328137736
2024-06-27 20:00:00+00:00,98990.2328137736
2024-06-28 00:00:00+00:00,98990.2328137736
2024-06-28 04:00:00+00:00,98990.2328137736
2024-06-28 08:00:00+00:00,98990.2328137736
2024-06-28 12:00:00+00:00,98990.2328137736
2024-06-28 16:00:00+00:00,98990.2328137736
2024-06-28 20:00:00+00:00,98990.2328137736
2024-06-29 00:00:00+00:00,98990.2328137736
2024-06-29 04:00:00+00:00,98990.2328137736
2024-06-29 08:00:00+00:00,98990.2328137736
2024-06-29 12:00:00+00:00,98990.2328137736
2024-06-29 16:00:00+00:00,98990.2328137736
2024-06-29 20:00:00+00:00,98990.2328137736
2024-06-30 00:00:00+00:00,98990.2328137736
2024-06-30 04:00:00+00:00,98990.2328137736
2024-06-30 08:00:00+00:00,98990.2328137736
2024-06-30 12:00:00+00:00,98990.2328137736
2024-06-30 16:00:00+00:00,98990.2328137736
2024-06-30 20:00:00+00:00,98990.2328137736
2024-07-01 00:00:00+00:00,98990.2328137736
2024-07-01 04:00:00+00:00,98990.2328137736
2024-07-01 08:00:00+00:00,98990.2328137736
2024-07-01 12:00:00+00:00,98990.2328137736
2024-07-01 16:00:00+00:00,98990.2328137736
2024-07-01 20:00:00+00:00,98990.2328137736
2024-07-02 00:00:00+00:00,98990.2328137736
2024-07-02 04:00:00+00:00,98990.2328137736
2024-07-02 08:00:00+00:00,98990.2328137736
2024-07-02 12:00:00+00:00,98992.90485895619
2024-07-02 16:00:00+00:00,99004.55428092276
2024-07-02 20:00:00+00:00,99000.8228254491
2024-07-03 00:00:00+00:00,98984.6098464398
2024-07-03 04:00:00+00:00,98957.9642568154
2024-07-03 08:00:00+00:00,98934.14636979937
2024-07-03 12:00:00+00:00,98936.14493277455
2024-07-03 16:00:00+00:00,98926.8183055571
2024-07-03 20:00:00+00:00,98930.48233767824
2024-07-04 00:00:00+00:00,98917.82477216885
2024-07-04 04:00:00+00:00,98910.16892342575
2024-07-04 08:00:00+00:00,98910.16892342575
2024-07-04 12:00:00+00:00,98910.16892342575
2024-07-04 16:00:00+00:00,98910.16892342575
2024-07-04 20:00:00+00:00,98910.16892342575
2024-07-05 00:00:00+00:00,98910.16892342575
2024-07-05 04:00:00+00:00,98910.16892342575
2024-07-05 08:00:00+00:00,98910.16892342575
2024-07-05 12:00:00+00:00,98910.16892342575
2024-07-05 16:00:00+00:00,98910.16892342575
2024-07-05 20:00:00+00:00,98910.16892342575
2024-07-06 00:00:00+00:00,98910.16892342575
2024-07-06 04:00:00+00:00,98910.16892342575
2024-07-06 08:00:00+00:00,98910.16892342575
2024-07-06 12:00:00+00:00,98910.16892342575
2024-07-06 16:00:00+00:00,98910.16892342575
2024-07-06 20:00:00+00:00,98910.16892342575
2024-07-07 00:00:00+00:00,98910.16892342575
2024-07-07 04:00:00+00:00,98910.16892342575
2024-07-07 08:00:00+00:00,98910.16892342575
2024-07-07 12:00:00+00:00,98910.16892342575
2024-07-07 16:00:00+00:00,98910.16892342575
2024-07-07 20:00:00+00:00,98910.16892342575
2024-07-08 00:00:00+00:00,98910.16892342575
2024-07-08 04:00:00+00:00,98910.16892342575
2024-07-08 08:00:00+00:00,98910.16892342575
2024-07-08 12:00:00+00:00,98910.16892342575
2024-07-08 16:00:00+00:00,98910.16892342575
2024-07-08 20:00:00+00:00,98910.16892342575
2024-07-09 00:00:00+00:00,98910.16892342575
2024-07-09 04:00:00+00:00,98910.16892342575
2024-07-09 08:00:00+00:00,98910.16892342575
2024-07-09 12:00:00+00:00,98910.16892342575
2024-07-09 16:00:00+00:00,98910.16892342575
2024-07-09 20:00:00+00:00,98910.16892342575
2024-07-10 00:00:00+00:00,98910.16892342575
2024-07-10 04:00:00+00:00,98910.16892342575
2024-07-10 08:00:00+00:00,98910.16892342575
2024-07-10 12:00:00+00:00,98910.16892342575
2024-07-10 16:00:00+00:00,98910.16892342575
2024-07-10 20:00:00+00:00,98910.16892342575
2024-07-11 00:00:00+00:00,98910.16892342575
2024-07-11 04:00:00+00:00,98926.4367154372
2024-07-11 08:00:00+00:00,98928.52674550719
2024-07-11 12:00:00+00:00,98910.99313770994
2024-07-11 16:00:00+00:00,98928.04916036072
2024-07-11 20:00:00+00:00,98907.7715139951
2024-07-12 00:00:00+00:00,98896.60035756143
2024-07-12 04:00:00+00:00,98908.8664765013
2024-07-12 08:00:00+00:00,98921.20260272495
2024-07-12 12:00:00+00:00,98924.4082429554
2024-07-12 16:00:00+00:00,98923.76033235964
2024-07-12 20:00:00+00:00,98956.43261309588
2024-07-13 00:00:00+00:00,99004.94888689113
2024-07-13 04:00:00+00:00,99090.00331956481
2024-07-13 08:00:00+00:00,99087.27242139178
2024-07-13 12:00:00+00:00,99122.47270188663
2024-07-13 16:00:00+00:00,99158.22016804988
2024-07-13 20:00:00+00:00,99106.04643960498
2024-07-14 00:00:00+00:00,99080.67894355528
2024-07-14 04:00:00+00:00,99094.8588323479
2024-07-14 08:00:00+00:00,99126.34049306058
2024-07-14 12:00:00+00:00,99122.89760269245
2024-07-14 16:00:00+00:00,99126.40509451888
2024-07-14 20:00:00+00:00,99168.40002820757
2024-07-15 00:00:00+00:00,99231.56067740427
2024-07-15 04:00:00+00:00,99243.50389756358
2024-07-15 08:00:00+00:00,99179.2745579795
2024-07-15 12:00:00+00:00,99191.73994003782
2024-07-15 16:00:00+00:00,99244.30190835247
2024-07-15 20:00:00+00:00,99397.83506292923
2024-07-16 00:00:00+00:00,99462.12011793771
2024-07-16 04:00:00+00:00,99149.95058103907
2024-07-16 08:00:00+00:00,99210.93318787547
2024-07-16 12:00:00+00:00,99331.63797387273
2024-07-16 16:00:00+00:00,99347.13273083087
2024-07-16 20:00:00+00:00,99335.80366142836
2024-07-17 00:00:00+00:00,99383.28600883398
2024-07-17 04:00:00+00:00,99399.15772891918
2024-07-17 08:00:00+00:00,99335.51876580337
2024-07-17 12:00:00+00:00,99335.61820398379
2024-07-17 16:00:00+00:00,99313.21422246585
2024-07-17 20:00:00+00:00,99241.36206245061
2024-07-18 00:00:00+00:00,99319.4328687466
2024-07-18 04:00:00+00:00,99269.48577670347
2024-07-18 08:00:00+00:00,99268.6294834616
2024-07-18 12:00:00+00:00,99135.42163823605
2024-07-18 16:00:00+00:00,99128.17722911926
2024-07-18 20:00:00+00:00,99133.06877580483
2024-07-19 00:00:00+00:00,99134.1093546077
2024-07-19 04:00:00+00:00,99128.28500380824
2024-07-19 08:00:00+00:00,99135.45343556143
2024-07-19 12:00:00+00:00,99161.4823581169
2024-07-19 16:00:00+00:00,99167.6246635506
2024-07-19 20:00:00+00:00,99164.2572349246
2024-07-20 00:00:00+00:00,99160.54294669763
2024-07-20 04:00:00+00:00,99159.38674802777
2024-07-20 08:00:00+00:00,99159.83477501234
2024-07-20 12:00:00+00:00,99166.51182233084
2024-07-20 16:00:00+00:00,99167.3500663665
2024-07-20 20:00:00+00:00,99163.83811290677
2024-07-21 00:00:00+00:00,99167.59575858385
2024-07-21 04:00:00+00:00,99162.91315397088
2024-07-21 08:00:00+00:00,99165.5579584282
2024-07-21 12:00:00+00:00,99172.2928156802
2024-07-21 16:00:00+00:00,99184.73088937737
2024-07-21 20:00:00+00:00,99209.56118936893
2024-07-22 00:00:00+00:00,99184.7150333615
2024-07-22 04:00:00+00:00,99160.53767250844
2024-07-22 08:00:00+00:00,99178.91382745333
2024-07-22 12:00:00+00:00,99153.28336226492
2024-07-22 16:00:00+00:00,99167.81825538147
2024-07-22 20:00:00+00:00,99135.16477953066
2024-07-23 00:00:00+00:00,99144.09027152866
2024-07-23 04:00:00+00:00,99103.06616965555
2024-07-23 08:00:00+00:00,99101.80991621203
2024-07-23 12:00:00+00:00,99101.80991621203
2024-07-23 16:00:00+00:00,99101.80991621203
2024-07-23 20:00:00+00:00,99101.80991621203
2024-07-24 00:00:00+00:00,99101.80991621203
2024-07-24 04:00:00+00:00,99101.80991621203
2024-07-24 08:00:00+00:00,99101.80991621203
2024-07-24 12:00:00+00:00,99101.80991621203
2024-07-24 16:00:00+00:00,99101.80991621203
2024-07-24 20:00:00+00:00,99101.80991621203
2024-07-25 00:00:00+00:00,99101.80991621203
2024-07-25 04:00:00+00:00,99101.80991621203
2024-07-25 08:00:00+00:00,99101.80991621203
2024-07-25 12:00:00+00:00,99101.80991621203
2024-07-25 16:00:00+00:00,99101.80991621203
2024-07-25 20:00:00+00:00,99101.80991621203
2024-07-26 00:00:00+00:00,99101.80991621203
2024-07-26 04:00:00+00:00,99101.80991621203
2024-07-26 08:00:00+00:00,99101.80991621203
2024-07-26 12:00:00+00:00,99101.80991621203
2024-07-26 16:00:00+00:00,99101.80991621203
2024-07-26 20:00:00+00:00,99101.80991621203
2024-07-27 00:00:00+00:00,99101.80991621203
2024-07-27 04:00:00+00:00,99101.80991621203
2024-07-27 08:00:00+00:00,99101.80991621203
2024-07-27 12:00:00+00:00,99101.80991621203
2024-07-27 16:00:00+00:00,99101.80991621203
2024-07-27 20:00:00+00:00,99101.80991621203
2024-07-28 00:00:00+00:00,99101.80991621203
2024-07-28 04:00:00+00:00,99101.80991621203
2024-07-28 08:00:00+00:00,99101.80991621203
2024-07-28 12:00:00+00:00,99101.80991621203
2024-07-28 16:00:00+00:00,99101.80991621203
2024-07-28 20:00:00+00:00,99101.80991621203
2024-07-29 00:00:00+00:00,99101.80991621203
2024-07-29 04:00:00+00:00,99101.80991621203
2024-07-29 08:00:00+00:00,99101.80991621203
2024-07-29 12:00:00+00:00,99101.80991621203
2024-07-29 16:00:00+00:00,99101.80991621203
2024-07-29 20:00:00+00:00,99101.80991621203
2024-07-30 00:00:00+00:00,99101.80991621203
2024-07-30 04:00:00+00:00,99101.80991621203
2024-07-30 08:00:00+00:00,99101.80991621203
2024-07-30 12:00:00+00:00,99101.80991621203
2024-07-30 16:00:00+00:00,99101.80991621203
2024-07-30 20:00:00+00:00,99101.80991621203
2024-07-31 00:00:00+00:00,99101.80991621203
2024-07-31 04:00:00+00:00,99101.80991621203
2024-07-31 08:00:00+00:00,99101.80991621203
2024-07-31 12:00:00+00:00,99101.80991621203
2024-07-31 16:00:00+00:00,99101.80991621203
2024-07-31 20:00:00+00:00,99101.80991621203
2024-08-01 00:00:00+00:00,99101.80991621203
2024-08-01 04:00:00+00:00,99101.80991621203
2024-08-01 08:00:00+00:00,99101.80991621203
2024-08-01 12:00:00+00:00,99101.80991621203
2024-08-01 16:00:00+00:00,99101.80991621203
2024-08-01 20:00:00+00:00,99101.80991621203
2024-08-02 00:00:00+00:00,99101.80991621203
2024-08-02 04:00:00+00:00,99101.80991621203
2024-08-02 08:00:00+00:00,99101.80991621203
2024-08-02 12:00:00+00:00,99101.80991621203
2024-08-02 16:00:00+00:00,99101.80991621203
2024-08-02 20:00:00+00:00,99101.80991621203
2024-08-03 00:00:00+00:00,99101.80991621203
2024-08-03 04:00:00+00:00,99101.80991621203
2024-08-03 08:00:00+00:00,99101.80991621203
2024-08-03 12:00:00+00:00,99101.80991621203
2024-08-03 16:00:00+00:00,99101.80991621203
2024-08-03 20:00:00+00:00,99101.80991621203
2024-08-04 00:00:00+00:00,99101.80991621203
2024-08-04 04:00:00+00:00,99101.80991621203
2024-08-04 08:00:00+00:00,99101.80991621203
2024-08-04 12:00:00+00:00,99101.80991621203
2024-08-04 16:00:00+00:00,99101.80991621203
2024-08-04 20:00:00+00:00,99101.80991621203
2024-08-05 00:00:00+00:00,99101.80991621203
2024-08-05 04:00:00+00:00,99101.80991621203
2024-08-05 08:00:00+00:00,99101.80991621203
2024-08-05 12:00:00+00:00,99101.80991621203
2024-08-05 16:00:00+00:00,99101.80991621203
2024-08-05 20:00:00+00:00,99101.80991621203
2024-08-06 00:00:00+00:00,99101.80991621203
2024-08-06 04:00:00+00:00,99101.80991621203
2024-08-06 08:00:00+00:00,99101.80991621203
2024-08-06 12:00:00+00:00,99101.80991621203
2024-08-06 16:00:00+00:00,99101.80991621203
2024-08-06 20:00:00+00:00,99101.80991621203
2024-08-07 00:00:00+00:00,99101.80991621203
2024-08-07 04:00:00+00:00,99101.80991621203
2024-08-07 08:00:00+00:00,99101.80991621203
2024-08-07 12:00:00+00:00,99101.80991621203
2024-08-07 16:00:00+00:00,99101.80991621203
2024-08-07 20:00:00+00:00,99101.80991621203
2024-08-08 00:00:00+00:00,99101.80991621203
2024-08-08 04:00:00+00:00,99101.80991621203
2024-08-08 08:00:00+00:00,99101.80991621203
2024-08-08 12:00:00+00:00,99101.80991621203
2024-08-08 16:00:00+00:00,99101.80991621203
2024-08-08 20:00:00+00:00,99101.80991621203
2024-08-09 00:00:00+00:00,99101.80991621203
2024-08-09 04:00:00+00:00,99101.80991621203
2024-08-09 08:00:00+00:00,99101.80991621203
2024-08-09 12:00:00+00:00,99101.80991621203
2024-08-09 16:00:00+00:00,99101.80991621203
2024-08-09 20:00:00+00:00,99101.80991621203
2024-08-10 00:00:00+00:00,99101.80991621203
2024-08-10 04:00:00+00:00,99101.80991621203
2024-08-10 08:00:00+00:00,99101.80991621203
2024-08-10 12:00:00+00:00,99101.80991621203
2024-08-10 16:00:00+00:00,99101.80991621203
2024-08-10 20:00:00+00:00,99095.05590983527
2024-08-11 00:00:00+00:00,99096.44089047264
2024-08-11 04:00:00+00:00,99097.00924844723
2024-08-11 08:00:00+00:00,99076.31499487183
2024-08-11 12:00:00+00:00,99048.96856178048
2024-08-11 16:00:00+00:00,99027.10411257726
2024-08-11 20:00:00+00:00,99015.74786467434
2024-08-12 00:00:00+00:00,99020.82492595527
2024-08-12 04:00:00+00:00,99035.83261916121
2024-08-12 08:00:00+00:00,99059.78894773018
2024-08-12 12:00:00+00:00,99088.67364560471
2024-08-12 16:00:00+00:00,99084.25801704552
2024-08-12 20:00:00+00:00,99092.58464597134
2024-08-13 00:00:00+00:00,99086.3877496079
2024-08-13 04:00:00+00:00,99104.39898102716
2024-08-13 08:00:00+00:00,99107.98145077532
2024-08-13 12:00:00+00:00,99099.48062620166
2024-08-13 16:00:00+00:00,99100.29599454471
2024-08-13 20:00:00+00:00,99104.50470474898
2024-08-14 00:00:00+00:00,99109.11383267987
2024-08-14 04:00:00+00:00,99120.2696773843
2024-08-14 08:00:00+00:00,99107.45504930032
2024-08-14 12:00:00+00:00,99094.92526902405
2024-08-14 16:00:00+00:00,99120.58653334189
2024-08-14 20:00:00+00:00,99132.12857809105
2024-08-15 00:00:00+00:00,99132.36274444075
2024-08-15 04:00:00+00:00,99109.03051265623
2024-08-15 08:00:00+00:00,99117.3511833789
2024-08-15 12:00:00+00:00,99122.04275917228
2024-08-15 16:00:00+00:00,99088.12001424369
2024-08-15 20:00:00+00:00,99103.33023418173
2024-08-16 00:00:00+00:00,99090.90037702807
2024-08-16 04:00:00+00:00,99078.14341837035
2024-08-16 08:00:00+00:00,99095.15269658064
2024-08-16 12:00:00+00:00,99077.81631686632
2024-08-16 16:00:00+00:00,99113.47038080709
2024-08-16 20:00:00+00:00,99136.3928537265
2024-08-17 00:00:00+00:00,99131.7051134618
2024-08-17 04:00:00+00:00,99128.01915708915
2024-08-17 08:00:00+00:00,99144.95678709158
2024-08-17 12:00:00+00:00,99123.97038763032
2024-08-17 16:00:00+00:00,99129.60800858463
2024-08-17 20:00:00+00:00,99120.79911627877
2024-08-18 00:00:00+00:00,99097.5003830295
2024-08-18 04:00:00+00:00,99100.64141502025
2024-08-18 08:00:00+00:00,99093.90655424462
2024-08-18 12:00:00+00:00,99134.85043321214
2024-08-18 16:00:00+00:00,99122.92194771355
2024-08-18 20:00:00+00:00,99115.29791001357
2024-08-19 00:00:00+00:00,99106.73755111331
2024-08-19 04:00:00+00:00,99123.763980362
2024-08-19 08:00:00+00:00,99152.99268390558
2024-08-19 12:00:00+00:00,99174.98515501847
2024-08-19 16:00:00+00:00,99213.15273391761
2024-08-19 20:00:00+00:00,99240.01259105146
2024-08-20 00:00:00+00:00,99268.62899685759
2024-08-20 04:00:00+00:00,99304.68491909905
2024-08-20 08:00:00+00:00,99356.56282830192
2024-08-20 12:00:00+00:00,99360.03887128743
2024-08-20 16:00:00+00:00,99484.49204951603
2024-08-20 20:00:00+00:00,99536.34448812065
2024-08-21 00:00:00+00:00,99508.78515300661
2024-08-21 04:00:00+00:00,99555.57024130962
2024-08-21 08:00:00+00:00,99565.31249309803
2024-08-21 12:00:00+00:00,99517.54375838354
2024-08-21 16:00:00+00:00,99546.32326490131
2024-08-21 20:00:00+00:00,99462.17893265901
2024-08-22 00:00:00+00:00,99394.57913367689
2024-08-22 04:00:00+00:00,99450.04007435098
2024-08-22 08:00:00+00:00,99608.68955097695
2024-08-22 12:00:00+00:00,99566.92872347006
2024-08-22 16:00:00+00:00,99523.22535263868
2024-08-22 20:00:00+00:00,99599.46281242071
2024-08-23 00:00:00+00:00,99693.73133173524
2024-08-23 04:00:00+00:00,99722.85444726677
2024-08-23 08:00:00+00:00,99752.58738519438
2024-08-23 12:00:00+00:00,99885.4732636224
2024-08-23 16:00:00+00:00,100014.0234929326
2024-08-23 20:00:00+00:00,100039.95861357919
2024-08-24 00:00:00+00:00,100026.80344480829
2024-08-24 04:00:00+00:00,100035.99100087711
2024-08-24 08:00:00+00:00,100113.82504711841
2024-08-24 12:00:00+00:00,100161.66240621511
2024-08-24 16:00:00+00:00,100252.09231273712
2024-08-24 20:00:00+00:00,100150.9100690858
2024-08-25 00:00:00+00:00,100037.1836738087
2024-08-25 04:00:00+00:00,99937.91493785742
2024-08-25 08:00:00+00:00,100020.23535345537
2024-08-25 12:00:00+00:00,100138.29986193852
2024-08-25 16:00:00+00:00,100104.88564457484
2024-08-25 20:00:00+00:00,100098.85390612436
2024-08-26 00:00:00+00:00,100061.08879366842
2024-08-26 04:00:00+00:00,100043.07963693974
2024-08-26 08:00:00+00:00,100051.17604221101
2024-08-26 12:00:00+00:00,99959.09168747922
2024-08-26 16:00:00+00:00,99915.82791521834
2024-08-26 20:00:00+00:00,99857.20904185633
2024-08-27 00:00:00+00:00,99876.41307221472
2024-08-27 04:00:00+00:00,99876.8482560702
2024-08-27 08:00:00+00:00,99838.75293329214
2024-08-27 12:00:00+00:00,99856.77257091367
2024-08-27 16:00:00+00:00,99858.04955310732
2024-08-27 20:00:00+00:00,99800.72724130341
2024-08-28 00:00:00+00:00,99797.36585519281
2024-08-28 04:00:00+00:00,99797.36585519281
2024-08-28 08:00:00+00:00,99797.36585519281
2024-08-28 12:00:00+00:00,99797.36585519281
2024-08-28 16:00:00+00:00,99797.36585519281
2024-08-28 20:00:00+00:00,99797.36585519281
2024-08-29 00:00:00+00:00,99797.36585519281
2024-08-29 04:00:00+00:00,99797.36585519281
2024-08-29 08:00:00+00:00,99797.36585519281
2024-08-29 12:00:00+00:00,99797.36585519281
2024-08-29 16:00:00+00:00,99797.36585519281
2024-08-29 20:00:00+00:00,99797.36585519281
2024-08-30 00:00:00+00:00,99797.36585519281
2024-08-30 04:00:00+00:00,99797.36585519281
2024-08-30 08:00:00+00:00,99797.36585519281
2024-08-30 12:00:00+00:00,99797.36585519281
2024-08-30 16:00:00+00:00,99797.36585519281
2024-08-30 20:00:00+00:00,99797.36585519281
2024-08-31 00:00:00+00:00,99797.36585519281
2024-08-31 04:00:00+00:00,99797.36585519281
2024-08-31 08:00:00+00:00,99797.36585519281
2024-08-31 12:00:00+00:00,99797.36585519281
2024-08-31 16:00:00+00:00,99797.36585519281
2024-08-31 20:00:00+00:00,99797.36585519281
2024-09-01 00:00:00+00:00,99797.36585519281
2024-09-01 04:00:00+00:00,99797.36585519281
2024-09-01 08:00:00+00:00,99797.36585519281
2024-09-01 12:00:00+00:00,99797.36585519281
2024-09-01 16:00:00+00:00,99797.36585519281
2024-09-01 20:00:00+00:00,99797.36585519281
2024-09-02 00:00:00+00:00,99797.36585519281
2024-09-02 04:00:00+00:00,99797.36585519281
2024-09-02 08:00:00+00:00,99797.36585519281
2024-09-02 12:00:00+00:00,99797.36585519281
2024-09-02 16:00:00+00:00,99797.36585519281
2024-09-02 20:00:00+00:00,99797.36585519281
2024-09-03 00:00:00+00:00,99797.36585519281
2024-09-03 04:00:00+00:00,99797.36585519281
2024-09-03 08:00:00+00:00,99797.36585519281
2024-09-03 12:00:00+00:00,99797.36585519281
2024-09-03 16:00:00+00:00,99797.36585519281
2024-09-03 20:00:00+00:00,99797.36585519281
2024-09-04 00:00:00+00:00,99797.36585519281
2024-09-04 04:00:00+00:00,99797.36585519281
2024-09-04 08:00:00+00:00,99797.36585519281
2024-09-04 12:00:00+00:00,99797.36585519281
2024-09-04 16:00:00+00:00,99799.12794921367
2024-09-04 20:00:00+00:00,99798.85733457522
2024-09-05 00:00:00+00:00,99791.81475361843
2024-09-05 04:00:00+00:00,99787.64332797202
2024-09-05 08:00:00+00:00,99788.53437617181
2024-09-05 12:00:00+00:00,99786.46846441973
2024-09-05 16:00:00+00:00,99786.49486584787
2024-09-05 20:00:00+00:00,99790.74549577868
2024-09-06 00:00:00+00:00,99790.78509792089
2024-09-06 04:00:00+00:00,99782.24423591705
2024-09-06 08:00:00+00:00,99784.46195588095
2024-09-06 12:00:00+00:00,99781.61720199868
2024-09-06 16:00:00+00:00,99775.32983400875
2024-09-06 20:00:00+00:00,99775.32983400875
2024-09-07 00:00:00+00:00,99775.32983400875
2024-09-07 04:00:00+00:00,99775.32983400875
2024-09-07 08:00:00+00:00,99775.32983400875
2024-09-07 12:00:00+00:00,99775.32983400875
2024-09-07 16:00:00+00:00,99775.32983400875
2024-09-07 20:00:00+00:00,99775.32983400875
2024-09-08 00:00:00+00:00,99775.32983400875
2024-09-08 04:00:00+00:00,99775.32983400875
2024-09-08 08:00:00+00:00,99775.32983400875
2024-09-08 12:00:00+00:00,99775.32983400875
2024-09-08 16:00:00+00:00,99775.32983400875
2024-09-08 20:00:00+00:00,99775.32983400875
2024-09-09 00:00:00+00:00,99775.32983400875
2024-09-09 04:00:00+00:00,99775.32983400875
2024-09-09 08:00:00+00:00,99772.11986056826
2024-09-09 12:00:00+00:00,99763.76364377362
2024-09-09 16:00:00+00:00,99774.34081024585
2024-09-09 20:00:00+00:00,99779.64215756058
2024-09-10 00:00:00+00:00,99766.74192878189
2024-09-10 04:00:00+00:00,99764.4784321756
2024-09-10 08:00:00+00:00,99769.59257300409
2024-09-10 12:00:00+00:00,99763.82320947378
2024-09-10 16:00:00+00:00,99779.25072581663
2024-09-10 20:00:00+00:00,99773.09241217906
2024-09-11 00:00:00+00:00,99761.10952490504
2024-09-11 04:00:00+00:00,99766.14053934209
2024-09-11 08:00:00+00:00,99758.77564153586
2024-09-11 12:00:00+00:00,99743.10400109104
2024-09-11 16:00:00+00:00,99757.0508843155
2024-09-11 20:00:00+00:00,99743.46139529203
2024-09-12 00:00:00+00:00,99757.11045001565
2024-09-12 04:00:00+00:00,99742.21051558857
2024-09-12 08:00:00+00:00,99739.0109865511
2024-09-12 12:00:00+00:00,99735.16474419757
2024-09-12 16:00:00+00:00,99749.34138083694
2024-09-12 20:00:00+00:00,99747.07788423065
2024-09-13 00:00:00+00:00,99738.97694900815
2024-09-13 04:00:00+00:00,99742.99337907645
2024-09-13 08:00:00+00:00,99754.82142525216
2024-09-13 12:00:00+00:00,99767.70463525936
2024-09-13 16:00:00+00:00,99737.07608240446
2024-09-13 20:00:00+00:00,99750.91315771121
2024-09-14 00:00:00+00:00,99729.08879875591
2024-09-14 04:00:00+00:00,99707.17396317124
2024-09-14 08:00:00+00:00,99681.25051438644
2024-09-14 12:00:00+00:00,99688.1935713869
2024-09-14 16:00:00+00:00,99679.17049370756
2024-09-14 20:00:00+00:00,99684.5860998156
2024-09-15 00:00:00+00:00,99687.45267157909
2024-09-15 04:00:00+00:00,99694.05861690067
2024-09-15 08:00:00+00:00,99682.18324983344
2024-09-15 12:00:00+00:00,99704.9861818074
2024-09-15 16:00:00+00:00,99673.78819342025
2024-09-15 20:00:00+00:00,99648.06902234368
2024-09-16 00:00:00+00:00,99619.43259738364
2024-09-16 04:00:00+00:00,99619.43259738364
2024-09-16 08:00:00+00:00,99619.43259738364
2024-09-16 12:00:00+00:00,99619.43259738364
2024-09-16 16:00:00+00:00,99619.43259738364
2024-09-16 20:00:00+00:00,99619.43259738364
2024-09-17 00:00:00+00:00,99619.43259738364
2024-09-17 04:00:00+00:00,99619.43259738364
2024-09-17 08:00:00+00:00,99619.43259738364
2024-09-17 12:00:00+00:00,99619.43259738364
2024-09-17 16:00:00+00:00,99619.43259738364
2024-09-17 20:00:00+00:00,99619.43259738364
2024-09-18 00:00:00+00:00,99619.43259738364
2024-09-18 04:00:00+00:00,99619.43259738364
2024-09-18 08:00:00+00:00,99619.43259738364
2024-09-18 12:00:00+00:00,99619.43259738364
2024-09-18 16:00:00+00:00,99619.43259738364
2024-09-18 20:00:00+00:00,99619.43259738364
2024-09-19 00:00:00+00:00,99619.43259738364
2024-09-19 04:00:00+00:00,99619.43259738364
2024-09-19 08:00:00+00:00,99619.43259738364
2024-09-19 12:00:00+00:00,99619.43259738364
2024-09-19 16:00:00+00:00,99619.43259738364
2024-09-19 20:00:00+00:00,99619.43259738364
2024-09-20 00:00:00+00:00,99619.43259738364
2024-09-20 04:00:00+00:00,99619.43259738364
2024-09-20 08:00:00+00:00,99605.92601817573
2024-09-20 12:00:00+00:00,99604.3545473726
2024-09-20 16:00:00+00:00,99597.47936260891
2024-09-20 20:00:00+00:00,99606.5153197269
2024-09-21 00:00:00+00:00,99596.89006105773
2024-09-21 04:00:00+00:00,99603.56881197104
2024-09-21 08:00:00+00:00,99600.84546344557
2024-09-21 12:00:00+00:00,99637.13713035331
2024-09-21 16:00:00+00:00,99642.92951335956
2024-09-21 20:00:00+00:00,99680.31484221057
2024-09-22 00:00:00+00:00,99603.1389486676
2024-09-22 04:00:00+00:00,99570.82554434011
2024-09-22 08:00:00+00:00,99535.1532728902
2024-09-22 12:00:00+00:00,99485.62434156903
2024-09-22 16:00:00+00:00,99503.35022757766
2024-09-22 20:00:00+00:00,99480.65884584261
2024-09-23 00:00:00+00:00,99533.14046903755
2024-09-23 04:00:00+00:00,99510.36221230598
2024-09-23 08:00:00+00:00,99504.8030738622
2024-09-23 12:00:00+00:00,99558.14094467128
2024-09-23 16:00:00+00:00,99575.46333663867
2024-09-23 20:00:00+00:00,99576.03946026148
2024-09-24 00:00:00+00:00,99583.22088608595
2024-09-24 04:00:00+00:00,99598.56029415771
2024-09-24 08:00:00+00:00,99611.15865605547
2024-09-24 12:00:00+00:00,99592.38722117043
2024-09-24 16:00:00+00:00,99675.29253897864
2024-09-24 20:00:00+00:00,99696.78960641226
2024-09-25 00:00:00+00:00,99741.70422841907
2024-09-25 04:00:00+00:00,99648.03670569045
2024-09-25 08:00:00+00:00,99669.73147602195
2024-09-25 12:00:00+00:00,99668.60038065395
2024-09-25 16:00:00+00:00,99652.2549137896
2024-09-25 20:00:00+00:00,99626.63355253144
2024-09-26 00:00:00+00:00,99660.8681906009
2024-09-26 04:00:00+00:00,99735.69041858635
2024-09-26 08:00:00+00:00,99744.29864755998
2024-09-26 12:00:00+00:00,99839.70244355335
2024-09-26 16:00:00+00:00,99792.35372537113
2024-09-26 20:00:00+00:00,99808.13067316264
2024-09-27 00:00:00+00:00,99864.8585876383
2024-09-27 04:00:00+00:00,99890.34203063663
2024-09-27 08:00:00+00:00,99885.1871769311
2024-09-27 12:00:00+00:00,99913.32773213054
2024-09-27 16:00:00+00:00,99885.03040026984
2024-09-27 20:00:00+00:00,99922.0628819781
2024-09-28 00:00:00+00:00,99943.3412975916
2024-09-28 04:00:00+00:00,99812.35358755813
2024-09-28 08:00:00+00:00,99836.56233945212
2024-09-28 12:00:00+00:00,99851.22877152739
2024-09-28 16:00:00+00:00,99853.80266212187
2024-09-28 20:00:00+00:00,99852.02326001794
2024-09-29 00:00:00+00:00,99836.64071952099
2024-09-29 04:00:00+00:00,99722.85226290394
2024-09-29 08:00:00+00:00,99749.30186711121
2024-09-29 12:00:00+00:00,99778.7735942061
2024-09-29 16:00:00+00:00,99813.19349881896
2024-09-29 20:00:00+00:00,99738.12056059406
2024-09-30 00:00:00+00:00,99626.04138558987
2024-09-30 04:00:00+00:00,99635.2169796108
2024-09-30 08:00:00+00:00,99632.7891312499
2024-09-30 12:00:00+00:00,99629.95500086399
2024-09-30 16:00:00+00:00,99636.76135335132
2024-09-30 20:00:00+00:00,99617.7102231608
2024-10-01 00:00:00+00:00,99626.28779702028
2024-10-01 04:00:00+00:00,99628.51161246531
2024-10-01 08:00:00+00:00,99634.22999503833
2024-10-01 12:00:00+00:00,99587.21851990148
2024-10-01 16:00:00+00:00,99587.21851990148
2024-10-01 20:00:00+00:00,99587.21851990148
2024-10-02 00:00:00+00:00,99587.21851990148
2024-10-02 04:00:00+00:00,99587.21851990148
2024-10-02 08:00:00+00:00,99587.21851990148
2024-10-02 12:00:00+00:00,99587.21851990148
2024-10-02 16:00:00+00:00,99587.21851990148
2024-10-02 20:00:00+00:00,99587.21851990148
2024-10-03 00:00:00+00:00,99587.21851990148
2024-10-03 04:00:00+00:00,99587.21851990148
2024-10-03 08:00:00+00:00,99587.21851990148
2024-10-03 12:00:00+00:00,99587.21851990148
2024-10-03 16:00:00+00:00,99587.21851990148
2024-10-03 20:00:00+00:00,99587.21851990148
2024-10-04 00:00:00+00:00,99587.21851990148
2024-10-04 04:00:00+00:00,99587.21851990148
2024-10-04 08:00:00+00:00,99587.21851990148
2024-10-04 12:00:00+00:00,99587.21851990148
2024-10-04 16:00:00+00:00,99587.21851990148
2024-10-04 20:00:00+00:00,99587.21851990148
2024-10-05 00:00:00+00:00,99587.21851990148
2024-10-05 04:00:00+00:00,99587.21851990148
2024-10-05 08:00:00+00:00,99587.21851990148
2024-10-05 12:00:00+00:00,99587.21851990148
2024-10-05 16:00:00+00:00,99587.21851990148
2024-10-05 20:00:00+00:00,99587.21851990148
2024-10-06 00:00:00+00:00,99587.21851990148
2024-10-06 04:00:00+00:00,99587.21851990148
2024-10-06 08:00:00+00:00,99587.21851990148
2024-10-06 12:00:00+00:00,99587.21851990148
2024-10-06 16:00:00+00:00,99587.21851990148
2024-10-06 20:00:00+00:00,99587.21851990148
2024-10-07 00:00:00+00:00,99587.21851990148
2024-10-07 04:00:00+00:00,99587.21851990148
2024-10-07 08:00:00+00:00,99587.21851990148
2024-10-07 12:00:00+00:00,99587.21851990148
2024-10-07 16:00:00+00:00,99587.21851990148
2024-10-07 20:00:00+00:00,99587.21851990148
2024-10-08 00:00:00+00:00,99587.21851990148
2024-10-08 04:00:00+00:00,99587.21851990148
2024-10-08 08:00:00+00:00,99587.21851990148
2024-10-08 12:00:00+00:00,99587.21851990148
2024-10-08 16:00:00+00:00,99587.21851990148
2024-10-08 20:00:00+00:00,99577.599955287
2024-10-09 00:00:00+00:00,99570.38838614832
2024-10-09 04:00:00+00:00,99580.44442571295
2024-10-09 08:00:00+00:00,99581.9503218208
2024-10-09 12:00:00+00:00,99578.10192065628
2024-10-09 16:00:00+00:00,99562.80870907212
2024-10-09 20:00:00+00:00,99560.90124066887
2024-10-10 00:00:00+00:00,99558.82645047584
2024-10-10 04:00:00+00:00,99560.03116736212
2024-10-10 08:00:00+00:00,99573.62813706405
2024-10-10 12:00:00+00:00,99602.29728755847
2024-10-10 16:00:00+00:00,99582.27573760244
2024-10-10 20:00:00+00:00,99587.9760604148
2024-10-11 00:00:00+00:00,99582.82427321767
2024-10-11 04:00:00+00:00,99588.76180062041
2024-10-11 08:00:00+00:00,99582.75014678319
2024-10-11 12:00:00+00:00,99574.7222539278
2024-10-11 16:00:00+00:00,99571.0381701336
2024-10-11 20:00:00+00:00,99570.2079540673
2024-10-12 00:00:00+00:00,99562.16523592503
2024-10-12 04:00:00+00:00,99567.62835414702
2024-10-12 08:00:00+00:00,99586.67821945038
2024-10-12 12:00:00+00:00,99578.8516968848
2024-10-12 16:00:00+00:00,99599.3616957121
2024-10-12 20:00:00+00:00,99586.53085322198
2024-10-13 00:00:00+00:00,99577.58235231889
2024-10-13 04:00:00+00:00,99577.64775678265
2024-10-13 08:00:00+00:00,99571.5182862466
2024-10-13 12:00:00+00:00,99559.24117551572
2024-10-13 16:00:00+00:00,99549.6739910669
2024-10-13 20:00:00+00:00,99550.80694712004
2024-10-14 00:00:00+00:00,99554.70935130311
2024-10-14 04:00:00+00:00,99531.7945892663
2024-10-14 08:00:00+00:00,99532.12791247547
2024-10-14 12:00:00+00:00,99543.90244127063
2024-10-14 16:00:00+00:00,99545.23591606552
2024-10-14 20:00:00+00:00,99552.47801965405
2024-10-15 00:00:00+00:00,99544.18301704882
2024-10-15 04:00:00+00:00,99552.8196815158
2024-10-15 08:00:00+00:00,99526.23011761128
2024-10-15 12:00:00+00:00,99521.95490986289
2024-10-15 16:00:00+00:00,99533.95860186304
2024-10-15 20:00:00+00:00,99542.00902550617
2024-10-16 00:00:00+00:00,99529.66395002328
2024-10-16 04:00:00+00:00,99504.87421727597
2024-10-16 08:00:00+00:00,99526.79358032475
2024-10-16 12:00:00+00:00,99510.53551329808
2024-10-16 16:00:00+00:00,99517.31484620618
2024-10-16 20:00:00+00:00,99518.65400845115
2024-10-17 00:00:00+00:00,99523.63062891338
2024-10-17 04:00:00+00:00,99483.3532425714
2024-10-17 08:00:00+00:00,99470.5075216984
2024-10-17 12:00:00+00:00,99481.5497331844
2024-10-17 16:00:00+00:00,99477.40890387715
2024-10-17 20:00:00+00:00,99478.47065498157
2024-10-18 00:00:00+00:00,99486.43378826474
2024-10-18 04:00:00+00:00,99489.0881660258
2024-10-18 08:00:00+00:00,99489.93756690934
2024-10-18 12:00:00+00:00,99490.46844246156
2024-10-18 16:00:00+00:00,99493.97222110615
2024-10-18 20:00:00+00:00,99496.6265988672
2024-10-19 00:00:00+00:00,99502.25387972064
2024-10-19 04:00:00+00:00,99492.91047000172
2024-10-19 08:00:00+00:00,99488.87581580492
2024-10-19 12:00:00+00:00,99497.26364952985
2024-10-19 16:00:00+00:00,99497.3698246403
2024-10-19 20:00:00+00:00,99499.17480151782
2024-10-20 00:00:00+00:00,99482.12061153985
2024-10-20 04:00:00+00:00,99484.07564755584
2024-10-20 08:00:00+00:00,99481.15889986108
2024-10-20 12:00:00+00:00,99511.29755715348
2024-10-20 16:00:00+00:00,99458.73669500314
2024-10-20 20:00:00+00:00,99510.56199576735
2024-10-21 00:00:00+00:00,99500.12939924501
2024-10-21 04:00:00+00:00,99487.71042251048
2024-10-21 08:00:00+00:00,99483.27846182321
2024-10-21 12:00:00+00:00,99412.83827679255
2024-10-21 16:00:00+00:00,99421.72182281298
2024-10-21 20:00:00+00:00,99417.41610411118
2024-10-22 00:00:00+00:00,99417.89629578796
2024-10-22 04:00:00+00:00,99403.77866049063
2024-10-22 08:00:00+00:00,99404.41554156563
2024-10-22 12:00:00+00:00,99393.89043900609
2024-10-22 16:00:00+00:00,99393.39636955207
2024-10-22 20:00:00+00:00,99390.11292996575
2024-10-23 00:00:00+00:00,99385.5529202099
2024-10-23 04:00:00+00:00,99368.6571450027
2024-10-23 08:00:00+00:00,99353.5635661955
2024-10-23 12:00:00+00:00,99339.95790091918
2024-10-23 16:00:00+00:00,99339.95790091918
2024-10-23 20:00:00+00:00,99339.95790091918
2024-10-24 00:00:00+00:00,99339.95790091918
2024-10-24 04:00:00+00:00,99339.95790091918
2024-10-24 08:00:00+00:00,99343.15264164728
2024-10-24 12:00:00+00:00,99345.64156331355
2024-10-24 16:00:00+00:00,99356.37503799937
2024-10-24 20:00:00+00:00,99360.73065091536
2024-10-25 00:00:00+00:00,99379.39756341244
2024-10-25 04:00:00+00:00,99374.57527768402
2024-10-25 08:00:00+00:00,99389.50880768169
2024-10-25 12:00:00+00:00,99386.24209799469
2024-10-25 16:00:00+00:00,99362.90845737336
2024-10-25 20:00:00+00:00,99328.37466925375
2024-10-26 00:00:00+00:00,99349.37494581298
2024-10-26 04:00:00+00:00,99359.7973052905
2024-10-26 08:00:00+00:00,99366.17516706034
2024-10-26 12:00:00+00:00,99349.99717622953
2024-10-26 16:00:00+00:00,99359.33063247807
2024-10-26 20:00:00+00:00,99368.9752039349
2024-10-27 00:00:00+00:00,99384.68652195328
2024-10-27 04:00:00+00:00,99382.04204268285
2024-10-27 08:00:00+00:00,99376.75308414202
2024-10-27 12:00:00+00:00,99379.86423622486
2024-10-27 16:00:00+00:00,99364.61959101891
2024-10-27 20:00:00+00:00,99350.93052185439
2024-10-28 00:00:00+00:00,99340.663719981
2024-10-28 04:00:00+00:00,99349.99717622953
2024-10-28 08:00:00+00:00,99345.64156331355
2024-10-28 12:00:00+00:00,99343.93042966799
2024-10-28 16:00:00+00:00,99340.11595133392
2024-10-28 20:00:00+00:00,99340.11595133392
2024-10-29 00:00:00+00:00,99340.11595133392
2024-10-29 04:00:00+00:00,99340.11595133392
2024-10-29 08:00:00+00:00,99340.11595133392
2024-10-29 12:00:00+00:00,99340.11595133392
2024-10-29 16:00:00+00:00,99340.11595133392
2024-10-29 20:00:00+00:00,99340.11595133392
2024-10-30 00:00:00+00:00,99340.11595133392
2024-10-30 04:00:00+00:00,99340.11595133392
2024-10-30 08:00:00+00:00,99321.57798125091
2024-10-30 12:00:00+00:00,99338.1526980013
2024-10-30 16:00:00+00:00,99326.01464984234
2024-10-30 20:00:00+00:00,99326.16487133838
2024-10-31 00:00:00+00:00,99316.78239069312
2024-10-31 04:00:00+00:00,99306.11214421547
2024-10-31 08:00:00+00:00,99292.56362361793
2024-10-31 12:00:00+00:00,99271.67253209723
2024-10-31 16:00:00+00:00,99271.67253209723
2024-10-31 20:00:00+00:00,99271.67253209723
2024-11-01 00:00:00+00:00,99271.67253209723
2024-11-01 04:00:00+00:00,99271.67253209723
2024-11-01 08:00:00+00:00,99271.67253209723
2024-11-01 12:00:00+00:00,99271.67253209723
2024-11-01 16:00:00+00:00,99271.67253209723
2024-11-01 20:00:00+00:00,99271.67253209723
2024-11-02 00:00:00+00:00,99271.67253209723
2024-11-02 04:00:00+00:00,99271.67253209723
2024-11-02 08:00:00+00:00,99271.67253209723
2024-11-02 12:00:00+00:00,99271.67253209723
2024-11-02 16:00:00+00:00,99271.67253209723
2024-11-02 20:00:00+00:00,99271.67253209723
2024-11-03 00:00:00+00:00,99271.67253209723
2024-11-03 04:00:00+00:00,99271.67253209723
2024-11-03 08:00:00+00:00,99271.67253209723
2024-11-03 12:00:00+00:00,99271.67253209723
2024-11-03 16:00:00+00:00,99271.67253209723
2024-11-03 20:00:00+00:00,99271.67253209723
2024-11-04 00:00:00+00:00,99271.67253209723
2024-11-04 04:00:00+00:00,99271.67253209723
2024-11-04 08:00:00+00:00,99271.67253209723
2024-11-04 12:00:00+00:00,99271.67253209723
2024-11-04 16:00:00+00:00,99271.67253209723
2024-11-04 20:00:00+00:00,99271.67253209723
2024-11-05 00:00:00+00:00,99271.67253209723
2024-11-05 04:00:00+00:00,99271.67253209723
2024-11-05 08:00:00+00:00,99271.67253209723
2024-11-05 12:00:00+00:00,99271.67253209723
2024-11-05 16:00:00+00:00,99271.67253209723
2024-11-05 20:00:00+00:00,99271.67253209723
2024-11-06 00:00:00+00:00,99271.67253209723
2024-11-06 04:00:00+00:00,99271.67253209723
2024-11-06 08:00:00+00:00,99271.67253209723
2024-11-06 12:00:00+00:00,99271.67253209723
2024-11-06 16:00:00+00:00,99271.67253209723
2024-11-06 20:00:00+00:00,99271.67253209723
2024-11-07 00:00:00+00:00,99271.67253209723
2024-11-07 04:00:00+00:00,99244.8414064454
2024-11-07 08:00:00+00:00,99233.01855514816
2024-11-07 12:00:00+00:00,99262.736179912
2024-11-07 16:00:00+00:00,99267.84514997213
2024-11-07 20:00:00+00:00,99262.42785532062
2024-11-08 00:00:00+00:00,99254.06128236084
2024-11-08 04:00:00+00:00,99290.1661979165
2024-11-08 08:00:00+00:00,99291.31984402923
2024-11-08 12:00:00+00:00,99311.47407136863
2024-11-08 16:00:00+00:00,99323.07541349309
2024-11-08 20:00:00+00:00,99350.52618482639
2024-11-09 00:00:00+00:00,99299.23350337634
2024-11-09 04:00:00+00:00,99368.49899564276
2024-11-09 08:00:00+00:00,99394.80775531527
2024-11-09 12:00:00+00:00,99347.5246404915
2024-11-09 16:00:00+00:00,99353.06231853753
2024-11-09 20:00:00+00:00,99477.5341283881
2024-11-10 00:00:00+00:00,99542.91708303048
2024-11-10 04:00:00+00:00,99664.25045983441
2024-11-10 08:00:00+00:00,99783.97226082729
2024-11-10 12:00:00+00:00,99841.93413960855
2024-11-10 16:00:00+00:00,99827.94455176729
2024-11-10 20:00:00+00:00,99756.40914007631
2024-11-11 00:00:00+00:00,99867.04755710255
2024-11-11 04:00:00+00:00,99709.3445813533
2024-11-11 08:00:00+00:00,99822.02997776438
2024-11-11 12:00:00+00:00,99821.33512940159
2024-11-11 16:00:00+00:00,99934.92096177442
2024-11-11 20:00:00+00:00,100201.41808824622
2024-11-12 00:00:00+00:00,100166.59762140585
2024-11-12 04:00:00+00:00,100192.92039487354
2024-11-12 08:00:00+00:00,99778.16396268868
2024-11-12 12:00:00+00:00,99686.13252689072
2024-11-12 16:00:00+00:00,99814.33025615558
2024-11-12 20:00:00+00:00,99843.8632352942
2024-11-13 00:00:00+00:00,99569.19323676465
2024-11-13 04:00:00+00:00,99527.50977522957
2024-11-13 08:00:00+00:00,99527.30199431874
2024-11-13 12:00:00+00:00,99726.66755557718
2024-11-13 16:00:00+00:00,99504.04210578089
2024-11-13 20:00:00+00:00,99544.55845053447
2024-11-14 00:00:00+00:00,99543.32851117205
2024-11-14 04:00:00+00:00,99632.6627338717
2024-11-14 08:00:00+00:00,99550.83452345576
2024-11-14 12:00:00+00:00,99487.16370231431
2024-11-14 16:00:00+00:00,99561.38617732903
2024-11-14 20:00:00+00:00,99546.86860593366
2024-11-15 00:00:00+00:00,99567.64635415978
2024-11-15 04:00:00+00:00,99540.04385832962
2024-11-15 08:00:00+00:00,99580.31304332076
2024-11-15 12:00:00+00:00,99564.13496430013
2024-11-15 16:00:00+00:00,99575.78393910844
2024-11-15 20:00:00+00:00,99632.30829543591
2024-11-16 00:00:00+00:00,99682.47701645285
2024-11-16 04:00:00+00:00,99716.85044759714
2024-11-16 08:00:00+00:00,99746.62909005575
2024-11-16 12:00:00+00:00,99803.28092256577
2024-11-16 16:00:00+00:00,99934.76065926894
2024-11-16 20:00:00+00:00,100041.02923912184
2024-11-17 00:00:00+00:00,99936.35255394594
2024-11-17 04:00:00+00:00,99943.10703500363
2024-11-17 08:00:00+00:00,99877.79319311706
2024-11-17 12:00:00+00:00,99915.48958929171
2024-11-17 16:00:00+00:00,99878.20608579507
2024-11-17 20:00:00+00:00,99896.27815747741
2024-11-18 00:00:00+00:00,100016.56547470372
2024-11-18 04:00:00+00:00,100127.32667487468
2024-11-18 08:00:00+00:00,100132.230628953
2024-11-18 12:00:00+00:00,100167.00368756842
2024-11-18 16:00:00+00:00,100047.06762242665
2024-11-18 20:00:00+00:00,100088.67400775258
2024-11-19 00:00:00+00:00,100139.52289970867
2024-11-19 04:00:00+00:00,100074.24494549136
2024-11-19 08:00:00+00:00,100132.77168735977
2024-11-19 12:00:00+00:00,100121.76260222348
2024-11-19 16:00:00+00:00,100109.8234999425
2024-11-19 20:00:00+00:00,100090.82988321125
2024-11-20 00:00:00+00:00,100040.87161788727
2024-11-20 04:00:00+00:00,100055.82945822555
2024-11-20 08:00:00+00:00,100144.50555380438
2024-11-20 12:00:00+00:00,100203.50804698869
2024-11-20 16:00:00+00:00,100087.01569643863
2024-11-20 20:00:00+00:00,100117.51481993897
2024-11-21 00:00:00+00:00,100064.92596860041
2024-11-21 04:00:00+00:00,100064.53702549354
2024-11-21 08:00:00+00:00,100054.61352119863
2024-11-21 12:00:00+00:00,100061.70267243499
2024-11-21 16:00:00+00:00,100090.94542128498
2024-11-21 20:00:00+00:00,100179.95365347488
2024-11-22 00:00:00+00:00,100283.33710900517
2024-11-22 04:00:00+00:00,100255.27588536123
2024-11-22 08:00:00+00:00,100356.19783004557
2024-11-22 12:00:00+00:00,100338.47495195466
2024-11-22 16:00:00+00:00,100512.99607093318
2024-11-22 20:00:00+00:00,100561.19245329707
2024-11-23 00:00:00+00:00,101064.71911194653
2024-11-23 04:00:00+00:00,101066.59835415211
2024-11-23 08:00:00+00:00,101088.06254511572
2024-11-23 12:00:00+00:00,101454.63363095558
2024-11-23 16:00:00+00:00,101351.99561129692
2024-11-23 20:00:00+00:00,101449.41724723262
2024-11-24 00:00:00+00:00,101860.3869529624
2024-11-24 04:00:00+00:00,101808.20256741885
2024-11-24 08:00:00+00:00,101489.15755921957
2024-11-24 12:00:00+00:00,101072.72090598517
2024-11-24 16:00:00+00:00,101423.27042296407
2024-11-24 20:00:00+00:00,101514.09802788556
2024-11-25 00:00:00+00:00,101413.4134679754
2024-11-25 04:00:00+00:00,101451.22191922189
2024-11-25 08:00:00+00:00,101423.17843616266
2024-11-25 12:00:00+00:00,101281.55524123085
2024-11-25 16:00:00+00:00,101334.40657759
2024-11-25 20:00:00+00:00,101115.26122280805
2024-11-26 00:00:00+00:00,101252.43082291473
2024-11-26 04:00:00+00:00,101019.2370886656
2024-11-26 08:00:00+00:00,100831.49488997551
2024-11-26 12:00:00+00:00,100852.5999578916
2024-11-26 16:00:00+00:00,100827.02363308326
2024-11-26 20:00:00+00:00,100830.24055331339
2024-11-27 00:00:00+00:00,100840.43973639069
2024-11-27 04:00:00+00:00,100851.58042355436
2024-11-27 08:00:00+00:00,100855.64249359274
2024-11-27 12:00:00+00:00,100882.99678795486
2024-11-27 16:00:00+00:00,100895.79644265884
2024-11-27 20:00:00+00:00,100900.64265491079
2024-11-28 00:00:00+00:00,100873.53907268497
2024-11-28 04:00:00+00:00,100878.40395498963
2024-11-28 08:00:00+00:00,100882.73540721701
2024-11-28 12:00:00+00:00,100875.81148481411
2024-11-28 16:00:00+00:00,100877.97721092781
2024-11-28 20:00:00+00:00,100880.35097477163
2024-11-29 00:00:00+00:00,100875.85149206991
2024-11-29 04:00:00+00:00,100861.31067521704
2024-11-29 08:00:00+00:00,100885.45537579441
2024-11-29 12:00:00+00:00,100921.36179269249
2024-11-29 16:00:00+00:00,100930.9943536852
2024-11-29 20:00:00+00:00,100943.33768186565
2024-11-30 00:00:00+00:00,100928.84191369163
2024-11-30 04:00:00+00:00,100946.27462278742
2024-11-30 08:00:00+00:00,100961.20367049033
2024-11-30 12:00:00+00:00,100978.19673788
2024-11-30 16:00:00+00:00,101026.01691997754
2024-11-30 20:00:00+00:00,101011.56169900169
2024-12-01 00:00:00+00:00,100987.88568294332
2024-12-01 04:00:00+00:00,100990.85787077277
2024-12-01 08:00:00+00:00,101050.11163516228
2024-12-01 12:00:00+00:00,101033.4467234124
2024-12-01 16:00:00+00:00,101031.83097087537
2024-12-01 20:00:00+00:00,101026.06165790129
2024-12-02 00:00:00+00:00,101040.34958098517
2024-12-02 04:00:00+00:00,101074.94278583396
2024-12-02 08:00:00+00:00,100971.58350139248
2024-12-02 12:00:00+00:00,101181.70371564254
2024-12-02 16:00:00+00:00,101241.27253031121
2024-12-02 20:00:00+00:00,101310.12943421799
2024-12-03 00:00:00+00:00,101361.2768632397
2024-12-03 04:00:00+00:00,101372.44484936261
2024-12-03 08:00:00+00:00,101504.76661679229
2024-12-03 12:00:00+00:00,101497.68038577413
2024-12-03 16:00:00+00:00,101684.9353417447
2024-12-03 20:00:00+00:00,102316.6736023006
2024-12-04 00:00:00+00:00,102179.22609911318
2024-12-04 04:00:00+00:00,102312.2049730445
2024-12-04 08:00:00+00:00,102341.73941852627
2024-12-04 12:00:00+00:00,102239.7915887204
2024-12-04 16:00:00+00:00,102192.33205027402
2024-12-04 20:00:00+00:00,102014.15508087895
2024-12-05 00:00:00+00:00,101844.43580014062
2024-12-05 04:00:00+00:00,101963.00456913482
2024-12-05 08:00:00+00:00,101984.84159740388
2024-12-05 12:00:00+00:00,101959.5895928785
2024-12-05 16:00:00+00:00,101914.2804790649
2024-12-05 20:00:00+00:00,101787.28248577827
2024-12-06 00:00:00+00:00,101894.24908374686
2024-12-06 04:00:00+00:00,101874.56003196369
2024-12-06 08:00:00+00:00,101861.60795151588
2024-12-06 12:00:00+00:00,101916.31203290758
2024-12-06 16:00:00+00:00,102024.96499780459
2024-12-06 20:00:00+00:00,102010.81188432816
2024-12-07 00:00:00+00:00,102004.33465720718
2024-12-07 04:00:00+00:00,101976.71812639834
2024-12-07 08:00:00+00:00,101956.77576107139
2024-12-07 12:00:00+00:00,101964.69650135686
2024-12-07 16:00:00+00:00,101940.3797713626
2024-12-07 20:00:00+00:00,101959.44782612516
2024-12-08 00:00:00+00:00,101942.26269477757
2024-12-08 04:00:00+00:00,101955.73870837427
2024-12-08 08:00:00+00:00,101965.5049824917
2024-12-08 12:00:00+00:00,101969.31840268594
2024-12-08 16:00:00+00:00,101948.6996823756
2024-12-08 20:00:00+00:00,101980.54059729498
2024-12-09 00:00:00+00:00,101869.57894919351
2024-12-09 04:00:00+00:00,101858.54944698239
2024-12-09 08:00:00+00:00,101836.87351579273
2024-12-09 12:00:00+00:00,101836.19339518606
2024-12-09 16:00:00+00:00,101836.19339518606
2024-12-09 20:00:00+00:00,101836.19339518606
2024-12-10 00:00:00+00:00,101836.19339518606
2024-12-10 04:00:00+00:00,101836.19339518606
2024-12-10 08:00:00+00:00,101836.19339518606
2024-12-10 12:00:00+00:00,101836.19339518606
2024-12-10 16:00:00+00:00,101836.19339518606
2024-12-10 20:00:00+00:00,101836.19339518606
2024-12-11 00:00:00+00:00,101836.19339518606
2024-12-11 04:00:00+00:00,101836.19339518606
2024-12-11 08:00:00+00:00,101836.19339518606
2024-12-11 12:00:00+00:00,101836.19339518606
2024-12-11 16:00:00+00:00,101836.19339518606
2024-12-11 20:00:00+00:00,101836.19339518606
2024-12-12 00:00:00+00:00,101836.19339518606
2024-12-12 04:00:00+00:00,101836.19339518606
2024-12-12 08:00:00+00:00,101836.19339518606
2024-12-12 12:00:00+00:00,101836.19339518606
2024-12-12 16:00:00+00:00,101836.19339518606
2024-12-12 20:00:00+00:00,101836.19339518606
2024-12-13 00:00:00+00:00,101836.19339518606
2024-12-13 04:00:00+00:00,101825.22550795872
2024-12-13 08:00:00+00:00,101820.69354550459
2024-12-13 12:00:00+00:00,101814.41488918793
2024-12-13 16:00:00+00:00,101818.38710032705
2024-12-13 20:00:00+00:00,101826.13426084665
2024-12-14 00:00:00+00:00,101829.8948792447
2024-12-14 04:00:00+00:00,101830.35262768454
2024-12-14 08:00:00+00:00,101830.84385694841
2024-12-14 12:00:00+00:00,101816.23011490983
2024-12-14 16:00:00+00:00,101805.00959833499
2024-12-14 20:00:00+00:00,101801.39582419774
2024-12-15 00:00:00+00:00,101798.6916349034
2024-12-15 04:00:00+00:00,101793.89989017443
2024-12-15 08:00:00+00:00,101794.11569791034
2024-12-15 12:00:00+00:00,101797.09485626467
2024-12-15 16:00:00+00:00,101795.64152604315
2024-12-15 20:00:00+00:00,101798.14944797414
2024-12-16 00:00:00+00:00,101792.9801782999
2024-12-16 04:00:00+00:00,101798.37368569974
2024-12-16 08:00:00+00:00,101802.9157641415
2024-12-16 12:00:00+00:00,101806.82137836209
2024-12-16 16:00:00+00:00,101800.32607131056
2024-12-16 20:00:00+00:00,101793.7270753859
2024-12-17 00:00:00+00:00,101793.8526822322
2024-12-17 04:00:00+00:00,101788.66739557756
2024-12-17 08:00:00+00:00,101788.31170202003
2024-12-17 12:00:00+00:00,101788.31170202003
2024-12-17 16:00:00+00:00,101788.31170202003
2024-12-17 20:00:00+00:00,101788.31170202003
2024-12-18 00:00:00+00:00,101788.31170202003
2024-12-18 04:00:00+00:00,101788.31170202003
2024-12-18 08:00:00+00:00,101788.31170202003
2024-12-18 12:00:00+00:00,101788.31170202003
2024-12-18 16:00:00+00:00,101788.31170202003
2024-12-18 20:00:00+00:00,101788.31170202003
2024-12-19 00:00:00+00:00,101788.31170202003
2024-12-19 04:00:00+00:00,101788.31170202003
2024-12-19 08:00:00+00:00,101788.31170202003
2024-12-19 12:00:00+00:00,101788.31170202003
2024-12-19 16:00:00+00:00,101788.31170202003
2024-12-19 20:00:00+00:00,101788.31170202003
2024-12-20 00:00:00+00:00,101788.31170202003
2024-12-20 04:00:00+00:00,101788.31170202003
2024-12-20 08:00:00+00:00,101788.31170202003
2024-12-20 12:00:00+00:00,101788.31170202003
2024-12-20 16:00:00+00:00,101788.31170202003
2024-12-20 20:00:00+00:00,101788.31170202003
2024-12-21 00:00:00+00:00,101788.31170202003
2024-12-21 04:00:00+00:00,101788.31170202003
2024-12-21 08:00:00+00:00,101788.31170202003
2024-12-21 12:00:00+00:00,101788.31170202003
2024-12-21 16:00:00+00:00,101788.31170202003
2024-12-21 20:00:00+00:00,101788.31170202003
2024-12-22 00:00:00+00:00,101788.31170202003
2024-12-22 04:00:00+00:00,101788.31170202003
2024-12-22 08:00:00+00:00,101788.31170202003
2024-12-22 12:00:00+00:00,101788.31170202003
2024-12-22 16:00:00+00:00,101788.31170202003
2024-12-22 20:00:00+00:00,101788.31170202003
2024-12-23 00:00:00+00:00,101788.31170202003
2024-12-23 04:00:00+00:00,101788.31170202003
2024-12-23 08:00:00+00:00,101788.31170202003
2024-12-23 12:00:00+00:00,101788.31170202003
2024-12-23 16:00:00+00:00,101788.31170202003
2024-12-23 20:00:00+00:00,101788.31170202003
2024-12-24 00:00:00+00:00,101788.31170202003
2024-12-24 04:00:00+00:00,101788.31170202003
2024-12-24 08:00:00+00:00,101788.31170202003
2024-12-24 12:00:00+00:00,101788.31170202003
2024-12-24 16:00:00+00:00,101788.31170202003
2024-12-24 20:00:00+00:00,101788.31170202003
2024-12-25 00:00:00+00:00,101788.31170202003
2024-12-25 04:00:00+00:00,101784.9239974386
2024-12-25 08:00:00+00:00,101787.09510321195
2024-12-25 12:00:00+00:00,101786.63867756641
2024-12-25 16:00:00+00:00,101787.97094701824
2024-12-25 20:00:00+00:00,101785.38042308413
2024-12-26 00:00:00+00:00,101790.03103033727
2024-12-26 04:00:00+00:00,101790.52446346758
2024-12-26 08:00:00+00:00,101777.5595079688
2024-12-26 12:00:00+00:00,101772.07006439415
2024-12-26 16:00:00+00:00,101772.62517666575
2024-12-26 20:00:00+00:00,101768.83807739065
2024-12-27 00:00:00+00:00,101768.77639824938
2024-12-27 04:00:00+00:00,101772.63751249401
2024-12-27 08:00:00+00:00,101789.56226886348
2024-12-27 12:00:00+00:00,101768.34464426036
2024-12-27 16:00:00+00:00,101767.07054982828
2024-12-27 20:00:00+00:00,101767.07054982828
2024-12-28 00:00:00+00:00,101767.07054982828
2024-12-28 04:00:00+00:00,101767.07054982828
2024-12-28 08:00:00+00:00,101767.07054982828
2024-12-28 12:00:00+00:00,101767.07054982828
2024-12-28 16:00:00+00:00,101767.07054982828
2024-12-28 20:00:00+00:00,101767.07054982828
2024-12-29 00:00:00+00:00,101767.07054982828
2024-12-29 04:00:00+00:00,101767.07054982828
2024-12-29 08:00:00+00:00,101767.07054982828
2024-12-29 12:00:00+00:00,101767.07054982828
2024-12-29 16:00:00+00:00,101767.07054982828
2024-12-29 20:00:00+00:00,101767.07054982828
2024-12-30 00:00:00+00:00,101767.07054982828
2024-12-30 04:00:00+00:00,101767.07054982828
2024-12-30 08:00:00+00:00,101767.07054982828
2024-12-30 12:00:00+00:00,101767.07054982828
2024-12-30 16:00:00+00:00,101767.07054982828
2024-12-30 20:00:00+00:00,101767.07054982828
2024-12-31 00:00:00+00:00,101767.07054982828
2024-12-31 04:00:00+00:00,101767.07054982828
2024-12-31 08:00:00+00:00,101767.07054982828
2024-12-31 12:00:00+00:00,101767.07054982828
2024-12-31 16:00:00+00:00,101767.07054982828
2024-12-31 20:00:00+00:00,101767.07054982828
2025-01-01 00:00:00+00:00,101767.07054982828
2025-01-01 04:00:00+00:00,101767.07054982828
2025-01-01 08:00:00+00:00,101767.07054982828
2025-01-01 12:00:00+00:00,101767.07054982828
2025-01-01 16:00:00+00:00,101767.07054982828
2025-01-01 20:00:00+00:00,101767.07054982828
2025-01-02 00:00:00+00:00,101767.07054982828
2025-01-02 04:00:00+00:00,101767.07054982828
2025-01-02 08:00:00+00:00,101767.07054982828
2025-01-02 12:00:00+00:00,101767.07054982828
2025-01-02 16:00:00+00:00,101767.07054982828
2025-01-02 20:00:00+00:00,101767.07054982828
2025-01-03 00:00:00+00:00,101767.07054982828
2025-01-03 04:00:00+00:00,101735.3667032478
2025-01-03 08:00:00+00:00,101771.83035941224
2025-01-03 12:00:00+00:00,101822.56656661037
2025-01-03 16:00:00+00:00,101818.34727924892
2025-01-03 20:00:00+00:00,101829.29651850651
2025-01-04 00:00:00+00:00,101823.25526012474
2025-01-04 04:00:00+00:00,101803.5866258833
2025-01-04 08:00:00+00:00,101763.29301603754
2025-01-04 12:00:00+00:00,101764.123362602
2025-01-04 16:00:00+00:00,101799.00451275316
2025-01-04 20:00:00+00:00,101804.47563117574
2025-01-05 00:00:00+00:00,101755.83933425738
2025-01-05 04:00:00+00:00,101763.40728382321
2025-01-05 08:00:00+00:00,101703.55496861773
2025-01-05 12:00:00+00:00,101692.33845457407
2025-01-05 16:00:00+00:00,101709.92635370468
2025-01-05 20:00:00+00:00,101725.17003660151
2025-01-06 00:00:00+00:00,101757.07890227399
2025-01-06 04:00:00+00:00,101724.41740450732
2025-01-06 08:00:00+00:00,101746.54148438288
2025-01-06 12:00:00+00:00,101787.93011414426
2025-01-06 16:00:00+00:00,101760.34654952693
2025-01-06 20:00:00+00:00,101742.09892012691
2025-01-07 00:00:00+00:00,101724.34095710107
2025-01-07 04:00:00+00:00,101747.07695322628
2025-01-07 08:00:00+00:00,101721.52479430637
2025-01-07 12:00:00+00:00,101599.54376475126
2025-01-07 16:00:00+00:00,101599.54376475126
2025-01-07 20:00:00+00:00,101599.54376475126
2025-01-08 00:00:00+00:00,101599.54376475126
2025-01-08 04:00:00+00:00,101599.54376475126
2025-01-08 08:00:00+00:00,101599.54376475126
2025-01-08 12:00:00+00:00,101599.54376475126
2025-01-08 16:00:00+00:00,101599.54376475126
2025-01-08 20:00:00+00:00,101599.54376475126
2025-01-09 00:00:00+00:00,101599.54376475126
2025-01-09 04:00:00+00:00,101599.54376475126
2025-01-09 08:00:00+00:00,101599.54376475126
2025-01-09 12:00:00+00:00,101599.54376475126
2025-01-09 16:00:00+00:00,101599.54376475126
2025-01-09 20:00:00+00:00,101599.54376475126
2025-01-10 00:00:00+00:00,101599.54376475126
2025-01-10 04:00:00+00:00,101599.54376475126
2025-01-10 08:00:00+00:00,101599.54376475126
2025-01-10 12:00:00+00:00,101599.54376475126
2025-01-10 16:00:00+00:00,101599.54376475126
2025-01-10 20:00:00+00:00,101599.54376475126
2025-01-11 00:00:00+00:00,101599.54376475126
2025-01-11 04:00:00+00:00,101599.54376475126
2025-01-11 08:00:00+00:00,101599.54376475126
2025-01-11 12:00:00+00:00,101599.54376475126
2025-01-11 16:00:00+00:00,101599.54376475126
2025-01-11 20:00:00+00:00,101599.54376475126
2025-01-12 00:00:00+00:00,101599.54376475126
2025-01-12 04:00:00+00:00,101599.54376475126
2025-01-12 08:00:00+00:00,101599.54376475126
2025-01-12 12:00:00+00:00,101599.54376475126
2025-01-12 16:00:00+00:00,101599.54376475126
2025-01-12 20:00:00+00:00,101599.54376475126
2025-01-13 00:00:00+00:00,101599.54376475126
2025-01-13 04:00:00+00:00,101599.54376475126
2025-01-13 08:00:00+00:00,101599.54376475126
2025-01-13 12:00:00+00:00,101599.54376475126
2025-01-13 16:00:00+00:00,101599.54376475126
2025-01-13 20:00:00+00:00,101599.54376475126
2025-01-14 00:00:00+00:00,101599.54376475126
2025-01-14 04:00:00+00:00,101599.54376475126
2025-01-14 08:00:00+00:00,101599.54376475126
2025-01-14 12:00:00+00:00,101599.54376475126
2025-01-14 16:00:00+00:00,101599.54376475126
2025-01-14 20:00:00+00:00,101599.54376475126
2025-01-15 00:00:00+00:00,101599.54376475126
2025-01-15 04:00:00+00:00,101599.54376475126
2025-01-15 08:00:00+00:00,101599.54376475126
2025-01-15 12:00:00+00:00,101599.54376475126
2025-01-15 16:00:00+00:00,101599.54376475126
2025-01-15 20:00:00+00:00,101599.54376475126
2025-01-16 00:00:00+00:00,101599.54376475126
2025-01-16 04:00:00+00:00,101599.54376475126
2025-01-16 08:00:00+00:00,101599.54376475126
2025-01-16 12:00:00+00:00,101599.54376475126
2025-01-16 16:00:00+00:00,101604.58472352257
2025-01-16 20:00:00+00:00,101575.74939185508
2025-01-17 00:00:00+00:00,101591.4498430144
2025-01-17 04:00:00+00:00,101591.87778131058
2025-01-17 08:00:00+00:00,101599.6506957003
2025-01-17 12:00:00+00:00,101579.28652768351
2025-01-17 16:00:00+00:00,101596.75703157728
2025-01-17 20:00:00+00:00,101623.29235491423
2025-01-18 00:00:00+00:00,101526.32111944651
2025-01-18 04:00:00+00:00,101448.98381817598
2025-01-18 08:00:00+00:00,101467.4576686077
2025-01-18 12:00:00+00:00,101447.81567385077
2025-01-18 16:00:00+00:00,101448.77380308909
2025-01-18 20:00:00+00:00,101465.41152411627
2025-01-19 00:00:00+00:00,101459.9377591437
2025-01-19 04:00:00+00:00,101412.49017662574
2025-01-19 08:00:00+00:00,101389.82323241953
2025-01-19 12:00:00+00:00,101389.82323241953
2025-01-19 16:00:00+00:00,101389.82323241953
2025-01-19 20:00:00+00:00,101366.82554341198
2025-01-20 00:00:00+00:00,101366.79767155685
2025-01-20 04:00:00+00:00,101392.8777645734
2025-01-20 08:00:00+00:00,101385.32847352617
2025-01-20 12:00:00+00:00,101387.16005257772
2025-01-20 16:00:00+00:00,101384.96083048466
2025-01-20 20:00:00+00:00,101376.7266881399
2025-01-21 00:00:00+00:00,101368.41556638571
2025-01-21 04:00:00+00:00,101363.51277434484
2025-01-21 08:00:00+00:00,101384.49895402818
2025-01-21 12:00:00+00:00,101386.95167727982
2025-01-21 16:00:00+00:00,101397.2377190548
2025-01-21 20:00:00+00:00,101397.93849712668
2025-01-22 00:00:00+00:00,101393.08879433369
2025-01-22 04:00:00+00:00,101386.06243237798
2025-01-22 08:00:00+00:00,101387.01007545248
2025-01-22 12:00:00+00:00,101381.17291264908
2025-01-22 16:00:00+00:00,101381.09327877728
2025-01-22 20:00:00+00:00,101379.42096746934
2025-01-23 00:00:00+00:00,101373.24668794197
2025-01-23 04:00:00+00:00,101370.00160766585
2025-01-23 08:00:00+00:00,101369.51252412985
2025-01-23 12:00:00+00:00,101369.51252412985
2025-01-23 16:00:00+00:00,101369.51252412985
2025-01-23 20:00:00+00:00,101369.51252412985
2025-01-24 00:00:00+00:00,101369.51252412985
2025-01-24 04:00:00+00:00,101369.51252412985
2025-01-24 08:00:00+00:00,101369.51252412985
2025-01-24 12:00:00+00:00,101369.51252412985
2025-01-24 16:00:00+00:00,101369.51252412985
2025-01-24 20:00:00+00:00,101369.51252412985
2025-01-25 00:00:00+00:00,101369.51252412985
2025-01-25 04:00:00+00:00,101369.51252412985
2025-01-25 08:00:00+00:00,101369.51252412985
2025-01-25 12:00:00+00:00,101369.51252412985
2025-01-25 16:00:00+00:00,101369.51252412985
2025-01-25 20:00:00+00:00,101369.51252412985
2025-01-26 00:00:00+00:00,101369.51252412985
2025-01-26 04:00:00+00:00,101369.51252412985
2025-01-26 08:00:00+00:00,101369.51252412985
2025-01-26 12:00:00+00:00,101369.51252412985
2025-01-26 16:00:00+00:00,101369.51252412985
2025-01-26 20:00:00+00:00,101369.51252412985
2025-01-27 00:00:00+00:00,101369.51252412985
2025-01-27 04:00:00+00:00,101369.51252412985
2025-01-27 08:00:00+00:00,101369.51252412985
2025-01-27 12:00:00+00:00,101369.51252412985
2025-01-27 16:00:00+00:00,101369.51252412985
2025-01-27 20:00:00+00:00,101369.51252412985
2025-01-28 00:00:00+00:00,101369.51252412985
2025-01-28 04:00:00+00:00,101369.51252412985
2025-01-28 08:00:00+00:00,101369.51252412985
2025-01-28 12:00:00+00:00,101369.51252412985
2025-01-28 16:00:00+00:00,101369.51252412985
2025-01-28 20:00:00+00:00,101369.51252412985
2025-01-29 00:00:00+00:00,101369.51252412985
2025-01-29 04:00:00+00:00,101369.51252412985
2025-01-29 08:00:00+00:00,101369.51252412985
2025-01-29 12:00:00+00:00,101369.51252412985
2025-01-29 16:00:00+00:00,101369.51252412985
2025-01-29 20:00:00+00:00,101369.51252412985
2025-01-30 00:00:00+00:00,101369.51252412985
2025-01-30 04:00:00+00:00,101369.51252412985
2025-01-30 08:00:00+00:00,101369.51252412985
2025-01-30 12:00:00+00:00,101369.51252412985
2025-01-30 16:00:00+00:00,101369.51252412985
2025-01-30 20:00:00+00:00,101369.51252412985
2025-01-31 00:00:00+00:00,101369.51252412985
2025-01-31 04:00:00+00:00,101369.51252412985
2025-01-31 08:00:00+00:00,101369.51252412985
2025-01-31 12:00:00+00:00,101369.51252412985
2025-01-31 16:00:00+00:00,101313.8340901137
2025-01-31 20:00:00+00:00,101294.1359167864
2025-02-01 00:00:00+00:00,101297.72825072172
2025-02-01 04:00:00+00:00,101287.4035761548
2025-02-01 08:00:00+00:00,101266.23126084341
2025-02-01 12:00:00+00:00,101266.23126084341
2025-02-01 16:00:00+00:00,101266.23126084341
2025-02-01 20:00:00+00:00,101266.23126084341
2025-02-02 00:00:00+00:00,101266.23126084341
2025-02-02 04:00:00+00:00,101266.23126084341
2025-02-02 08:00:00+00:00,101266.23126084341
2025-02-02 12:00:00+00:00,101266.23126084341
2025-02-02 16:00:00+00:00,101266.23126084341
2025-02-02 20:00:00+00:00,101266.23126084341
2025-02-03 00:00:00+00:00,101266.23126084341
2025-02-03 04:00:00+00:00,101266.23126084341
2025-02-03 08:00:00+00:00,101266.23126084341
2025-02-03 12:00:00+00:00,101266.23126084341
2025-02-03 16:00:00+00:00,101266.23126084341
2025-02-03 20:00:00+00:00,101266.23126084341
2025-02-04 00:00:00+00:00,101266.23126084341
2025-02-04 04:00:00+00:00,101266.23126084341
2025-02-04 08:00:00+00:00,101266.23126084341
2025-02-04 12:00:00+00:00,101266.23126084341
2025-02-04 16:00:00+00:00,101266.23126084341
2025-02-04 20:00:00+00:00,101266.23126084341
2025-02-05 00:00:00+00:00,101266.23126084341
2025-02-05 04:00:00+00:00,101266.23126084341
2025-02-05 08:00:00+00:00,101266.23126084341
2025-02-05 12:00:00+00:00,101266.23126084341
2025-02-05 16:00:00+00:00,101266.23126084341
2025-02-05 20:00:00+00:00,101266.23126084341
2025-02-06 00:00:00+00:00,101266.23126084341
2025-02-06 04:00:00+00:00,101266.23126084341
2025-02-06 08:00:00+00:00,101266.23126084341
2025-02-06 12:00:00+00:00,101266.23126084341
2025-02-06 16:00:00+00:00,101266.23126084341
2025-02-06 20:00:00+00:00,101266.23126084341
2025-02-07 00:00:00+00:00,101266.23126084341
2025-02-07 04:00:00+00:00,101266.23126084341
2025-02-07 08:00:00+00:00,101266.23126084341
2025-02-07 12:00:00+00:00,101266.23126084341
2025-02-07 16:00:00+00:00,101266.23126084341
2025-02-07 20:00:00+00:00,101266.23126084341
2025-02-08 00:00:00+00:00,101266.23126084341
2025-02-08 04:00:00+00:00,101266.23126084341
2025-02-08 08:00:00+00:00,101266.23126084341
2025-02-08 12:00:00+00:00,101266.23126084341
2025-02-08 16:00:00+00:00,101266.23126084341
2025-02-08 20:00:00+00:00,101266.23126084341
2025-02-09 00:00:00+00:00,101266.23126084341
2025-02-09 04:00:00+00:00,101266.23126084341
2025-02-09 08:00:00+00:00,101266.23126084341
2025-02-09 12:00:00+00:00,101266.23126084341
2025-02-09 16:00:00+00:00,101266.23126084341
2025-02-09 20:00:00+00:00,101266.23126084341
2025-02-10 00:00:00+00:00,101266.23126084341
2025-02-10 04:00:00+00:00,101266.23126084341
2025-02-10 08:00:00+00:00,101266.23126084341
2025-02-10 12:00:00+00:00,101268.48511151392
2025-02-10 16:00:00+00:00,101283.02178965228
2025-02-10 20:00:00+00:00,101294.1359081277
2025-02-11 00:00:00+00:00,101298.92013131248
2025-02-11 04:00:00+00:00,101296.34401113607
2025-02-11 08:00:00+00:00,101296.71424851491
2025-02-11 12:00:00+00:00,101275.6583088526
2025-02-11 16:00:00+00:00,101243.18020641834
2025-02-11 20:00:00+00:00,101244.83305049024
2025-02-12 00:00:00+00:00,101236.1009951418
2025-02-12 04:00:00+00:00,101231.39698229851
2025-02-12 08:00:00+00:00,101244.13037631339
2025-02-12 12:00:00+00:00,101244.42479004784
2025-02-12 16:00:00+00:00,101275.62297459546
2025-02-12 20:00:00+00:00,101274.267377135
2025-02-13 00:00:00+00:00,101284.21594647993
2025-02-13 04:00:00+00:00,101265.9331420467
2025-02-13 08:00:00+00:00,101256.30195596092
2025-02-13 12:00:00+00:00,101250.61306361247
2025-02-13 16:00:00+00:00,101214.38740315154
2025-02-13 20:00:00+00:00,101211.73319676504
2025-02-14 00:00:00+00:00,101235.53273253601
2025-02-14 04:00:00+00:00,101218.3614345911
2025-02-14 08:00:00+00:00,101217.81897318226
2025-02-14 12:00:00+00:00,101219.03937343683
2025-02-14 16:00:00+00:00,101226.9397120757
2025-02-14 20:00:00+00:00,101207.28550644641
2025-02-15 00:00:00+00:00,101212.5589112376
2025-02-15 04:00:00+00:00,101195.31901283782
2025-02-15 08:00:00+00:00,101190.01248264637
2025-02-15 12:00:00+00:00,101180.2196565727
2025-02-15 16:00:00+00:00,101176.39244354726
2025-02-15 20:00:00+00:00,101173.40519354904
2025-02-16 00:00:00+00:00,101171.87239853301
2025-02-16 04:00:00+00:00,101167.81340754774
2025-02-16 08:00:00+00:00,101167.12767351307
2025-02-16 12:00:00+00:00,101167.12767351307
2025-02-16 16:00:00+00:00,101167.12767351307
2025-02-16 20:00:00+00:00,101167.12767351307
2025-02-17 00:00:00+00:00,101167.12767351307
2025-02-17 04:00:00+00:00,101167.12767351307
2025-02-17 08:00:00+00:00,101167.12767351307
2025-02-17 12:00:00+00:00,101167.12767351307
2025-02-17 16:00:00+00:00,101167.12767351307
2025-02-17 20:00:00+00:00,101167.12767351307
2025-02-18 00:00:00+00:00,101167.12767351307
2025-02-18 04:00:00+00:00,101167.12767351307
2025-02-18 08:00:00+00:00,101167.12767351307
2025-02-18 12:00:00+00:00,101167.12767351307
2025-02-18 16:00:00+00:00,101167.12767351307
2025-02-18 20:00:00+00:00,101167.12767351307
2025-02-19 00:00:00+00:00,101167.12767351307
2025-02-19 04:00:00+00:00,101167.12767351307
2025-02-19 08:00:00+00:00,101167.12767351307
2025-02-19 12:00:00+00:00,101167.12767351307
2025-02-19 16:00:00+00:00,101167.12767351307
2025-02-19 20:00:00+00:00,101167.12767351307
2025-02-20 00:00:00+00:00,101167.12767351307
2025-02-20 04:00:00+00:00,101167.12767351307
2025-02-20 08:00:00+00:00,101167.12767351307
2025-02-20 12:00:00+00:00,101167.12767351307
2025-02-20 16:00:00+00:00,101167.12767351307
2025-02-20 20:00:00+00:00,101167.12767351307
2025-02-21 00:00:00+00:00,101167.12767351307
2025-02-21 04:00:00+00:00,101167.12767351307
2025-02-21 08:00:00+00:00,101167.12767351307
2025-02-21 12:00:00+00:00,101167.12767351307
2025-02-21 16:00:00+00:00,101167.12767351307
2025-02-21 20:00:00+00:00,101167.12767351307
2025-02-22 00:00:00+00:00,101167.12767351307
2025-02-22 04:00:00+00:00,101167.12767351307
2025-02-22 08:00:00+00:00,101167.12767351307
2025-02-22 12:00:00+00:00,101167.12767351307
2025-02-22 16:00:00+00:00,101167.12767351307
2025-02-22 20:00:00+00:00,101167.12767351307
2025-02-23 00:00:00+00:00,101167.12767351307
2025-02-23 04:00:00+00:00,101167.12767351307
2025-02-23 08:00:00+00:00,101167.12767351307
2025-02-23 12:00:00+00:00,101167.12767351307
2025-02-23 16:00:00+00:00,101167.12767351307
2025-02-23 20:00:00+00:00,101167.12767351307
2025-02-24 00:00:00+00:00,101167.12767351307
2025-02-24 04:00:00+00:00,101167.12767351307
2025-02-24 08:00:00+00:00,101167.12767351307
2025-02-24 12:00:00+00:00,101167.12767351307
2025-02-24 16:00:00+00:00,101167.12767351307
2025-02-24 20:00:00+00:00,101167.12767351307
2025-02-25 00:00:00+00:00,101167.12767351307
2025-02-25 04:00:00+00:00,101167.12767351307
2025-02-25 08:00:00+00:00,101167.12767351307
2025-02-25 12:00:00+00:00,101167.12767351307
2025-02-25 16:00:00+00:00,101167.12767351307
2025-02-25 20:00:00+00:00,101167.12767351307
2025-02-26 00:00:00+00:00,101167.12767351307
2025-02-26 04:00:00+00:00,101167.12767351307
2025-02-26 08:00:00+00:00,101167.12767351307
2025-02-26 12:00:00+00:00,101167.12767351307
2025-02-26 16:00:00+00:00,101167.12767351307
2025-02-26 20:00:00+00:00,101167.12767351307
2025-02-27 00:00:00+00:00,101167.12767351307
2025-02-27 04:00:00+00:00,101167.12767351307
2025-02-27 08:00:00+00:00,101167.12767351307
2025-02-27 12:00:00+00:00,101167.12767351307
2025-02-27 16:00:00+00:00,101167.12767351307
2025-02-27 20:00:00+00:00,101167.12767351307
2025-02-28 00:00:00+00:00,101167.12767351307
2025-02-28 04:00:00+00:00,101167.12767351307
2025-02-28 08:00:00+00:00,101167.12767351307
2025-02-28 12:00:00+00:00,101167.12767351307
2025-02-28 16:00:00+00:00,101167.12767351307
2025-02-28 20:00:00+00:00,101167.12767351307
2025-03-01 00:00:00+00:00,101167.12767351307
2025-03-01 04:00:00+00:00,101167.12767351307
2025-03-01 08:00:00+00:00,101167.12767351307
2025-03-01 12:00:00+00:00,101167.12767351307
2025-03-01 16:00:00+00:00,101167.12767351307
2025-03-01 20:00:00+00:00,101167.12767351307
2025-03-02 00:00:00+00:00,101167.12767351307
2025-03-02 04:00:00+00:00,101167.12767351307
2025-03-02 08:00:00+00:00,101167.12767351307
2025-03-02 12:00:00+00:00,101167.12767351307
2025-03-02 16:00:00+00:00,101167.12767351307
2025-03-02 20:00:00+00:00,101165.35282245436
2025-03-03 00:00:00+00:00,101155.38598542262
2025-03-03 04:00:00+00:00,101146.93584098267
2025-03-03 08:00:00+00:00,101143.14410950319
2025-03-03 12:00:00+00:00,101137.61901506169
2025-03-03 16:00:00+00:00,101129.72958213097
2025-03-03 20:00:00+00:00,101129.72958213097
2025-03-04 00:00:00+00:00,101129.72958213097
2025-03-04 04:00:00+00:00,101129.72958213097
2025-03-04 08:00:00+00:00,101129.72958213097
2025-03-04 12:00:00+00:00,101129.72958213097
2025-03-04 16:00:00+00:00,101129.72958213097
2025-03-04 20:00:00+00:00,101129.72958213097
2025-03-05 00:00:00+00:00,101129.72958213097
2025-03-05 04:00:00+00:00,101129.72958213097
2025-03-05 08:00:00+00:00,101129.72958213097
2025-03-05 12:00:00+00:00,101129.72958213097
2025-03-05 16:00:00+00:00,101129.72958213097
2025-03-05 20:00:00+00:00,101129.72958213097
2025-03-06 00:00:00+00:00,101129.72958213097
2025-03-06 04:00:00+00:00,101129.72958213097
2025-03-06 08:00:00+00:00,101129.72958213097
2025-03-06 12:00:00+00:00,101129.72958213097
2025-03-06 16:00:00+00:00,101129.72958213097
2025-03-06 20:00:00+00:00,101129.72958213097
2025-03-07 00:00:00+00:00,101129.72958213097
2025-03-07 04:00:00+00:00,101129.72958213097
2025-03-07 08:00:00+00:00,101129.72958213097
2025-03-07 12:00:00+00:00,101129.72958213097
2025-03-07 16:00:00+00:00,101129.72958213097
2025-03-07 20:00:00+00:00,101129.72958213097
2025-03-08 00:00:00+00:00,101129.72958213097
2025-03-08 04:00:00+00:00,101129.72958213097
2025-03-08 08:00:00+00:00,101129.72958213097
2025-03-08 12:00:00+00:00,101129.72958213097
2025-03-08 16:00:00+00:00,101129.72958213097
2025-03-08 20:00:00+00:00,101129.72958213097
2025-03-09 00:00:00+00:00,101129.72958213097
2025-03-09 04:00:00+00:00,101129.72958213097
2025-03-09 08:00:00+00:00,101129.72958213097
2025-03-09 12:00:00+00:00,101129.72958213097
2025-03-09 16:00:00+00:00,101129.72958213097
2025-03-09 20:00:00+00:00,101129.72958213097
2025-03-10 00:00:00+00:00,101129.72958213097
2025-03-10 04:00:00+00:00,101129.72958213097
2025-03-10 08:00:00+00:00,101129.72958213097
2025-03-10 12:00:00+00:00,101129.72958213097
2025-03-10 16:00:00+00:00,101129.72958213097
2025-03-10 20:00:00+00:00,101129.72958213097
2025-03-11 00:00:00+00:00,101129.72958213097
2025-03-11 04:00:00+00:00,101129.72958213097
2025-03-11 08:00:00+00:00,101129.72958213097
2025-03-11 12:00:00+00:00,101129.72958213097
2025-03-11 16:00:00+00:00,101129.72958213097
2025-03-11 20:00:00+00:00,101129.72958213097
2025-03-12 00:00:00+00:00,101129.72958213097
2025-03-12 04:00:00+00:00,101129.72958213097
2025-03-12 08:00:00+00:00,101129.72958213097
2025-03-12 12:00:00+00:00,101129.72958213097
2025-03-12 16:00:00+00:00,101129.72958213097
2025-03-12 20:00:00+00:00,101129.72958213097
2025-03-13 00:00:00+00:00,101129.72958213097
2025-03-13 04:00:00+00:00,101129.72958213097
2025-03-13 08:00:00+00:00,101129.72958213097
2025-03-13 12:00:00+00:00,101129.72958213097
2025-03-13 16:00:00+00:00,101129.72958213097
2025-03-13 20:00:00+00:00,101129.72958213097
2025-03-14 00:00:00+00:00,101129.72958213097
2025-03-14 04:00:00+00:00,101129.72958213097
2025-03-14 08:00:00+00:00,101129.72958213097
2025-03-14 12:00:00+00:00,101129.72958213097
2025-03-14 16:00:00+00:00,101129.72958213097
2025-03-14 20:00:00+00:00,101129.72958213097
2025-03-15 00:00:00+00:00,101129.72958213097
2025-03-15 04:00:00+00:00,101129.72958213097
2025-03-15 08:00:00+00:00,101129.72958213097
2025-03-15 12:00:00+00:00,101129.72958213097
2025-03-15 16:00:00+00:00,101129.72958213097
2025-03-15 20:00:00+00:00,101129.72958213097
2025-03-16 00:00:00+00:00,101129.72958213097
2025-03-16 04:00:00+00:00,101129.72958213097
2025-03-16 08:00:00+00:00,101129.72958213097
2025-03-16 12:00:00+00:00,101129.72958213097
2025-03-16 16:00:00+00:00,101129.72958213097
2025-03-16 20:00:00+00:00,101129.72958213097
2025-03-17 00:00:00+00:00,101129.72958213097
2025-03-17 04:00:00+00:00,101126.53000128629
2025-03-17 08:00:00+00:00,101125.92735202536
2025-03-17 12:00:00+00:00,101125.12321910448
2025-03-17 16:00:00+00:00,101126.715569025
2025-03-17 20:00:00+00:00,101128.54124427974
2025-03-18 00:00:00+00:00,101093.31658798158
2025-03-18 04:00:00+00:00,101105.78505341608
2025-03-18 08:00:00+00:00,101075.97748039925
2025-03-18 12:00:00+00:00,101052.93582831467
2025-03-18 16:00:00+00:00,101080.19789411224
2025-03-18 20:00:00+00:00,101090.97600964496
2025-03-19 00:00:00+00:00,101071.85334665365
2025-03-19 04:00:00+00:00,101057.24260725852
2025-03-19 08:00:00+00:00,101120.71465261269
2025-03-19 12:00:00+00:00,101154.7191355715
2025-03-19 16:00:00+00:00,101148.93611439283
2025-03-19 20:00:00+00:00,101152.51935701242
2025-03-20 00:00:00+00:00,101105.20161525386
2025-03-20 04:00:00+00:00,101090.34001349108
2025-03-20 08:00:00+00:00,101053.37544449934
2025-03-20 12:00:00+00:00,101059.88043179005
2025-03-20 16:00:00+00:00,101048.90480379797
2025-03-20 20:00:00+00:00,101055.94198929743
2025-03-21 00:00:00+00:00,101051.8554108566
2025-03-21 04:00:00+00:00,101057.68346061076
2025-03-21 08:00:00+00:00,101032.88897629327
2025-03-21 12:00:00+00:00,101028.07728411737
2025-03-21 16:00:00+00:00,101039.73561262633
2025-03-21 20:00:00+00:00,101038.27496813895
2025-03-22 00:00:00+00:00,101041.06702484272
2025-03-22 04:00:00+00:00,101037.69004152401
2025-03-22 08:00:00+00:00,101036.14074026085
2025-03-22 12:00:00+00:00,101029.96991671843
2025-03-22 16:00:00+00:00,101048.2556548737
2025-03-22 20:00:00+00:00,101027.328346176
2025-03-23 00:00:00+00:00,101034.84522179987
2025-03-23 04:00:00+00:00,101032.8138446826
2025-03-23 08:00:00+00:00,101030.94781653173
2025-03-23 12:00:00+00:00,101024.30665878032
2025-03-23 16:00:00+00:00,101021.48099521671
2025-03-23 20:00:00+00:00,101025.79909283336
2025-03-24 00:00:00+00:00,101032.02223351618
2025-03-24 04:00:00+00:00,101061.02439798092
2025-03-24 08:00:00+00:00,101074.68453666943
2025-03-24 12:00:00+00:00,101083.30720640751
2025-03-24 16:00:00+00:00,101067.02739098975
2025-03-24 20:00:00+00:00,101056.99007140669
2025-03-25 00:00:00+00:00,101046.54722887614
2025-03-25 04:00:00+00:00,101067.77452617246
2025-03-25 08:00:00+00:00,101104.85645674159
2025-03-25 12:00:00+00:00,101109.85954125994
2025-03-25 16:00:00+00:00,101141.51090093754
2025-03-25 20:00:00+00:00,101126.67605407242
2025-03-26 00:00:00+00:00,101106.5034789591
2025-03-26 04:00:00+00:00,101165.05128155429
2025-03-26 08:00:00+00:00,101154.38383805327
2025-03-26 12:00:00+00:00,101033.14517316196
2025-03-26 16:00:00+00:00,101008.51214298473
2025-03-26 20:00:00+00:00,101024.34813129353
2025-03-27 00:00:00+00:00,101121.54825114144
2025-03-27 04:00:00+00:00,101075.64609684898
2025-03-27 08:00:00+00:00,101028.78620416237
2025-03-27 12:00:00+00:00,101034.23007493137
2025-03-27 16:00:00+00:00,101040.55633888922
2025-03-27 20:00:00+00:00,101035.12246887677
2025-03-28 00:00:00+00:00,101005.19428154785
2025-03-28 04:00:00+00:00,100930.96709082334
2025-03-28 08:00:00+00:00,100921.50288831754
2025-03-28 12:00:00+00:00,100904.43590187798
2025-03-28 16:00:00+00:00,100904.43590187798
2025-03-28 20:00:00+00:00,100904.43590187798
2025-03-29 00:00:00+00:00,100904.43590187798
2025-03-29 04:00:00+00:00,100904.43590187798
2025-03-29 08:00:00+00:00,100904.43590187798
2025-03-29 12:00:00+00:00,100904.43590187798
2025-03-29 16:00:00+00:00,100904.43590187798
2025-03-29 20:00:00+00:00,100904.43590187798
2025-03-30 00:00:00+00:00,100904.43590187798
2025-03-30 04:00:00+00:00,100904.43590187798
2025-03-30 08:00:00+00:00,100904.43590187798
2025-03-30 12:00:00+00:00,100904.43590187798
2025-03-30 16:00:00+00:00,100904.43590187798
2025-03-30 20:00:00+00:00,100904.43590187798
2025-03-31 00:00:00+00:00,100904.43590187798
2025-03-31 04:00:00+00:00,100904.43590187798
2025-03-31 08:00:00+00:00,100904.43590187798
2025-03-31 12:00:00+00:00,100904.43590187798
2025-03-31 16:00:00+00:00,100904.43590187798
2025-03-31 20:00:00+00:00,100904.43590187798
2025-04-01 00:00:00+00:00,100904.43590187798
2025-04-01 04:00:00+00:00,100904.43590187798
2025-04-01 08:00:00+00:00,100904.43590187798
2025-04-01 12:00:00+00:00,100904.43590187798
2025-04-01 16:00:00+00:00,100904.43590187798
2025-04-01 20:00:00+00:00,100904.43590187798
2025-04-02 00:00:00+00:00,100904.43590187798
2025-04-02 04:00:00+00:00,100904.43590187798
2025-04-02 08:00:00+00:00,100904.43590187798
2025-04-02 12:00:00+00:00,100904.43590187798
2025-04-02 16:00:00+00:00,100904.43590187798
2025-04-02 20:00:00+00:00,100904.43590187798
2025-04-03 00:00:00+00:00,100904.43590187798
2025-04-03 04:00:00+00:00,100904.43590187798
2025-04-03 08:00:00+00:00,100904.43590187798
2025-04-03 12:00:00+00:00,100904.43590187798
2025-04-03 16:00:00+00:00,100904.43590187798
2025-04-03 20:00:00+00:00,100904.43590187798
2025-04-04 00:00:00+00:00,100904.43590187798
2025-04-04 04:00:00+00:00,100904.43590187798
2025-04-04 08:00:00+00:00,100904.43590187798
2025-04-04 12:00:00+00:00,100904.43590187798
2025-04-04 16:00:00+00:00,100904.43590187798
2025-04-04 20:00:00+00:00,100904.43590187798
2025-04-05 00:00:00+00:00,100904.43590187798
2025-04-05 04:00:00+00:00,100904.43590187798
2025-04-05 08:00:00+00:00,100904.43590187798
2025-04-05 12:00:00+00:00,100904.43590187798
2025-04-05 16:00:00+00:00,100904.43590187798
2025-04-05 20:00:00+00:00,100904.43590187798
2025-04-06 00:00:00+00:00,100904.43590187798
2025-04-06 04:00:00+00:00,100904.43590187798
2025-04-06 08:00:00+00:00,100904.43590187798
2025-04-06 12:00:00+00:00,100904.43590187798
2025-04-06 16:00:00+00:00,100904.43590187798
2025-04-06 20:00:00+00:00,100904.43590187798
2025-04-07 00:00:00+00:00,100904.43590187798
2025-04-07 04:00:00+00:00,100904.43590187798
2025-04-07 08:00:00+00:00,100904.43590187798
2025-04-07 12:00:00+00:00,100904.43590187798
2025-04-07 16:00:00+00:00,100904.43590187798
2025-04-07 20:00:00+00:00,100904.43590187798
2025-04-08 00:00:00+00:00,100904.43590187798
2025-04-08 04:00:00+00:00,100904.43590187798
2025-04-08 08:00:00+00:00,100904.43590187798
2025-04-08 12:00:00+00:00,100904.43590187798
2025-04-08 16:00:00+00:00,100904.43590187798
2025-04-08 20:00:00+00:00,100904.43590187798
2025-04-09 00:00:00+00:00,100904.43590187798
2025-04-09 04:00:00+00:00,100904.43590187798
2025-04-09 08:00:00+00:00,100904.43590187798
2025-04-09 12:00:00+00:00,100904.43590187798
2025-04-09 16:00:00+00:00,100904.43590187798
2025-04-09 20:00:00+00:00,100904.43590187798
2025-04-10 00:00:00+00:00,100904.43590187798
2025-04-10 04:00:00+00:00,100904.43590187798
2025-04-10 08:00:00+00:00,100904.43590187798
2025-04-10 12:00:00+00:00,100904.43590187798
2025-04-10 16:00:00+00:00,100904.43590187798
2025-04-10 20:00:00+00:00,100904.43590187798
2025-04-11 00:00:00+00:00,100921.13919376548
2025-04-11 04:00:00+00:00,100920.94808397688
2025-04-11 08:00:00+00:00,100930.16913127704
2025-04-11 12:00:00+00:00,100930.26468617134
2025-04-11 16:00:00+00:00,100936.4202138535
2025-04-11 20:00:00+00:00,100920.39966680686
2025-04-12 00:00:00+00:00,100909.93152748792
2025-04-12 04:00:00+00:00,100927.30367463999
2025-04-12 08:00:00+00:00,100934.17863283223
2025-04-12 12:00:00+00:00,100989.01378691113
2025-04-12 16:00:00+00:00,100939.54058630718
2025-04-12 20:00:00+00:00,100957.42570616194
2025-04-13 00:00:00+00:00,100923.0451865223
2025-04-13 04:00:00+00:00,100892.94708488951
2025-04-13 08:00:00+00:00,100884.31023869106
2025-04-13 12:00:00+00:00,100872.06274726
2025-04-13 16:00:00+00:00,100859.19114300521
2025-04-13 20:00:00+00:00,100859.2869388944
2025-04-14 00:00:00+00:00,100898.99722762848
2025-04-14 04:00:00+00:00,100919.96187664659
2025-04-14 08:00:00+00:00,100964.3113196883
2025-04-14 12:00:00+00:00,100885.35313169006
2025-04-14 16:00:00+00:00,100905.43822451412
2025-04-14 20:00:00+00:00,100866.9437001931
2025-04-15 00:00:00+00:00,100904.8764221991
2025-04-15 04:00:00+00:00,100882.3809087523
2025-04-15 08:00:00+00:00,100849.77261943222
2025-04-15 12:00:00+00:00,100811.09494671763
2025-04-15 16:00:00+00:00,100815.07949517098
2025-04-15 20:00:00+00:00,100812.75098686616
2025-04-16 00:00:00+00:00,100822.27500057762
2025-04-16 04:00:00+00:00,100820.543361721
2025-04-16 08:00:00+00:00,100827.90282686167
2025-04-16 12:00:00+00:00,100831.79901428908
2025-04-16 16:00:00+00:00,100814.04971600862
2025-04-16 20:00:00+00:00,100800.1966051556
2025-04-17 00:00:00+00:00,100798.58931441944
2025-04-17 04:00:00+00:00,100798.58931441944
2025-04-17 08:00:00+00:00,100798.58931441944
2025-04-17 12:00:00+00:00,100798.58931441944
2025-04-17 16:00:00+00:00,100798.58931441944
2025-04-17 20:00:00+00:00,100798.58931441944
2025-04-18 00:00:00+00:00,100798.58931441944
2025-04-18 04:00:00+00:00,100798.58931441944
2025-04-18 08:00:00+00:00,100798.58931441944
2025-04-18 12:00:00+00:00,100798.58931441944
2025-04-18 16:00:00+00:00,100798.58931441944
2025-04-18 20:00:00+00:00,100798.58931441944
2025-04-19 00:00:00+00:00,100798.58931441944
2025-04-19 04:00:00+00:00,100798.58931441944
2025-04-19 08:00:00+00:00,100798.58931441944
2025-04-19 12:00:00+00:00,100798.58931441944
2025-04-19 16:00:00+00:00,100798.58931441944
2025-04-19 20:00:00+00:00,100818.29105835875
2025-04-20 00:00:00+00:00,100825.60118117408
2025-04-20 04:00:00+00:00,100818.70877966248
2025-04-20 08:00:00+00:00,100807.43030446171
2025-04-20 12:00:00+00:00,100814.74042727704
2025-04-20 16:00:00+00:00,100820.37966487742
2025-04-20 20:00:00+00:00,100810.48093491138
2025-04-21 00:00:00+00:00,100829.91504782152
2025-04-21 04:00:00+00:00,100866.83910899505
2025-04-21 08:00:00+00:00,100829.14855775809
2025-04-21 12:00:00+00:00,100822.59725765622
2025-04-21 16:00:00+00:00,100770.91817892145
2025-04-21 20:00:00+00:00,100745.81012205171
2025-04-22 00:00:00+00:00,100733.8751636955
2025-04-22 04:00:00+00:00,100749.70750098684
2025-04-22 08:00:00+00:00,100764.598082248
2025-04-22 12:00:00+00:00,100801.87493200583
2025-04-22 16:00:00+00:00,100795.10908843706
2025-04-22 20:00:00+00:00,100872.20902522368
2025-04-23 00:00:00+00:00,100934.04044441407
2025-04-23 04:00:00+00:00,100988.3148201629
2025-04-23 08:00:00+00:00,100986.78881939103
2025-04-23 12:00:00+00:00,100925.2041444991
2025-04-23 16:00:00+00:00,100912.43765830337
2025-04-23 20:00:00+00:00,100936.97699395783
2025-04-24 00:00:00+00:00,100812.57620581526
2025-04-24 04:00:00+00:00,100781.99281715143
2025-04-24 08:00:00+00:00,100807.84959199026
2025-04-24 12:00:00+00:00,100957.2890935831
2025-04-24 16:00:00+00:00,100958.73960462095
2025-04-24 20:00:00+00:00,100997.19290453204
2025-04-25 00:00:00+00:00,100929.71562348698
2025-04-25 04:00:00+00:00,101055.9081695931
2025-04-25 08:00:00+00:00,101072.0168802713
2025-04-25 12:00:00+00:00,101089.53230889012
2025-04-25 16:00:00+00:00,101045.94340366944
2025-04-25 20:00:00+00:00,101025.90850326576
2025-04-26 00:00:00+00:00,101147.34500952871
2025-04-26 04:00:00+00:00,101156.5626474862
2025-04-26 08:00:00+00:00,101004.8331714034
2025-04-26 12:00:00+00:00,101073.18305478797
2025-04-26 16:00:00+00:00,101066.35904518675
2025-04-26 20:00:00+00:00,101064.39599748925
2025-04-27 00:00:00+00:00,101003.11919801547
2025-04-27 04:00:00+00:00,100938.05198861715
2025-04-27 08:00:00+00:00,100898.57432679256
2025-04-27 12:00:00+00:00,100863.29769720373
2025-04-27 16:00:00+00:00,100885.33402094127
2025-04-27 20:00:00+00:00,100863.50680853793
2025-04-28 00:00:00+00:00,100880.13396747196
2025-04-28 04:00:00+00:00,100915.38201759176
2025-04-28 08:00:00+00:00,100903.27823984083
2025-04-28 12:00:00+00:00,100858.96048901271
2025-04-28 16:00:00+00:00,100862.01863498005
2025-04-28 20:00:00+00:00,100859.59137334596
2025-04-29 00:00:00+00:00,100858.37774252892
2025-04-29 04:00:00+00:00,100858.07433482466
2025-04-29 08:00:00+00:00,100852.30958844369
2025-04-29 12:00:00+00:00,100851.03570085659
2025-04-29 16:00:00+00:00,100851.03570085659
2025-04-29 20:00:00+00:00,100851.03570085659
2025-04-30 00:00:00+00:00,100851.03570085659
2025-04-30 04:00:00+00:00,100851.03570085659
2025-04-30 08:00:00+00:00,100851.03570085659
2025-04-30 12:00:00+00:00,100851.03570085659
2025-04-30 16:00:00+00:00,100851.03570085659
2025-04-30 20:00:00+00:00,100851.03570085659
2025-05-01 00:00:00+00:00,100851.03570085659
2025-05-01 04:00:00+00:00,100851.03570085659
2025-05-01 08:00:00+00:00,100851.03570085659
2025-05-01 12:00:00+00:00,100851.03570085659
2025-05-01 16:00:00+00:00,100851.03570085659
2025-05-01 20:00:00+00:00,100851.03570085659
2025-05-02 00:00:00+00:00,100851.03570085659
2025-05-02 04:00:00+00:00,100851.03570085659
2025-05-02 08:00:00+00:00,100851.03570085659
2025-05-02 12:00:00+00:00,100851.03570085659
2025-05-02 16:00:00+00:00,100851.03570085659
2025-05-02 20:00:00+00:00,100851.03570085659
2025-05-03 00:00:00+00:00,100851.03570085659
2025-05-03 04:00:00+00:00,100851.03570085659
2025-05-03 08:00:00+00:00,100851.03570085659
2025-05-03 12:00:00+00:00,100851.03570085659
2025-05-03 16:00:00+00:00,100851.03570085659
2025-05-03 20:00:00+00:00,100851.03570085659
2025-05-04 00:00:00+00:00,100851.03570085659
2025-05-04 04:00:00+00:00,100851.03570085659
2025-05-04 08:00:00+00:00,100851.03570085659
2025-05-04 12:00:00+00:00,100851.03570085659
2025-05-04 16:00:00+00:00,100851.03570085659
2025-05-04 20:00:00+00:00,100851.03570085659
2025-05-05 00:00:00+00:00,100851.03570085659
2025-05-05 04:00:00+00:00,100851.03570085659
2025-05-05 08:00:00+00:00,100851.03570085659
2025-05-05 12:00:00+00:00,100851.03570085659
2025-05-05 16:00:00+00:00,100851.03570085659
2025-05-05 20:00:00+00:00,100851.03570085659
2025-05-06 00:00:00+00:00,100851.03570085659
2025-05-06 04:00:00+00:00,100851.03570085659
2025-05-06 08:00:00+00:00,100851.03570085659
2025-05-06 12:00:00+00:00,100851.03570085659
2025-05-06 16:00:00+00:00,100851.03570085659
2025-05-06 20:00:00+00:00,100851.03570085659
2025-05-07 00:00:00+00:00,100851.03570085659
2025-05-07 04:00:00+00:00,100851.03570085659
2025-05-07 08:00:00+00:00,100851.03570085659
2025-05-07 12:00:00+00:00,100851.03570085659
2025-05-07 16:00:00+00:00,100851.03570085659
2025-05-07 20:00:00+00:00,100851.03570085659
2025-05-08 00:00:00+00:00,100851.03570085659
2025-05-08 04:00:00+00:00,100853.34889302094
2025-05-08 08:00:00+00:00,100855.7069020285
2025-05-08 12:00:00+00:00,100873.78497108642
2025-05-08 16:00:00+00:00,100869.85495607383
2025-05-08 20:00:00+00:00,100895.79305515692
2025-05-09 00:00:00+00:00,100884.00301011914
2025-05-09 04:00:00+00:00,100902.86708217958
2025-05-09 08:00:00+00:00,100915.96713222156
2025-05-09 12:00:00+00:00,100913.08512121232
2025-05-09 16:00:00+00:00,100912.03711720897
2025-05-09 20:00:00+00:00,100993.78142947087
2025-05-10 00:00:00+00:00,100981.46738243141
2025-05-10 04:00:00+00:00,100991.63506783408
2025-05-10 08:00:00+00:00,100947.44203513657
2025-05-10 12:00:00+00:00,100958.7468536174
2025-05-10 16:00:00+00:00,100975.00792833662
2025-05-10 20:00:00+00:00,101155.0132653144
2025-05-11 00:00:00+00:00,101075.45968136682
2025-05-11 04:00:00+00:00,100897.52539495932
2025-05-11 08:00:00+00:00,100958.03805490743
2025-05-11 12:00:00+00:00,100865.46268124897
2025-05-11 16:00:00+00:00,100915.14559360233
2025-05-11 20:00:00+00:00,100910.04264081286
2025-05-12 00:00:00+00:00,100958.7724370894
2025-05-12 04:00:00+00:00,101017.79531140598
2025-05-12 08:00:00+00:00,100997.01494871371
2025-05-12 12:00:00+00:00,100935.67323298015
2025-05-12 16:00:00+00:00,100795.90019399502
2025-05-12 20:00:00+00:00,100801.66128182971
2025-05-13 00:00:00+00:00,100669.05779137713
2025-05-13 04:00:00+00:00,100675.74247975985
2025-05-13 08:00:00+00:00,100696.9485255758
2025-05-13 12:00:00+00:00,100709.53786550718
2025-05-13 16:00:00+00:00,100741.8973958971
2025-05-13 20:00:00+00:00,100738.00614257206
2025-05-14 00:00:00+00:00,100752.78415637361
2025-05-14 04:00:00+00:00,100757.4945543117
2025-05-14 08:00:00+00:00,100746.99180742423
2025-05-14 12:00:00+00:00,100746.15572636205
2025-05-14 16:00:00+00:00,100741.29024833499
2025-05-14 20:00:00+00:00,100734.98138763977
2025-05-15 00:00:00+00:00,100717.90117413193
2025-05-15 04:00:00+00:00,100679.98129395267
2025-05-15 08:00:00+00:00,100679.98129395267
2025-05-15 12:00:00+00:00,100694.8388066483
2025-05-15 16:00:00+00:00,100694.8388066483
2025-05-15 20:00:00+00:00,100694.13130604377
2025-05-16 00:00:00+00:00,100705.80506601889
2025-05-16 04:00:00+00:00,100699.79131088019
2025-05-16 08:00:00+00:00,100688.8250515096
2025-05-16 12:00:00+00:00,100691.30130362554
2025-05-16 16:00:00+00:00,100694.13130604377
2025-05-16 20:00:00+00:00,100688.47130120732
2025-05-17 00:00:00+00:00,100679.98129395267
2025-05-17 04:00:00+00:00,100678.5527959314
2025-05-17 08:00:00+00:00,100678.5527959314
2025-05-17 12:00:00+00:00,100678.5527959314
2025-05-17 16:00:00+00:00,100678.5527959314
2025-05-17 20:00:00+00:00,100678.5527959314
2025-05-18 00:00:00+00:00,100678.5527959314
2025-05-18 04:00:00+00:00,100678.5527959314
2025-05-18 08:00:00+00:00,100678.5527959314
2025-05-18 12:00:00+00:00,100678.5527959314
2025-05-18 16:00:00+00:00,100678.5527959314
2025-05-18 20:00:00+00:00,100678.5527959314
2025-05-19 00:00:00+00:00,100678.5527959314
2025-05-19 04:00:00+00:00,100678.5527959314
2025-05-19 08:00:00+00:00,100678.5527959314
2025-05-19 12:00:00+00:00,100678.5527959314
2025-05-19 16:00:00+00:00,100678.5527959314
2025-05-19 20:00:00+00:00,100678.5527959314
2025-05-20 00:00:00+00:00,100678.5527959314
2025-05-20 04:00:00+00:00,100678.5527959314
2025-05-20 08:00:00+00:00,100678.5527959314
2025-05-20 12:00:00+00:00,100678.5527959314
2025-05-20 16:00:00+00:00,100678.5527959314
2025-05-20 20:00:00+00:00,100678.5527959314
2025-05-21 00:00:00+00:00,100678.5527959314
2025-05-21 04:00:00+00:00,100678.5527959314
2025-05-21 08:00:00+00:00,100678.5527959314
2025-05-21 12:00:00+00:00,100678.5527959314
2025-05-21 16:00:00+00:00,100678.5527959314
2025-05-21 20:00:00+00:00,100678.5527959314
2025-05-22 00:00:00+00:00,100678.5527959314
2025-05-22 04:00:00+00:00,100678.5527959314
2025-05-22 08:00:00+00:00,100672.99320606465
2025-05-22 12:00:00+00:00,100683.89863506032
2025-05-22 16:00:00+00:00,100678.84904967892
2025-05-22 20:00:00+00:00,100687.4124889813
2025-05-23 00:00:00+00:00,100707.88228525879
2025-05-23 04:00:00+00:00,100631.70759225682
2025-05-23 08:00:00+00:00,100563.46997442745
2025-05-23 12:00:00+00:00,100564.15877500566
2025-05-23 16:00:00+00:00,100561.53346381141
2025-05-23 20:00:00+00:00,100528.46248138387
2025-05-24 00:00:00+00:00,100526.91013712811
2025-05-24 04:00:00+00:00,100524.26547437848
2025-05-24 08:00:00+00:00,100528.80547876537
2025-05-24 12:00:00+00:00,100532.2435403399
2025-05-24 16:00:00+00:00,100524.13324124101
2025-05-24 20:00:00+00:00,100521.57673391633
2025-05-25 00:00:00+00:00,100511.67223420399
2025-05-25 04:00:00+00:00,100511.67223420399
2025-05-25 08:00:00+00:00,100511.67223420399
2025-05-25 12:00:00+00:00,100511.67223420399
2025-05-25 16:00:00+00:00,100511.67223420399
2025-05-25 20:00:00+00:00,100511.67223420399
2025-05-26 00:00:00+00:00,100511.67223420399
2025-05-26 04:00:00+00:00,100511.67223420399
2025-05-26 08:00:00+00:00,100511.67223420399
2025-05-26 12:00:00+00:00,100511.67223420399
2025-05-26 16:00:00+00:00,100511.67223420399
2025-05-26 20:00:00+00:00,100511.67223420399
2025-05-27 00:00:00+00:00,100511.67223420399
2025-05-27 04:00:00+00:00,100511.67223420399
2025-05-27 08:00:00+00:00,100511.67223420399
2025-05-27 12:00:00+00:00,100511.67223420399
2025-05-27 16:00:00+00:00,100511.67223420399
2025-05-27 20:00:00+00:00,100511.67223420399
2025-05-28 00:00:00+00:00,100511.67223420399
2025-05-28 04:00:00+00:00,100511.67223420399
2025-05-28 08:00:00+00:00,100511.67223420399
2025-05-28 12:00:00+00:00,100502.59104023245
2025-05-28 16:00:00+00:00,100495.86521954567
2025-05-28 20:00:00+00:00,100509.03186851724
2025-05-29 00:00:00+00:00,100546.19487773572
2025-05-29 04:00:00+00:00,100526.98638984212
2025-05-29 08:00:00+00:00,100524.76344910666
2025-05-29 12:00:00+00:00,100505.83995361504
2025-05-29 16:00:00+00:00,100500.71009037936
2025-05-29 20:00:00+00:00,100492.90129856505
2025-05-30 00:00:00+00:00,100492.34053500375
2025-05-30 04:00:00+00:00,100492.34053500375
2025-05-30 08:00:00+00:00,100492.34053500375
2025-05-30 12:00:00+00:00,100492.34053500375
2025-05-30 16:00:00+00:00,100492.34053500375
2025-05-30 20:00:00+00:00,100492.34053500375
2025-05-31 00:00:00+00:00,100492.34053500375
2025-05-31 04:00:00+00:00,100492.34053500375
2025-05-31 08:00:00+00:00,100492.34053500375
2025-05-31 12:00:00+00:00,100492.34053500375
2025-05-31 16:00:00+00:00,100492.34053500375
2025-05-31 20:00:00+00:00,100492.34053500375
2025-06-01 00:00:00+00:00,100492.34053500375
2025-06-01 04:00:00+00:00,100492.34053500375
2025-06-01 08:00:00+00:00,100492.34053500375
2025-06-01 12:00:00+00:00,100492.34053500375
2025-06-01 16:00:00+00:00,100492.34053500375
2025-06-01 20:00:00+00:00,100492.34053500375
2025-06-02 00:00:00+00:00,100492.34053500375
2025-06-02 04:00:00+00:00,100492.34053500375
2025-06-02 08:00:00+00:00,100492.34053500375
2025-06-02 12:00:00+00:00,100492.34053500375
2025-06-02 16:00:00+00:00,100492.34053500375
2025-06-02 20:00:00+00:00,100492.34053500375
2025-06-03 00:00:00+00:00,100492.34053500375
2025-06-03 04:00:00+00:00,100492.34053500375
2025-06-03 08:00:00+00:00,100492.34053500375
2025-06-03 12:00:00+00:00,100492.34053500375
2025-06-03 16:00:00+00:00,100492.34053500375
2025-06-03 20:00:00+00:00,100492.34053500375
2025-06-04 00:00:00+00:00,100492.34053500375
2025-06-04 04:00:00+00:00,100492.34053500375
2025-06-04 08:00:00+00:00,100492.34053500375
2025-06-04 12:00:00+00:00,100492.34053500375
2025-06-04 16:00:00+00:00,100492.34053500375
2025-06-04 20:00:00+00:00,100492.34053500375
2025-06-05 00:00:00+00:00,100492.34053500375
2025-06-05 04:00:00+00:00,100492.34053500375
2025-06-05 08:00:00+00:00,100492.34053500375
2025-06-05 12:00:00+00:00,100492.34053500375
2025-06-05 16:00:00+00:00,100492.34053500375
2025-06-05 20:00:00+00:00,100492.34053500375
2025-06-06 00:00:00+00:00,100470.68276553923
2025-06-06 04:00:00+00:00,100468.19479230644
2025-06-06 08:00:00+00:00,100476.48803641574
2025-06-06 12:00:00+00:00,100479.80533405946
2025-06-06 16:00:00+00:00,100468.60945451191
2025-06-06 20:00:00+00:00,100474.41472538841
2025-06-07 00:00:00+00:00,100472.34141436109
2025-06-07 04:00:00+00:00,100475.24404979935
2025-06-07 08:00:00+00:00,100482.70796949773
2025-06-07 12:00:00+00:00,100486.02526714145
2025-06-07 16:00:00+00:00,100502.19709315458
2025-06-07 20:00:00+00:00,100511.73432388029
2025-06-08 00:00:00+00:00,100503.02641756552
2025-06-08 04:00:00+00:00,100507.58770182563
2025-06-08 08:00:00+00:00,100506.7583774147
2025-06-08 12:00:00+00:00,100504.27040418191
2025-06-08 16:00:00+00:00,100495.97716007261
2025-06-08 20:00:00+00:00,100489.75722699064
2025-06-09 00:00:00+00:00,100498.4651333054
2025-06-09 04:00:00+00:00,100497.221146689
2025-06-09 08:00:00+00:00,100496.39182227808
2025-06-09 12:00:00+00:00,100498.4651333054
2025-06-09 16:00:00+00:00,100508.41702623657
2025-06-09 20:00:00+00:00,100532.07572207066
2025-06-10 00:00:00+00:00,100548.44639265415
2025-06-10 04:00:00+00:00,100535.81587994807
2025-06-10 08:00:00+00:00,100659.53304678091
2025-06-10 12:00:00+00:00,100668.84276430804
2025-06-10 16:00:00+00:00,100690.72470948748
2025-06-10 20:00:00+00:00,100750.7403703666
2025-06-11 00:00:00+00:00,100683.89512749675
2025-06-11 04:00:00+00:00,100704.98255804024
2025-06-11 08:00:00+00:00,100665.38983238528
2025-06-11 12:00:00+00:00,100707.89337015359
2025-06-11 16:00:00+00:00,100598.561216748
2025-06-11 20:00:00+00:00,100583.49695661929
2025-06-12 00:00:00+00:00,100563.00736217298
2025-06-12 04:00:00+00:00,100541.51960083164
2025-06-12 08:00:00+00:00,100508.03175454211
2025-06-12 12:00:00+00:00,100496.90447607115
2025-06-12 16:00:00+00:00,100485.9038335196
2025-06-12 20:00:00+00:00,100458.22735958705
2025-06-13 00:00:00+00:00,100444.30902745356
2025-06-13 04:00:00+00:00,100444.30902745356
2025-06-13 08:00:00+00:00,100444.30902745356
2025-06-13 12:00:00+00:00,100444.30902745356
2025-06-13 16:00:00+00:00,100444.30902745356
2025-06-13 20:00:00+00:00,100444.30902745356
2025-06-14 00:00:00+00:00,100444.30902745356
2025-06-14 04:00:00+00:00,100444.30902745356
2025-06-14 08:00:00+00:00,100444.30902745356
2025-06-14 12:00:00+00:00,100444.30902745356
2025-06-14 16:00:00+00:00,100444.30902745356
2025-06-14 20:00:00+00:00,100444.30902745356
2025-06-15 00:00:00+00:00,100444.30902745356
2025-06-15 04:00:00+00:00,100444.30902745356
2025-06-15 08:00:00+00:00,100444.30902745356
2025-06-15 12:00:00+00:00,100444.30902745356
2025-06-15 16:00:00+00:00,100444.30902745356
2025-06-15 20:00:00+00:00,100444.30902745356
2025-06-16 00:00:00+00:00,100444.30902745356
2025-06-16 04:00:00+00:00,100444.30902745356
2025-06-16 08:00:00+00:00,100444.30902745356
2025-06-16 12:00:00+00:00,100444.30902745356
2025-06-16 16:00:00+00:00,100444.30902745356
2025-06-16 20:00:00+00:00,100444.30902745356
2025-06-17 00:00:00+00:00,100444.30902745356
2025-06-17 04:00:00+00:00,100444.30902745356
2025-06-17 08:00:00+00:00,100444.30902745356
2025-06-17 12:00:00+00:00,100444.30902745356
2025-06-17 16:00:00+00:00,100444.30902745356
2025-06-17 20:00:00+00:00,100444.30902745356
2025-06-18 00:00:00+00:00,100444.30902745356
2025-06-18 04:00:00+00:00,100444.30902745356
2025-06-18 08:00:00+00:00,100444.30902745356
2025-06-18 12:00:00+00:00,100444.30902745356
2025-06-18 16:00:00+00:00,100444.30902745356
2025-06-18 20:00:00+00:00,100444.30902745356
2025-06-19 00:00:00+00:00,100444.30902745356
2025-06-19 04:00:00+00:00,100444.30902745356
2025-06-19 08:00:00+00:00,100444.30902745356
2025-06-19 12:00:00+00:00,100444.30902745356
2025-06-19 16:00:00+00:00,100444.30902745356
2025-06-19 20:00:00+00:00,100444.30902745356
2025-06-20 00:00:00+00:00,100444.30902745356
2025-06-20 04:00:00+00:00,100444.30902745356
2025-06-20 08:00:00+00:00,100444.30902745356
2025-06-20 12:00:00+00:00,100444.30902745356
2025-06-20 16:00:00+00:00,100444.30902745356
2025-06-20 20:00:00+00:00,100444.30902745356
2025-06-21 00:00:00+00:00,100444.30902745356
2025-06-21 04:00:00+00:00,100444.30902745356
2025-06-21 08:00:00+00:00,100444.30902745356
2025-06-21 12:00:00+00:00,100444.30902745356
2025-06-21 16:00:00+00:00,100444.30902745356
2025-06-21 20:00:00+00:00,100444.30902745356
2025-06-22 00:00:00+00:00,100444.30902745356
2025-06-22 04:00:00+00:00,100444.30902745356
2025-06-22 08:00:00+00:00,100444.30902745356
2025-06-22 12:00:00+00:00,100444.30902745356
2025-06-22 16:00:00+00:00,100444.30902745356
2025-06-22 20:00:00+00:00,100444.30902745356
2025-06-23 00:00:00+00:00,100444.30902745356
2025-06-23 04:00:00+00:00,100444.30902745356
2025-06-23 08:00:00+00:00,100444.30902745356
2025-06-23 12:00:00+00:00,100444.30902745356
2025-06-23 16:00:00+00:00,100444.30902745356
2025-06-23 20:00:00+00:00,100444.30902745356
2025-06-24 00:00:00+00:00,100444.30902745356
2025-06-24 04:00:00+00:00,100444.30902745356
2025-06-24 08:00:00+00:00,100444.30902745356
2025-06-24 12:00:00+00:00,100444.30902745356
2025-06-24 16:00:00+00:00,100444.30902745356
2025-06-24 20:00:00+00:00,100444.30902745356
2025-06-25 00:00:00+00:00,100444.30902745356
2025-06-25 04:00:00+00:00,100444.30902745356
2025-06-25 08:00:00+00:00,100444.30902745356
2025-06-25 12:00:00+00:00,100444.30902745356
2025-06-25 16:00:00+00:00,100444.30902745356
2025-06-25 20:00:00+00:00,100444.30902745356
2025-06-26 00:00:00+00:00,100444.30902745356
2025-06-26 04:00:00+00:00,100444.30902745356
2025-06-26 08:00:00+00:00,100444.30902745356
2025-06-26 12:00:00+00:00,100444.30902745356
2025-06-26 16:00:00+00:00,100444.30902745356
2025-06-26 20:00:00+00:00,100444.30902745356
2025-06-27 00:00:00+00:00,100444.30902745356
2025-06-27 04:00:00+00:00,100444.30902745356
2025-06-27 08:00:00+00:00,100444.30902745356
2025-06-27 12:00:00+00:00,100444.30902745356
2025-06-27 16:00:00+00:00,100444.30902745356
2025-06-27 20:00:00+00:00,100444.30902745356
2025-06-28 00:00:00+00:00,100444.30902745356
2025-06-28 04:00:00+00:00,100444.30902745356
2025-06-28 08:00:00+00:00,100444.30902745356
2025-06-28 12:00:00+00:00,100444.30902745356
2025-06-28 16:00:00+00:00,100444.30902745356
2025-06-28 20:00:00+00:00,100444.30902745356
2025-06-29 00:00:00+00:00,100444.30902745356
2025-06-29 04:00:00+00:00,100444.30902745356
2025-06-29 08:00:00+00:00,100444.30902745356
2025-06-29 12:00:00+00:00,100444.30902745356
2025-06-29 16:00:00+00:00,100444.30902745356
2025-06-29 20:00:00+00:00,100444.30902745356
2025-06-30 00:00:00+00:00,100424.63092711537
2025-06-30 04:00:00+00:00,100422.52910206825
2025-06-30 08:00:00+00:00,100415.38289690802
2025-06-30 12:00:00+00:00,100405.72114357431
2025-06-30 16:00:00+00:00,100405.72114357431
2025-06-30 20:00:00+00:00,100393.42684963043
2025-07-01 00:00:00+00:00,100389.19907614776
2025-07-01 04:00:00+00:00,100371.09603616082
2025-07-01 08:00:00+00:00,100361.06771533251
2025-07-01 12:00:00+00:00,100330.80571915708
2025-07-01 16:00:00+00:00,100326.25402975058
2025-07-01 20:00:00+00:00,100326.25402975058
2025-07-02 00:00:00+00:00,100326.25402975058
2025-07-02 04:00:00+00:00,100326.25402975058
2025-07-02 08:00:00+00:00,100326.25402975058
2025-07-02 12:00:00+00:00,100319.81453744386
2025-07-02 16:00:00+00:00,100332.28656168793
2025-07-02 20:00:00+00:00,100346.54030368116
2025-07-03 00:00:00+00:00,100349.2128803049
2025-07-03 04:00:00+00:00,100344.75858593201
2025-07-03 08:00:00+00:00,100343.86772705743
2025-07-03 12:00:00+00:00,100337.63171493539
2025-07-03 16:00:00+00:00,100356.33975130151
2025-07-03 20:00:00+00:00,100367.03005779642
2025-07-04 00:00:00+00:00,100361.68490454897
2025-07-04 04:00:00+00:00,100351.88545692862
2025-07-04 08:00:00+00:00,100367.920916671
2025-07-04 12:00:00+00:00,100328.72312618962
2025-07-04 16:00:00+00:00,100333.17742056251
2025-07-04 20:00:00+00:00,100331.39570281336
2025-07-05 00:00:00+00:00,100332.28656168793
2025-07-05 04:00:00+00:00,100332.28656168793
2025-07-05 08:00:00+00:00,100341.1951504337
2025-07-05 12:00:00+00:00,100344.75858593201
2025-07-05 16:00:00+00:00,100338.52257380997
2025-07-05 20:00:00+00:00,100334.95913831166
2025-07-06 00:00:00+00:00,100334.95913831166
2025-07-06 04:00:00+00:00,100339.41343268455
2025-07-06 08:00:00+00:00,100349.2128803049
2025-07-06 12:00:00+00:00,100357.23061017608
2025-07-06 16:00:00+00:00,100358.12146905066
2025-07-06 20:00:00+00:00,100368.81177554558
2025-07-07 00:00:00+00:00,100381.28379978966
2025-07-07 04:00:00+00:00,100370.59349329473
2025-07-07 08:00:00+00:00,100371.48435216931
2025-07-07 12:00:00+00:00,100371.48435216931
2025-07-07 16:00:00+00:00,100359.01232792523
2025-07-07 20:00:00+00:00,100366.13919892185
2025-07-08 00:00:00+00:00,100370.59349329473
2025-07-08 04:00:00+00:00,100367.920916671
2025-07-08 08:00:00+00:00,100365.24834004727
2025-07-08 12:00:00+00:00,100363.46662229812
2025-07-08 16:00:00+00:00,100371.48435216931
2025-07-08 20:00:00+00:00,100376.67027273742
2025-07-09 00:00:00+00:00,100386.65338875078
2025-07-09 04:00:00+00:00,100394.03737630666
2025-07-09 08:00:00+00:00,100451.7042807154
2025-07-09 12:00:00+00:00,100536.49481221367
2025-07-09 16:00:00+00:00,100554.16678709429
2025-07-09 20:00:00+00:00,100529.79250373857
2025-07-10 00:00:00+00:00,100541.07683188023
2025-07-10 04:00:00+00:00,100578.56744237171
2025-07-10 08:00:00+00:00,100542.51124072168
2025-07-10 12:00:00+00:00,100516.57149144198
2025-07-10 16:00:00+00:00,100684.56352049428
2025-07-10 20:00:00+00:00,100987.21372505176
2025-07-11 00:00:00+00:00,101120.767465123
2025-07-11 04:00:00+00:00,101081.61416337425
2025-07-11 08:00:00+00:00,101265.7612993897
2025-07-11 12:00:00+00:00,101456.94279033873
2025-07-11 16:00:00+00:00,101710.69483706563
2025-07-11 20:00:00+00:00,101347.40327693378
2025-07-12 00:00:00+00:00,101612.45849683404
2025-07-12 04:00:00+00:00,101498.40437653882
2025-07-12 08:00:00+00:00,101583.89818122638
2025-07-12 12:00:00+00:00,101131.72665787126
2025-07-12 16:00:00+00:00,101268.91124019094
2025-07-12 20:00:00+00:00,101320.18148273841
2025-07-13 00:00:00+00:00,101449.77104251148
2025-07-13 04:00:00+00:00,101658.49370814979
2025-07-13 08:00:00+00:00,101606.00971235894
2025-07-13 12:00:00+00:00,101970.17541478197
2025-07-13 16:00:00+00:00,102012.53882608167
2025-07-13 20:00:00+00:00,101944.20519498819
2025-07-14 00:00:00+00:00,102315.47531946574
2025-07-14 04:00:00+00:00,102306.5089163565
2025-07-14 08:00:00+00:00,102099.01967413393
2025-07-14 12:00:00+00:00,102020.446271963
2025-07-14 16:00:00+00:00,101984.59897818469
2025-07-14 20:00:00+00:00,102054.4434005547
2025-07-15 00:00:00+00:00,101857.4337656851
2025-07-15 04:00:00+00:00,101852.12298112124
2025-07-15 08:00:00+00:00,101961.08429039942
2025-07-15 12:00:00+00:00,101908.63094262441
2025-07-15 16:00:00+00:00,101856.29264913293
2025-07-15 20:00:00+00:00,102025.75197823349
2025-07-16 00:00:00+00:00,102008.15254411519
2025-07-16 04:00:00+00:00,102082.39534880978
2025-07-16 08:00:00+00:00,102046.10971047921
2025-07-16 12:00:00+00:00,102101.7656835766
2025-07-16 16:00:00+00:00,102139.40562792493
2025-07-16 20:00:00+00:00,102187.560076731
2025-07-17 00:00:00+00:00,102138.88581413543
2025-07-17 04:00:00+00:00,102318.60247186225
2025-07-17 08:00:00+00:00,102341.19605879823
2025-07-17 12:00:00+00:00,102320.1526258505
2025-07-17 16:00:00+00:00,102355.80694622757
2025-07-17 20:00:00+00:00,102595.40256758346
2025-07-18 00:00:00+00:00,102682.13369312411
2025-07-18 04:00:00+00:00,102602.1882285934
2025-07-18 08:00:00+00:00,102593.82149617608
2025-07-18 12:00:00+00:00,102331.65822649738
2025-07-18 16:00:00+00:00,102302.64352657179
2025-07-18 20:00:00+00:00,102296.93591315788
2025-07-19 00:00:00+00:00,102369.83215861529
2025-07-19 04:00:00+00:00,102382.24003548753
2025-07-19 08:00:00+00:00,102225.02782319763
2025-07-19 12:00:00+00:00,102213.28237369383
2025-07-19 16:00:00+00:00,102315.9483372922
2025-07-19 20:00:00+00:00,102344.81744604064
2025-07-20 00:00:00+00:00,102390.92595844052
2025-07-20 04:00:00+00:00,102379.88207325841
2025-07-20 08:00:00+00:00,102485.63632048783
2025-07-20 12:00:00+00:00,102531.68385451537
2025-07-20 16:00:00+00:00,102469.634279239
2025-07-20 20:00:00+00:00,102412.5275550784
2025-07-21 00:00:00+00:00,102477.22961537045
2025-07-21 04:00:00+00:00,102507.37802549405
2025-07-21 08:00:00+00:00,102502.80325645418
2025-07-21 12:00:00+00:00,102518.98588921937
2025-07-21 16:00:00+00:00,102323.03392055354
2025-07-21 20:00:00+00:00,102394.70734461586
2025-07-22 00:00:00+00:00,102354.94445530034
2025-07-22 04:00:00+00:00,102226.70876074673
2025-07-22 08:00:00+00:00,102232.96654961466
2025-07-22 12:00:00+00:00,102226.98365256602
2025-07-22 16:00:00+00:00,102218.659464884
2025-07-22 20:00:00+00:00,102302.90367982684
2025-07-23 00:00:00+00:00,102290.34069231806
2025-07-23 04:00:00+00:00,102264.41738768878
2025-07-23 08:00:00+00:00,102254.41615474682
2025-07-23 12:00:00+00:00,102193.10031613776
2025-07-23 16:00:00+00:00,102177.61274006162
2025-07-23 20:00:00+00:00,102184.15193884932
2025-07-24 00:00:00+00:00,102187.3641768503
2025-07-24 04:00:00+00:00,102164.07545134322
2025-07-24 08:00:00+00:00,102177.15384891862
2025-07-24 12:00:00+00:00,102186.2169489928
2025-07-24 16:00:00+00:00,102187.24945406454
2025-07-24 20:00:00+00:00,102177.61274006162
2025-07-25 00:00:00+00:00,102161.66627284249
2025-07-25 04:00:00+00:00,102160.36402983606
2025-07-25 08:00:00+00:00,102160.36402983606
2025-07-25 12:00:00+00:00,102160.36402983606
2025-07-25 16:00:00+00:00,102160.36402983606
2025-07-25 20:00:00+00:00,102160.36402983606
2025-07-26 00:00:00+00:00,102160.36402983606
2025-07-26 04:00:00+00:00,102160.36402983606
2025-07-26 08:00:00+00:00,102160.36402983606
2025-07-26 12:00:00+00:00,102160.36402983606
2025-07-26 16:00:00+00:00,102156.77505659027
2025-07-26 20:00:00+00:00,102160.03939245081
2025-07-27 00:00:00+00:00,102166.56806417188
2025-07-27 04:00:00+00:00,102170.64848399756
2025-07-27 08:00:00+00:00,102169.01631606728
2025-07-27 12:00:00+00:00,102164.93589624162
2025-07-27 16:00:00+00:00,102164.52785425905
2025-07-27 20:00:00+00:00,102159.63135046825
2025-07-28 00:00:00+00:00,102159.40223583703
2025-07-28 04:00:00+00:00,102175.83996470767
2025-07-28 08:00:00+00:00,102196.09065792903
2025-07-28 12:00:00+00:00,102144.07490709431
2025-07-28 16:00:00+00:00,102121.54594148022
2025-07-28 20:00:00+00:00,102112.52016221428
2025-07-29 00:00:00+00:00,102116.70748854465
2025-07-29 04:00:00+00:00,102123.23616026573
2025-07-29 08:00:00+00:00,102169.34490429582
2025-07-29 12:00:00+00:00,102152.61518301057
2025-07-29 16:00:00+00:00,102150.9830150803
2025-07-29 20:00:00+00:00,102162.00014860962
2025-07-30 00:00:00+00:00,102163.22427455732
2025-07-30 04:00:00+00:00,102146.0865112895
2025-07-30 08:00:00+00:00,102127.3165800914
2025-07-30 12:00:00+00:00,102110.58685880616
2025-07-30 16:00:00+00:00,102117.52357250979
2025-07-30 20:00:00+00:00,102117.52357250979
2025-07-31 00:00:00+00:00,102115.07532061439
2025-07-31 04:00:00+00:00,102109.77077484102
2025-07-31 08:00:00+00:00,102126.90853810884
2025-07-31 12:00:00+00:00,102123.6442022483
2025-07-31 16:00:00+00:00,102118.33965647493
2025-07-31 20:00:00+00:00,102106.91448096304
2025-08-01 00:00:00+00:00,102104.9265512252
2025-08-01 04:00:00+00:00,102104.9265512252
2025-08-01 08:00:00+00:00,102104.9265512252
2025-08-01 12:00:00+00:00,102104.9265512252
2025-08-01 16:00:00+00:00,102104.9265512252
2025-08-01 20:00:00+00:00,102104.9265512252
2025-08-02 00:00:00+00:00,102104.9265512252
2025-08-02 04:00:00+00:00,102104.9265512252
2025-08-02 08:00:00+00:00,102104.9265512252
2025-08-02 12:00:00+00:00,102104.9265512252
2025-08-02 16:00:00+00:00,102104.9265512252
2025-08-02 20:00:00+00:00,102104.9265512252
2025-08-03 00:00:00+00:00,102104.9265512252
2025-08-03 04:00:00+00:00,102104.9265512252
2025-08-03 08:00:00+00:00,102104.9265512252
2025-08-03 12:00:00+00:00,102104.9265512252
2025-08-03 16:00:00+00:00,102104.9265512252
2025-08-03 20:00:00+00:00,102104.9265512252
2025-08-04 00:00:00+00:00,102104.9265512252
2025-08-04 04:00:00+00:00,102104.9265512252
2025-08-04 08:00:00+00:00,102104.9265512252
2025-08-04 12:00:00+00:00,102104.9265512252
2025-08-04 16:00:00+00:00,102104.9265512252
2025-08-04 20:00:00+00:00,102104.9265512252
2025-08-05 00:00:00+00:00,102104.9265512252
2025-08-05 04:00:00+00:00,102104.9265512252
2025-08-05 08:00:00+00:00,102104.9265512252
2025-08-05 12:00:00+00:00,102104.9265512252
2025-08-05 16:00:00+00:00,102104.9265512252
2025-08-05 20:00:00+00:00,102104.9265512252
2025-08-06 00:00:00+00:00,102104.9265512252
2025-08-06 04:00:00+00:00,102104.9265512252
2025-08-06 08:00:00+00:00,102104.9265512252
2025-08-06 12:00:00+00:00,102096.13575630616
2025-08-06 16:00:00+00:00,102104.39139081188
2025-08-06 20:00:00+00:00,102110.58311669117
2025-08-07 00:00:00+00:00,102120.3866826667
2025-08-07 04:00:00+00:00,102122.96656844976
2025-08-07 08:00:00+00:00,102115.74288825724
2025-08-07 12:00:00+00:00,102127.61036285922
2025-08-07 16:00:00+00:00,102128.12634001584
2025-08-07 20:00:00+00:00,102126.82388286611
2025-08-08 00:00:00+00:00,102117.26800341126
2025-08-08 04:00:00+00:00,102128.03311347503
2025-08-08 08:00:00+00:00,102134.12174931692
2025-08-08 12:00:00+00:00,102133.04265825104
2025-08-08 16:00:00+00:00,102151.57965072757
2025-08-08 20:00:00+00:00,102143.98158747493
2025-08-09 00:00:00+00:00,102154.77735904985
2025-08-09 04:00:00+00:00,102180.7033605867
2025-08-09 08:00:00+00:00,102189.05314064243
2025-08-09 12:00:00+00:00,102162.98777396926
2025-08-09 16:00:00+00:00,102174.27310803799
2025-08-09 20:00:00+00:00,102145.86810289502
2025-08-10 00:00:00+00:00,102161.65325276773
2025-08-10 04:00:00+00:00,102098.07506465021
2025-08-10 08:00:00+00:00,102083.09759691767
2025-08-10 12:00:00+00:00,102134.89181725499
2025-08-10 16:00:00+00:00,102132.82908547684
2025-08-10 20:00:00+00:00,102133.20411654683
2025-08-11 00:00:00+00:00,102206.47554565125
2025-08-11 04:00:00+00:00,102163.44598678124
2025-08-11 08:00:00+00:00,102055.4366723125
2025-08-11 12:00:00+00:00,102086.03475272696
2025-08-11 16:00:00+00:00,102060.01290960833
2025-08-11 20:00:00+00:00,102051.66128103464
2025-08-12 00:00:00+00:00,102067.75739198578
2025-08-12 04:00:00+00:00,102068.60446222569
2025-08-12 08:00:00+00:00,102050.60412762788
2025-08-12 12:00:00+00:00,102096.8902792119
2025-08-12 16:00:00+00:00,102113.33450603172
2025-08-12 20:00:00+00:00,102129.36703999933
2025-08-13 00:00:00+00:00,102146.70033920414
2025-08-13 04:00:00+00:00,102172.56706581615
2025-08-13 08:00:00+00:00,102189.2357348813
2025-08-13 12:00:00+00:00,102172.48972473173
2025-08-13 16:00:00+00:00,102189.19525017231
2025-08-13 20:00:00+00:00,102201.09295704255
2025-08-14 00:00:00+00:00,102224.64148053872
2025-08-14 04:00:00+00:00,102224.28358978125
2025-08-14 08:00:00+00:00,102231.5336315916
2025-08-14 12:00:00+00:00,102171.70131104962
2025-08-14 16:00:00+00:00,102139.41809221204
2025-08-14 20:00:00+00:00,102133.96209397574
2025-08-15 00:00:00+00:00,102155.18418178927
2025-08-15 04:00:00+00:00,102147.72707737394
2025-08-15 08:00:00+00:00,102151.17086758163
2025-08-15 12:00:00+00:00,102068.20134743708
2025-08-15 16:00:00+00:00,102066.53632974648
2025-08-15 20:00:00+00:00,102066.53632974648
2025-08-16 00:00:00+00:00,102066.53632974648
2025-08-16 04:00:00+00:00,102066.53632974648
2025-08-16 08:00:00+00:00,102066.53632974648
2025-08-16 12:00:00+00:00,102066.53632974648
2025-08-16 16:00:00+00:00,102066.53632974648
2025-08-16 20:00:00+00:00,102066.53632974648
2025-08-17 00:00:00+00:00,102066.53632974648
2025-08-17 04:00:00+00:00,102066.53632974648
2025-08-17 08:00:00+00:00,102066.53632974648
2025-08-17 12:00:00+00:00,102066.53632974648
2025-08-17 16:00:00+00:00,102066.53632974648
2025-08-17 20:00:00+00:00,102066.53632974648
2025-08-18 00:00:00+00:00,102066.53632974648
2025-08-18 04:00:00+00:00,102066.53632974648
2025-08-18 08:00:00+00:00,102066.53632974648
2025-08-18 12:00:00+00:00,102066.53632974648
2025-08-18 16:00:00+00:00,102066.53632974648
2025-08-18 20:00:00+00:00,102066.53632974648
2025-08-19 00:00:00+00:00,102066.53632974648
2025-08-19 04:00:00+00:00,102066.53632974648
2025-08-19 08:00:00+00:00,102066.53632974648
2025-08-19 12:00:00+00:00,102066.53632974648
2025-08-19 16:00:00+00:00,102066.53632974648
2025-08-19 20:00:00+00:00,102066.53632974648
2025-08-20 00:00:00+00:00,102066.53632974648
2025-08-20 04:00:00+00:00,102066.53632974648
2025-08-20 08:00:00+00:00,102066.53632974648
2025-08-20 12:00:00+00:00,102066.53632974648
2025-08-20 16:00:00+00:00,102066.53632974648
2025-08-20 20:00:00+00:00,102066.53632974648
2025-08-21 00:00:00+00:00,102066.53632974648
2025-08-21 04:00:00+00:00,102066.53632974648
2025-08-21 08:00:00+00:00,102066.53632974648
2025-08-21 12:00:00+00:00,102066.53632974648
2025-08-21 16:00:00+00:00,102066.53632974648
2025-08-21 20:00:00+00:00,102066.53632974648
2025-08-22 00:00:00+00:00,102066.53632974648
2025-08-22 04:00:00+00:00,102066.53632974648
2025-08-22 08:00:00+00:00,102066.53632974648
2025-08-22 12:00:00+00:00,102066.53632974648
2025-08-22 16:00:00+00:00,102090.3699608979
2025-08-22 20:00:00+00:00,102098.24846448824
2025-08-23 00:00:00+00:00,102066.59674551207
2025-08-23 04:00:00+00:00,102062.87596876764
2025-08-23 08:00:00+00:00,102065.93460844093
2025-08-23 12:00:00+00:00,102075.21659445838
2025-08-23 16:00:00+00:00,102061.34457706602
2025-08-23 20:00:00+00:00,102062.27809722605
2025-08-24 00:00:00+00:00,102069.34634435839
2025-08-24 04:00:00+00:00,102065.92355849437
2025-08-24 08:00:00+00:00,102056.34859803233
2025-08-24 12:00:00+00:00,102063.31354065373
2025-08-24 16:00:00+00:00,102063.22492128186
2025-08-24 20:00:00+00:00,102054.86453277202
2025-08-25 00:00:00+00:00,102039.10034189672
2025-08-25 04:00:00+00:00,102022.99023177692
2025-08-25 08:00:00+00:00,102021.83190509422
2025-08-25 12:00:00+00:00,102021.83190509422
2025-08-25 16:00:00+00:00,102021.83190509422
2025-08-25 20:00:00+00:00,102021.83190509422
2025-08-26 00:00:00+00:00,102021.83190509422
2025-08-26 04:00:00+00:00,102021.83190509422
2025-08-26 08:00:00+00:00,102021.83190509422
2025-08-26 12:00:00+00:00,102021.83190509422
2025-08-26 16:00:00+00:00,102021.83190509422
2025-08-26 20:00:00+00:00,102021.83190509422
2025-08-27 00:00:00+00:00,102021.83190509422
2025-08-27 04:00:00+00:00,102021.83190509422
2025-08-27 08:00:00+00:00,102021.83190509422
2025-08-27 12:00:00+00:00,102021.83190509422
2025-08-27 16:00:00+00:00,102021.83190509422
2025-08-27 20:00:00+00:00,102021.83190509422
2025-08-28 00:00:00+00:00,102021.83190509422
2025-08-28 04:00:00+00:00,102021.83190509422
2025-08-28 08:00:00+00:00,102021.83190509422
2025-08-28 12:00:00+00:00,102021.83190509422
2025-08-28 16:00:00+00:00,102021.83190509422
2025-08-28 20:00:00+00:00,102021.83190509422
2025-08-29 00:00:00+00:00,102021.83190509422
2025-08-29 04:00:00+00:00,102021.83190509422
2025-08-29 08:00:00+00:00,102021.83190509422
2025-08-29 12:00:00+00:00,102021.83190509422
2025-08-29 16:00:00+00:00,102021.83190509422
2025-08-29 20:00:00+00:00,102021.83190509422
2025-08-30 00:00:00+00:00,102021.83190509422
2025-08-30 04:00:00+00:00,102021.83190509422
2025-08-30 08:00:00+00:00,102021.83190509422
2025-08-30 12:00:00+00:00,102021.83190509422
2025-08-30 16:00:00+00:00,102021.83190509422
2025-08-30 20:00:00+00:00,102021.83190509422
2025-08-31 00:00:00+00:00,102021.83190509422
2025-08-31 04:00:00+00:00,102021.83190509422
2025-08-31 08:00:00+00:00,102021.83190509422
2025-08-31 12:00:00+00:00,102021.83190509422
2025-08-31 16:00:00+00:00,102021.83190509422
2025-08-31 20:00:00+00:00,102021.83190509422
2025-09-01 00:00:00+00:00,102021.83190509422
2025-09-01 04:00:00+00:00,102021.83190509422
2025-09-01 08:00:00+00:00,102021.83190509422
2025-09-01 12:00:00+00:00,102021.83190509422
2025-09-01 16:00:00+00:00,102021.83190509422
2025-09-01 20:00:00+00:00,102021.83190509422
2025-09-02 00:00:00+00:00,102021.83190509422
2025-09-02 04:00:00+00:00,102021.83190509422
2025-09-02 08:00:00+00:00,102021.83190509422
2025-09-02 12:00:00+00:00,102021.83190509422
2025-09-02 16:00:00+00:00,102021.83190509422
2025-09-02 20:00:00+00:00,102021.83190509422
2025-09-03 00:00:00+00:00,102021.83190509422
2025-09-03 04:00:00+00:00,102021.83190509422
2025-09-03 08:00:00+00:00,102021.83190509422
2025-09-03 12:00:00+00:00,102021.83190509422
2025-09-03 16:00:00+00:00,102021.83190509422
2025-09-03 20:00:00+00:00,102021.83190509422
2025-09-04 00:00:00+00:00,102021.83190509422
2025-09-04 04:00:00+00:00,102021.83190509422
2025-09-04 08:00:00+00:00,102021.83190509422
2025-09-04 12:00:00+00:00,102021.83190509422
2025-09-04 16:00:00+00:00,102021.83190509422
2025-09-04 20:00:00+00:00,102021.83190509422
2025-09-05 00:00:00+00:00,102021.83190509422
2025-09-05 04:00:00+00:00,102021.83190509422
2025-09-05 08:00:00+00:00,102021.83190509422
2025-09-05 12:00:00+00:00,102021.83190509422
2025-09-05 16:00:00+00:00,102021.83190509422
2025-09-05 20:00:00+00:00,102021.83190509422
2025-09-06 00:00:00+00:00,102021.83190509422
2025-09-06 04:00:00+00:00,102021.83190509422
2025-09-06 08:00:00+00:00,102021.83190509422
2025-09-06 12:00:00+00:00,102021.83190509422
2025-09-06 16:00:00+00:00,102021.83190509422
2025-09-06 20:00:00+00:00,102021.83190509422
2025-09-07 00:00:00+00:00,102021.83190509422
2025-09-07 04:00:00+00:00,102021.83190509422
2025-09-07 08:00:00+00:00,102021.83190509422
2025-09-07 12:00:00+00:00,102021.3681831798
2025-09-07 16:00:00+00:00,102022.68784439955
2025-09-07 20:00:00+00:00,102033.24513415767
2025-09-08 00:00:00+00:00,102037.86394842684
2025-09-08 04:00:00+00:00,102019.60863488678
2025-09-08 08:00:00+00:00,102029.94598110825
2025-09-08 12:00:00+00:00,102033.02519062105
2025-09-08 16:00:00+00:00,102004.83628316691
2025-09-08 20:00:00+00:00,102009.41549386231
2025-09-09 00:00:00+00:00,101997.75220714886
2025-09-09 04:00:00+00:00,102051.5984863589
2025-09-09 08:00:00+00:00,102042.14334295037
2025-09-09 12:00:00+00:00,101946.49975267916
2025-09-09 16:00:00+00:00,101967.14799872432
2025-09-09 20:00:00+00:00,101984.27674804178
2025-09-10 00:00:00+00:00,102015.60985871228
2025-09-10 04:00:00+00:00,102040.66244539958
2025-09-10 08:00:00+00:00,102021.70685466628
2025-09-10 12:00:00+00:00,102164.83285731914
2025-09-10 16:00:00+00:00,102098.77852975483
2025-09-10 20:00:00+00:00,102190.52712836971
2025-09-11 00:00:00+00:00,102217.40331115933
2025-09-11 04:00:00+00:00,102208.57812798246
2025-09-11 08:00:00+00:00,102198.89511935429
2025-09-11 12:00:00+00:00,102139.44852065083
2025-09-11 16:00:00+00:00,102213.68757506354
2025-09-11 20:00:00+00:00,102283.20395192692
2025-09-12 00:00:00+00:00,102267.94950547133
2025-09-12 04:00:00+00:00,102271.13693447933
2025-09-12 08:00:00+00:00,102182.11419250803
2025-09-12 12:00:00+00:00,102221.4496908752
2025-09-12 16:00:00+00:00,102414.36130369394
2025-09-12 20:00:00+00:00,102465.72558924081
2025-09-13 00:00:00+00:00,102560.89971162155
2025-09-13 04:00:00+00:00,102564.57392764385
2025-09-13 08:00:00+00:00,102717.90692666285
2025-09-13 12:00:00+00:00,102617.81894771758
2025-09-13 16:00:00+00:00,102576.25685368704
2025-09-13 20:00:00+00:00,102628.99496355867
2025-09-14 00:00:00+00:00,102474.82309218004
2025-09-14 04:00:00+00:00,102499.02241961865
2025-09-14 08:00:00+00:00,102389.6410022766
2025-09-14 12:00:00+00:00,102261.98762261693
2025-09-14 16:00:00+00:00,102267.90176165332
2025-09-14 20:00:00+00:00,102264.20094344066
2025-09-15 00:00:00+00:00,102294.40473126622
2025-09-15 04:00:00+00:00,102240.72928367446
2025-09-15 08:00:00+00:00,102201.29473400542
2025-09-15 12:00:00+00:00,102201.29473400542
2025-09-15 16:00:00+00:00,102201.29473400542
2025-09-15 20:00:00+00:00,102201.29473400542
2025-09-16 00:00:00+00:00,102201.29473400542
2025-09-16 04:00:00+00:00,102201.29473400542
2025-09-16 08:00:00+00:00,102201.29473400542
2025-09-16 12:00:00+00:00,102201.29473400542
2025-09-16 16:00:00+00:00,102201.29473400542
2025-09-16 20:00:00+00:00,102201.29473400542
2025-09-17 00:00:00+00:00,102201.29473400542
2025-09-17 04:00:00+00:00,102201.29473400542
2025-09-17 08:00:00+00:00,102201.29473400542
2025-09-17 12:00:00+00:00,102201.29473400542
2025-09-17 16:00:00+00:00,102201.29473400542
2025-09-17 20:00:00+00:00,102201.29473400542
2025-09-18 00:00:00+00:00,102217.51221165141
2025-09-18 04:00:00+00:00,102215.92574544366
2025-09-18 08:00:00+00:00,102206.97286524049
2025-09-18 12:00:00+00:00,102214.06485359569
2025-09-18 16:00:00+00:00,102233.03485463493
2025-09-18 20:00:00+00:00,102233.1730173816
2025-09-19 00:00:00+00:00,102230.5781589689
2025-09-19 04:00:00+00:00,102236.22827092453
2025-09-19 08:00:00+00:00,102218.87601571062
2025-09-19 12:00:00+00:00,102215.0401930335
2025-09-19 16:00:00+00:00,102207.87120832391
2025-09-19 20:00:00+00:00,102205.14819381566
2025-09-20 00:00:00+00:00,102203.87902084946
2025-09-20 04:00:00+00:00,102208.32112623117
2025-09-20 08:00:00+00:00,102194.67751684449
2025-09-20 12:00:00+00:00,102203.08578774557
2025-09-20 16:00:00+00:00,102197.53315601844
2025-09-20 20:00:00+00:00,102196.26398305224
2025-09-21 00:00:00+00:00,102198.00909588077
2025-09-21 04:00:00+00:00,102192.93240401596
2025-09-21 08:00:00+00:00,102191.3459378082
2025-09-21 12:00:00+00:00,102194.20157698216
2025-09-21 16:00:00+00:00,102196.89856953533
2025-09-21 20:00:00+00:00,102194.04293036138
2025-09-22 00:00:00+00:00,102184.3705085502
2025-09-22 04:00:00+00:00,102184.3705085502
2025-09-22 08:00:00+00:00,102184.3705085502
2025-09-22 12:00:00+00:00,102184.3705085502
2025-09-22 16:00:00+00:00,102184.3705085502
2025-09-22 20:00:00+00:00,102184.3705085502
2025-09-23 00:00:00+00:00,102184.3705085502
2025-09-23 04:00:00+00:00,102184.3705085502
2025-09-23 08:00:00+00:00,102184.3705085502
2025-09-23 12:00:00+00:00,102184.3705085502
2025-09-23 16:00:00+00:00,102184.3705085502
2025-09-23 20:00:00+00:00,102184.3705085502
2025-09-24 00:00:00+00:00,102184.3705085502
2025-09-24 04:00:00+00:00,102184.3705085502
2025-09-24 08:00:00+00:00,102184.3705085502
2025-09-24 12:00:00+00:00,102184.3705085502
2025-09-24 16:00:00+00:00,102184.3705085502
2025-09-24 20:00:00+00:00,102184.3705085502
2025-09-25 00:00:00+00:00,102184.3705085502
2025-09-25 04:00:00+00:00,102184.3705085502
2025-09-25 08:00:00+00:00,102184.3705085502
2025-09-25 12:00:00+00:00,102184.3705085502
2025-09-25 16:00:00+00:00,102184.3705085502
2025-09-25 20:00:00+00:00,102184.3705085502
2025-09-26 00:00:00+00:00,102184.3705085502
2025-09-26 04:00:00+00:00,102184.3705085502
2025-09-26 08:00:00+00:00,102184.3705085502
2025-09-26 12:00:00+00:00,102184.3705085502
2025-09-26 16:00:00+00:00,102184.3705085502
2025-09-26 20:00:00+00:00,102184.3705085502
2025-09-27 00:00:00+00:00,102184.3705085502
2025-09-27 04:00:00+00:00,102184.3705085502
2025-09-27 08:00:00+00:00,102184.3705085502
2025-09-27 12:00:00+00:00,102184.3705085502
2025-09-27 16:00:00+00:00,102184.3705085502
2025-09-27 20:00:00+00:00,102184.3705085502
2025-09-28 00:00:00+00:00,102184.3705085502
2025-09-28 04:00:00+00:00,102184.3705085502
2025-09-28 08:00:00+00:00,102184.3705085502
2025-09-28 12:00:00+00:00,102184.3705085502
2025-09-28 16:00:00+00:00,102184.3705085502
2025-09-28 20:00:00+00:00,102184.3705085502
2025-09-29 00:00:00+00:00,102184.3705085502
2025-09-29 04:00:00+00:00,102184.3705085502
2025-09-29 08:00:00+00:00,102184.3705085502
2025-09-29 12:00:00+00:00,102184.3705085502
2025-09-29 16:00:00+00:00,102184.3705085502
2025-09-29 20:00:00+00:00,102184.3705085502
2025-09-30 00:00:00+00:00,102184.3705085502
2025-09-30 04:00:00+00:00,102184.3705085502
2025-09-30 08:00:00+00:00,102184.3705085502
2025-09-30 12:00:00+00:00,102184.3705085502
2025-09-30 16:00:00+00:00,102184.3705085502
2025-09-30 20:00:00+00:00,102184.3705085502
2025-10-01 00:00:00+00:00,102184.3705085502
2025-10-01 04:00:00+00:00,102184.3705085502
2025-10-01 08:00:00+00:00,102184.3705085502
2025-10-01 12:00:00+00:00,102184.3705085502
2025-10-01 16:00:00+00:00,102187.37955976024
2025-10-01 20:00:00+00:00,102188.31624110916
2025-10-02 00:00:00+00:00,102192.37519362116
2025-10-02 04:00:00+00:00,102188.31624110916
2025-10-02 08:00:00+00:00,102183.00838013194
2025-10-02 12:00:00+00:00,102177.21240759265
2025-10-02 16:00:00+00:00,102205.44205721295
2025-10-02 20:00:00+00:00,102204.60429630852
2025-10-03 00:00:00+00:00,102182.06336651815
2025-10-03 04:00:00+00:00,102177.50175746351
2025-10-03 08:00:00+00:00,102171.95215397202
2025-10-03 12:00:00+00:00,102200.68816586629
2025-10-03 16:00:00+00:00,102201.86171056157
2025-10-03 20:00:00+00:00,102190.89873046671
2025-10-04 00:00:00+00:00,102161.81636389082
2025-10-04 04:00:00+00:00,102152.03219154486
2025-10-04 08:00:00+00:00,102126.01877307474
2025-10-04 12:00:00+00:00,102116.10224761323
2025-10-04 16:00:00+00:00,102121.47973824333
2025-10-04 20:00:00+00:00,102130.37328043926
2025-10-05 00:00:00+00:00,102140.30095544866
2025-10-05 04:00:00+00:00,102171.53176641576
2025-10-05 08:00:00+00:00,102151.46958983425
2025-10-05 12:00:00+00:00,102145.05796639068
2025-10-05 16:00:00+00:00,102128.0981882496
2025-10-05 20:00:00+00:00,102129.54597418847
2025-10-06 00:00:00+00:00,102131.82106637814
2025-10-06 04:00:00+00:00,102128.51184137499
2025-10-06 08:00:00+00:00,102134.71663825588
2025-10-06 12:00:00+00:00,102151.05593670886
2025-10-06 16:00:00+00:00,102153.9515085866
2025-10-06 20:00:00+00:00,102148.7808445192
2025-10-07 00:00:00+00:00,102142.98970076372
2025-10-07 04:00:00+00:00,102138.23268982171
2025-10-07 08:00:00+00:00,102178.36347726214
2025-10-07 12:00:00+00:00,102139.17137898605
2025-10-07 16:00:00+00:00,102147.65244768625
2025-10-07 20:00:00+00:00,102151.9087953671
2025-10-08 00:00:00+00:00,102135.40815983726
2025-10-08 04:00:00+00:00,102156.3983675784
2025-10-08 08:00:00+00:00,102157.09804116977
2025-10-08 12:00:00+00:00,102145.3785085143
2025-10-08 16:00:00+00:00,102158.4390822199
2025-10-08 20:00:00+00:00,102153.133224152
2025-10-09 00:00:00+00:00,102136.92411928524
2025-10-09 04:00:00+00:00,102154.59087746736
2025-10-09 08:00:00+00:00,102138.44007873321
2025-10-09 12:00:00+00:00,102116.5757792638
2025-10-09 16:00:00+00:00,102116.5757792638
2025-10-09 20:00:00+00:00,102116.5757792638
2025-10-10 00:00:00+00:00,102116.5757792638
2025-10-10 04:00:00+00:00,102116.5757792638
2025-10-10 08:00:00+00:00,102116.5757792638
2025-10-10 12:00:00+00:00,102116.5757792638
2025-10-10 16:00:00+00:00,102116.5757792638
2025-10-10 20:00:00+00:00,102116.5757792638
2025-10-11 00:00:00+00:00,102116.5757792638
2025-10-11 04:00:00+00:00,102116.5757792638
2025-10-11 08:00:00+00:00,102116.5757792638
2025-10-11 12:00:00+00:00,102116.5757792638
2025-10-11 16:00:00+00:00,102116.5757792638
2025-10-11 20:00:00+00:00,102116.5757792638
2025-10-12 00:00:00+00:00,102116.5757792638
2025-10-12 04:00:00+00:00,102116.5757792638
2025-10-12 08:00:00+00:00,102116.5757792638
2025-10-12 12:00:00+00:00,102116.5757792638
2025-10-12 16:00:00+00:00,102116.5757792638
2025-10-12 20:00:00+00:00,102116.5757792638
2025-10-13 00:00:00+00:00,102116.5757792638
2025-10-13 04:00:00+00:00,102116.5757792638
2025-10-13 08:00:00+00:00,102116.5757792638
2025-10-13 12:00:00+00:00,102116.5757792638
2025-10-13 16:00:00+00:00,102116.5757792638
2025-10-13 20:00:00+00:00,102116.5757792638
2025-10-14 00:00:00+00:00,102116.5757792638
2025-10-14 04:00:00+00:00,102116.5757792638
2025-10-14 08:00:00+00:00,102116.5757792638
2025-10-14 12:00:00+00:00,102116.5757792638
2025-10-14 16:00:00+00:00,102116.5757792638
2025-10-14 20:00:00+00:00,102116.5757792638
2025-10-15 00:00:00+00:00,102116.5757792638
2025-10-15 04:00:00+00:00,102116.5757792638
2025-10-15 08:00:00+00:00,102116.5757792638
2025-10-15 12:00:00+00:00,102116.5757792638
2025-10-15 16:00:00+00:00,102116.5757792638
2025-10-15 20:00:00+00:00,102116.5757792638
2025-10-16 00:00:00+00:00,102116.5757792638
2025-10-16 04:00:00+00:00,102116.5757792638
2025-10-16 08:00:00+00:00,102116.5757792638
2025-10-16 12:00:00+00:00,102116.5757792638
2025-10-16 16:00:00+00:00,102116.5757792638
2025-10-16 20:00:00+00:00,102116.5757792638
2025-10-17 00:00:00+00:00,102116.5757792638
2025-10-17 04:00:00+00:00,102116.5757792638
2025-10-17 08:00:00+00:00,102116.5757792638
2025-10-17 12:00:00+00:00,102116.5757792638
2025-10-17 16:00:00+00:00,102116.5757792638
2025-10-17 20:00:00+00:00,102116.5757792638
2025-10-18 00:00:00+00:00,102116.5757792638
2025-10-18 04:00:00+00:00,102116.5757792638
2025-10-18 08:00:00+00:00,102116.5757792638
2025-10-18 12:00:00+00:00,102116.5757792638
2025-10-18 16:00:00+00:00,102116.5757792638
2025-10-18 20:00:00+00:00,102116.5757792638
2025-10-19 00:00:00+00:00,102116.5757792638
2025-10-19 04:00:00+00:00,102116.5757792638
2025-10-19 08:00:00+00:00,102116.5757792638
2025-10-19 12:00:00+00:00,102116.5757792638
2025-10-19 16:00:00+00:00,102116.5757792638
2025-10-19 20:00:00+00:00,102116.5757792638
2025-10-20 00:00:00+00:00,102116.5757792638
2025-10-20 04:00:00+00:00,102116.5757792638
2025-10-20 08:00:00+00:00,102116.5757792638
2025-10-20 12:00:00+00:00,102116.5757792638
2025-10-20 16:00:00+00:00,102116.5757792638
2025-10-20 20:00:00+00:00,102116.5757792638
2025-10-21 00:00:00+00:00,102116.5757792638
2025-10-21 04:00:00+00:00,102116.5757792638
2025-10-21 08:00:00+00:00,102116.5757792638
2025-10-21 12:00:00+00:00,102116.5757792638
2025-10-21 16:00:00+00:00,102103.89005230727
2025-10-21 20:00:00+00:00,102058.24429773049
2025-10-22 00:00:00+00:00,102058.56748527836
2025-10-22 04:00:00+00:00,102052.42692186881
2025-10-22 08:00:00+00:00,102051.68012286791
2025-10-22 12:00:00+00:00,102051.68012286791
2025-10-22 16:00:00+00:00,102051.68012286791
2025-10-22 20:00:00+00:00,102051.68012286791
2025-10-23 00:00:00+00:00,102051.68012286791
2025-10-23 04:00:00+00:00,102051.68012286791
2025-10-23 08:00:00+00:00,102051.68012286791
2025-10-23 12:00:00+00:00,102051.68012286791
2025-10-23 16:00:00+00:00,102051.68012286791
2025-10-23 20:00:00+00:00,102051.68012286791
2025-10-24 00:00:00+00:00,102051.68012286791
2025-10-24 04:00:00+00:00,102051.68012286791
2025-10-24 08:00:00+00:00,102051.68012286791
2025-10-24 12:00:00+00:00,102051.68012286791
2025-10-24 16:00:00+00:00,102051.68012286791
2025-10-24 20:00:00+00:00,102051.68012286791
2025-10-25 00:00:00+00:00,102051.68012286791
2025-10-25 04:00:00+00:00,102051.68012286791
2025-10-25 08:00:00+00:00,102051.68012286791
2025-10-25 12:00:00+00:00,102051.68012286791
2025-10-25 16:00:00+00:00,102051.68012286791
2025-10-25 20:00:00+00:00,102051.68012286791
2025-10-26 00:00:00+00:00,102051.68012286791
2025-10-26 04:00:00+00:00,102051.68012286791
2025-10-26 08:00:00+00:00,102051.68012286791
2025-10-26 12:00:00+00:00,102051.68012286791
2025-10-26 16:00:00+00:00,102051.68012286791
2025-10-26 20:00:00+00:00,102051.68012286791
2025-10-27 00:00:00+00:00,102066.09034087362
2025-10-27 04:00:00+00:00,102061.44395340554
2025-10-27 08:00:00+00:00,102048.2791889127
2025-10-27 12:00:00+00:00,102044.79439831164
2025-10-27 16:00:00+00:00,102047.89198995702
2025-10-27 20:00:00+00:00,102037.43761815387
2025-10-28 00:00:00+00:00,102038.21201606521
2025-10-28 04:00:00+00:00,102041.30960771059
2025-10-28 08:00:00+00:00,102044.40719935598
2025-10-28 12:00:00+00:00,102044.79439831164
2025-10-28 16:00:00+00:00,102029.30644008475
2025-10-28 20:00:00+00:00,102028.2613513835
2025-10-29 00:00:00+00:00,102028.2613513835
2025-10-29 04:00:00+00:00,102028.2613513835
2025-10-29 08:00:00+00:00,102028.2613513835
2025-10-29 12:00:00+00:00,102028.2613513835
2025-10-29 16:00:00+00:00,102028.2613513835
2025-10-29 20:00:00+00:00,102028.2613513835
2025-10-30 00:00:00+00:00,102028.2613513835
2025-10-30 04:00:00+00:00,102028.2613513835
2025-10-30 08:00:00+00:00,102028.2613513835
2025-10-30 12:00:00+00:00,102028.2613513835
2025-10-30 16:00:00+00:00,102028.2613513835
2025-10-30 20:00:00+00:00,102028.2613513835
2025-10-31 00:00:00+00:00,102028.2613513835
2025-10-31 04:00:00+00:00,102028.2613513835
2025-10-31 08:00:00+00:00,102028.2613513835
2025-10-31 12:00:00+00:00,102028.2613513835
2025-10-31 16:00:00+00:00,102028.2613513835
2025-10-31 20:00:00+00:00,102028.2613513835
2025-11-01 00:00:00+00:00,102028.2613513835
2025-11-01 04:00:00+00:00,102028.2613513835
2025-11-01 08:00:00+00:00,102028.2613513835
2025-11-01 12:00:00+00:00,102028.2613513835
2025-11-01 16:00:00+00:00,102028.2613513835
2025-11-01 20:00:00+00:00,102028.2613513835
2025-11-02 00:00:00+00:00,102028.2613513835
2025-11-02 04:00:00+00:00,102028.2613513835
2025-11-02 08:00:00+00:00,102028.2613513835
2025-11-02 12:00:00+00:00,102028.2613513835
2025-11-02 16:00:00+00:00,102028.2613513835
2025-11-02 20:00:00+00:00,102028.2613513835
2025-11-03 00:00:00+00:00,102028.2613513835
2025-11-03 04:00:00+00:00,102028.2613513835
2025-11-03 08:00:00+00:00,102028.2613513835
2025-11-03 12:00:00+00:00,102028.2613513835
2025-11-03 16:00:00+00:00,102028.2613513835
2025-11-03 20:00:00+00:00,102028.2613513835
2025-11-04 00:00:00+00:00,102028.2613513835
2025-11-04 04:00:00+00:00,102028.2613513835
2025-11-04 08:00:00+00:00,102028.2613513835
2025-11-04 12:00:00+00:00,102028.2613513835
2025-11-04 16:00:00+00:00,102028.2613513835
2025-11-04 20:00:00+00:00,102028.2613513835
2025-11-05 00:00:00+00:00,102028.2613513835
2025-11-05 04:00:00+00:00,102028.2613513835
2025-11-05 08:00:00+00:00,102028.2613513835
2025-11-05 12:00:00+00:00,102028.2613513835
2025-11-05 16:00:00+00:00,102028.2613513835
2025-11-05 20:00:00+00:00,102028.2613513835
2025-11-06 00:00:00+00:00,102028.2613513835
2025-11-06 04:00:00+00:00,102028.2613513835
2025-11-06 08:00:00+00:00,102028.2613513835
2025-11-06 12:00:00+00:00,102028.2613513835
2025-11-06 16:00:00+00:00,102028.2613513835
2025-11-06 20:00:00+00:00,102028.2613513835
2025-11-07 00:00:00+00:00,102028.2613513835
2025-11-07 04:00:00+00:00,102028.2613513835
2025-11-07 08:00:00+00:00,102028.2613513835
2025-11-07 12:00:00+00:00,102028.2613513835
2025-11-07 16:00:00+00:00,102028.2613513835
2025-11-07 20:00:00+00:00,102028.2613513835
2025-11-08 00:00:00+00:00,102028.2613513835
2025-11-08 04:00:00+00:00,102028.2613513835
2025-11-08 08:00:00+00:00,102028.2613513835
2025-11-08 12:00:00+00:00,102028.2613513835
2025-11-08 16:00:00+00:00,102028.2613513835
2025-11-08 20:00:00+00:00,102028.2613513835
2025-11-09 00:00:00+00:00,102028.2613513835
2025-11-09 04:00:00+00:00,102028.2613513835
2025-11-09 08:00:00+00:00,102028.2613513835
2025-11-09 12:00:00+00:00,102036.3499884912
2025-11-09 16:00:00+00:00,102051.90683918816
2025-11-09 20:00:00+00:00,102039.75108135612
2025-11-10 00:00:00+00:00,102048.37977992084
2025-11-10 04:00:00+00:00,102050.0803263533
2025-11-10 08:00:00+00:00,102075.39957323662
2025-11-10 12:00:00+00:00,102064.81839543463
2025-11-10 16:00:00+00:00,102076.78520366306
2025-11-10 20:00:00+00:00,102214.27753188767
2025-11-11 00:00:00+00:00,102212.61237267978
2025-11-11 04:00:00+00:00,102135.90184323528
2025-11-11 08:00:00+00:00,102162.81637570463
2025-11-11 12:00:00+00:00,102183.68678427527
2025-11-11 16:00:00+00:00,102149.68544864003
2025-11-11 20:00:00+00:00,102106.19860460413
2025-11-12 00:00:00+00:00,102154.63164169453
2025-11-12 04:00:00+00:00,102125.60098853863
2025-11-12 08:00:00+00:00,102152.90661357444
2025-11-12 12:00:00+00:00,102078.48501788086
2025-11-12 16:00:00+00:00,102066.67326034082
2025-11-12 20:00:00+00:00,102067.91660323978
2025-11-13 00:00:00+00:00,102070.40328903767
2025-11-13 04:00:00+00:00,102096.51348991564
2025-11-13 08:00:00+00:00,102092.78346121879
2025-11-13 12:00:00+00:00,102082.83671802717
2025-11-13 16:00:00+00:00,102048.17722944575
2025-11-13 20:00:00+00:00,102048.17722944575
2025-11-14 00:00:00+00:00,102048.17722944575
2025-11-14 04:00:00+00:00,102048.17722944575
2025-11-14 08:00:00+00:00,102048.17722944575
2025-11-14 12:00:00+00:00,102048.17722944575
2025-11-14 16:00:00+00:00,102048.17722944575
2025-11-14 20:00:00+00:00,102048.17722944575
2025-11-15 00:00:00+00:00,102048.17722944575
2025-11-15 04:00:00+00:00,102048.17722944575
2025-11-15 08:00:00+00:00,102048.17722944575
2025-11-15 12:00:00+00:00,102048.17722944575
2025-11-15 16:00:00+00:00,102048.17722944575
2025-11-15 20:00:00+00:00,102048.17722944575
2025-11-16 00:00:00+00:00,102048.17722944575
2025-11-16 04:00:00+00:00,102048.17722944575
2025-11-16 08:00:00+00:00,102048.17722944575
2025-11-16 12:00:00+00:00,102048.17722944575
2025-11-16 16:00:00+00:00,102048.17722944575
2025-11-16 20:00:00+00:00,102048.17722944575
2025-11-17 00:00:00+00:00,102048.17722944575
2025-11-17 04:00:00+00:00,102048.17722944575
2025-11-17 08:00:00+00:00,102048.17722944575
2025-11-17 12:00:00+00:00,102048.17722944575
2025-11-17 16:00:00+00:00,102048.17722944575
2025-11-17 20:00:00+00:00,102048.17722944575
2025-11-18 00:00:00+00:00,102048.17722944575
2025-11-18 04:00:00+00:00,102048.17722944575
2025-11-18 08:00:00+00:00,102048.17722944575
2025-11-18 12:00:00+00:00,102048.17722944575
2025-11-18 16:00:00+00:00,102048.17722944575
2025-11-18 20:00:00+00:00,102048.17722944575
2025-11-19 00:00:00+00:00,102048.17722944575
2025-11-19 04:00:00+00:00,102048.17722944575
2025-11-19 08:00:00+00:00,102048.17722944575
2025-11-19 12:00:00+00:00,102048.17722944575
2025-11-19 16:00:00+00:00,102048.17722944575
2025-11-19 20:00:00+00:00,102048.17722944575
2025-11-20 00:00:00+00:00,102048.17722944575
2025-11-20 04:00:00+00:00,102048.17722944575
2025-11-20 08:00:00+00:00,102048.17722944575
2025-11-20 12:00:00+00:00,102048.17722944575
2025-11-20 16:00:00+00:00,102048.17722944575
2025-11-20 20:00:00+00:00,102048.17722944575
2025-11-21 00:00:00+00:00,102048.17722944575
2025-11-21 04:00:00+00:00,102048.17722944575
2025-11-21 08:00:00+00:00,102048.17722944575
2025-11-21 12:00:00+00:00,102048.17722944575
2025-11-21 16:00:00+00:00,102048.17722944575
2025-11-21 20:00:00+00:00,102048.17722944575
2025-11-22 00:00:00+00:00,102048.17722944575
2025-11-22 04:00:00+00:00,102048.17722944575
2025-11-22 08:00:00+00:00,102048.17722944575
2025-11-22 12:00:00+00:00,102048.17722944575
2025-11-22 16:00:00+00:00,102048.17722944575
2025-11-22 20:00:00+00:00,102048.17722944575
2025-11-23 00:00:00+00:00,102048.17722944575
2025-11-23 04:00:00+00:00,102048.17722944575
2025-11-23 08:00:00+00:00,102048.17722944575
2025-11-23 12:00:00+00:00,102048.17722944575
2025-11-23 16:00:00+00:00,102048.17722944575
2025-11-23 20:00:00+00:00,102048.17722944575
2025-11-24 00:00:00+00:00,102048.17722944575
2025-11-24 04:00:00+00:00,102048.17722944575
2025-11-24 08:00:00+00:00,102048.17722944575
2025-11-24 12:00:00+00:00,102048.17722944575
2025-11-24 16:00:00+00:00,102048.17722944575
2025-11-24 20:00:00+00:00,102048.17722944575
2025-11-25 00:00:00+00:00,102048.17722944575
2025-11-25 04:00:00+00:00,102048.17722944575
2025-11-25 08:00:00+00:00,102048.17722944575
2025-11-25 12:00:00+00:00,102048.17722944575
2025-11-25 16:00:00+00:00,102048.17722944575
2025-11-25 20:00:00+00:00,102048.17722944575
2025-11-26 00:00:00+00:00,102048.17722944575
2025-11-26 04:00:00+00:00,102048.17722944575
2025-11-26 08:00:00+00:00,102048.17722944575
2025-11-26 12:00:00+00:00,102048.17722944575
2025-11-26 16:00:00+00:00,102048.17722944575
2025-11-26 20:00:00+00:00,102073.179384161
2025-11-27 00:00:00+00:00,102063.37198649152
2025-11-27 04:00:00+00:00,102064.98464925453
2025-11-27 08:00:00+00:00,102057.1241545821
2025-11-27 12:00:00+00:00,102071.50178884313
2025-11-27 16:00:00+00:00,102078.75628222896
2025-11-27 20:00:00+00:00,102070.29602534244
2025-11-28 00:00:00+00:00,102073.18298806742
2025-11-28 04:00:00+00:00,102070.05307762774
2025-11-28 08:00:00+00:00,102074.5621673636
2025-11-28 12:00:00+00:00,102077.37847712178
2025-11-28 16:00:00+00:00,102052.88871874838
2025-11-28 20:00:00+00:00,102038.22109539236
2025-11-29 00:00:00+00:00,102036.20132490188
2025-11-29 04:00:00+00:00,102026.04614050346
2025-11-29 08:00:00+00:00,102036.51266760507
2025-11-29 12:00:00+00:00,102034.86005806271
2025-11-29 16:00:00+00:00,102012.82526416458
2025-11-29 20:00:00+00:00,102011.6316517737
2025-11-30 00:00:00+00:00,102011.6316517737
2025-11-30 04:00:00+00:00,102011.6316517737
2025-11-30 08:00:00+00:00,102011.6316517737
2025-11-30 12:00:00+00:00,102011.6316517737
2025-11-30 16:00:00+00:00,102011.6316517737
2025-11-30 20:00:00+00:00,102011.6316517737
2025-12-01 00:00:00+00:00,102011.6316517737
2025-12-01 04:00:00+00:00,102011.6316517737
2025-12-01 08:00:00+00:00,102011.6316517737
2025-12-01 12:00:00+00:00,102011.6316517737
2025-12-01 16:00:00+00:00,102011.6316517737
2025-12-01 20:00:00+00:00,102011.6316517737
2025-12-02 00:00:00+00:00,102011.6316517737
2025-12-02 04:00:00+00:00,102011.6316517737
2025-12-02 08:00:00+00:00,102011.6316517737
2025-12-02 12:00:00+00:00,102011.6316517737
2025-12-02 16:00:00+00:00,102011.6316517737
2025-12-02 20:00:00+00:00,102011.6316517737
2025-12-03 00:00:00+00:00,102011.6316517737
2025-12-03 04:00:00+00:00,102011.6316517737
2025-12-03 08:00:00+00:00,102011.6316517737
2025-12-03 12:00:00+00:00,102011.6316517737
2025-12-03 16:00:00+00:00,102011.6316517737
2025-12-03 20:00:00+00:00,102011.6316517737
2025-12-04 00:00:00+00:00,102011.6316517737
2025-12-04 04:00:00+00:00,102011.6316517737
2025-12-04 08:00:00+00:00,102011.6316517737
2025-12-04 12:00:00+00:00,102011.6316517737
2025-12-04 16:00:00+00:00,102011.6316517737
2025-12-04 20:00:00+00:00,102030.79204184345
2025-12-05 00:00:00+00:00,102043.42827543289
2025-12-05 04:00:00+00:00,102033.31928856134
2025-12-05 08:00:00+00:00,102024.05271726241
2025-12-05 12:00:00+00:00,102030.79204184345
2025-12-05 16:00:00+00:00,102031.63445741608
2025-12-05 20:00:00+00:00,102024.05271726241
2025-12-06 00:00:00+00:00,102032.4768729887
2025-12-06 04:00:00+00:00,102050.16760001393
2025-12-06 08:00:00+00:00,102058.59175574023
2025-12-06 12:00:00+00:00,102063.646249176
2025-12-06 16:00:00+00:00,102037.53136642449
2025-12-06 20:00:00+00:00,102036.68895085185
2025-12-07 00:00:00+00:00,102039.21619756974
2025-12-07 04:00:00+00:00,102029.10721069819
2025-12-07 08:00:00+00:00,102016.47097710875
2025-12-07 12:00:00+00:00,102018.99822382664
2025-12-07 16:00:00+00:00,102040.901028715
2025-12-07 20:00:00+00:00,102035.84653527923
2025-12-08 00:00:00+00:00,102037.53136642449
2025-12-08 04:00:00+00:00,102035.84653527923
2025-12-08 08:00:00+00:00,102029.10721069819
2025-12-08 12:00:00+00:00,102013.10131481822
2025-12-08 16:00:00+00:00,102009.51129430464
2025-12-08 20:00:00+00:00,102009.51129430464
2025-12-09 00:00:00+00:00,102009.51129430464
2025-12-09 04:00:00+00:00,102009.51129430464
2025-12-09 08:00:00+00:00,102009.51129430464
2025-12-09 12:00:00+00:00,102009.51129430464
2025-12-09 16:00:00+00:00,102009.51129430464
2025-12-09 20:00:00+00:00,102009.51129430464
2025-12-10 00:00:00+00:00,102009.51129430464
2025-12-10 04:00:00+00:00,102009.51129430464
2025-12-10 08:00:00+00:00,102009.51129430464
2025-12-10 12:00:00+00:00,102009.51129430464
2025-12-10 16:00:00+00:00,102009.51129430464
2025-12-10 20:00:00+00:00,102009.51129430464
2025-12-11 00:00:00+00:00,102009.51129430464
2025-12-11 04:00:00+00:00,102009.51129430464
2025-12-11 08:00:00+00:00,102009.51129430464
2025-12-11 12:00:00+00:00,102009.51129430464
2025-12-11 16:00:00+00:00,102009.51129430464
2025-12-11 20:00:00+00:00,102009.51129430464
2025-12-12 00:00:00+00:00,102009.51129430464
2025-12-12 04:00:00+00:00,102009.51129430464
2025-12-12 08:00:00+00:00,102009.51129430464
2025-12-12 12:00:00+00:00,102009.51129430464
2025-12-12 16:00:00+00:00,102009.51129430464
2025-12-12 20:00:00+00:00,102009.51129430464
2025-12-13 00:00:00+00:00,102009.51129430464
2025-12-13 04:00:00+00:00,102009.51129430464
2025-12-13 08:00:00+00:00,102009.51129430464
2025-12-13 12:00:00+00:00,102009.51129430464
2025-12-13 16:00:00+00:00,102009.51129430464
2025-12-13 20:00:00+00:00,102009.51129430464
2025-12-14 00:00:00+00:00,102009.51129430464
2025-12-14 04:00:00+00:00,102009.51129430464
2025-12-14 08:00:00+00:00,102009.51129430464
2025-12-14 12:00:00+00:00,102009.51129430464
2025-12-14 16:00:00+00:00,102009.51129430464
2025-12-14 20:00:00+00:00,102009.51129430464
2025-12-15 00:00:00+00:00,102009.51129430464
2025-12-15 04:00:00+00:00,102009.51129430464
2025-12-15 08:00:00+00:00,102009.51129430464
2025-12-15 12:00:00+00:00,102009.51129430464
2025-12-15 16:00:00+00:00,102009.51129430464
2025-12-15 20:00:00+00:00,102009.51129430464
2025-12-16 00:00:00+00:00,102009.51129430464
2025-12-16 04:00:00+00:00,102009.51129430464
2025-12-16 08:00:00+00:00,102009.51129430464
2025-12-16 12:00:00+00:00,102009.51129430464
2025-12-16 16:00:00+00:00,102009.51129430464
2025-12-16 20:00:00+00:00,102009.51129430464
2025-12-17 00:00:00+00:00,102009.51129430464
2025-12-17 04:00:00+00:00,102009.51129430464
2025-12-17 08:00:00+00:00,102009.51129430464
2025-12-17 12:00:00+00:00,102009.51129430464
2025-12-17 16:00:00+00:00,102009.51129430464
2025-12-17 20:00:00+00:00,102009.51129430464
2025-12-18 00:00:00+00:00,102009.51129430464
2025-12-18 04:00:00+00:00,102009.51129430464
2025-12-18 08:00:00+00:00,102009.51129430464
2025-12-18 12:00:00+00:00,102009.51129430464
2025-12-18 16:00:00+00:00,102009.51129430464
2025-12-18 20:00:00+00:00,102009.51129430464
2025-12-19 00:00:00+00:00,102009.51129430464
2025-12-19 04:00:00+00:00,102009.51129430464
2025-12-19 08:00:00+00:00,102009.51129430464
2025-12-19 12:00:00+00:00,102009.51129430464
2025-12-19 16:00:00+00:00,102009.51129430464
2025-12-19 20:00:00+00:00,102009.51129430464
2025-12-20 00:00:00+00:00,102009.51129430464
2025-12-20 04:00:00+00:00,102009.51129430464
2025-12-20 08:00:00+00:00,102009.51129430464
2025-12-20 12:00:00+00:00,102009.51129430464
2025-12-20 16:00:00+00:00,102009.51129430464
2025-12-20 20:00:00+00:00,102010.22186766913
2025-12-21 00:00:00+00:00,102005.54435201248
2025-12-21 04:00:00+00:00,102014.0975234989
2025-12-21 08:00:00+00:00,102010.8900841915
2025-12-21 12:00:00+00:00,101998.72854348423
2025-12-21 16:00:00+00:00,102001.00047966032
2025-12-21 20:00:00+00:00,102000.53272809465
2025-12-22 00:00:00+00:00,102004.8761354901
2025-12-22 04:00:00+00:00,102009.2863645378
2025-12-22 08:00:00+00:00,102008.48450471094
2025-12-22 12:00:00+00:00,102003.13877253192
2025-12-22 16:00:00+00:00,101994.45195774101
2025-12-22 20:00:00+00:00,101993.85056287088
2025-12-23 00:00:00+00:00,101997.12482383053
2025-12-23 04:00:00+00:00,101995.85521243801
2025-12-23 08:00:00+00:00,101983.96054181572
2025-12-23 12:00:00+00:00,101983.96054181572
2025-12-23 16:00:00+00:00,101983.96054181572
2025-12-23 20:00:00+00:00,101983.96054181572
2025-12-24 00:00:00+00:00,101983.96054181572
2025-12-24 04:00:00+00:00,101983.96054181572
2025-12-24 08:00:00+00:00,101983.96054181572
2025-12-24 12:00:00+00:00,101983.96054181572
2025-12-24 16:00:00+00:00,101983.96054181572
2025-12-24 20:00:00+00:00,101983.96054181572
2025-12-25 00:00:00+00:00,101983.96054181572
2025-12-25 04:00:00+00:00,101983.96054181572
2025-12-25 08:00:00+00:00,101983.96054181572
2025-12-25 12:00:00+00:00,101998.81407971987
2025-12-25 16:00:00+00:00,102004.24862833286
2025-12-25 20:00:00+00:00,101984.32195008523
2025-12-26 00:00:00+00:00,102002.27242883723
2025-12-26 04:00:00+00:00,102000.6255959242
2025-12-26 08:00:00+00:00,102001.94306225462
2025-12-26 12:00:00+00:00,101987.9449824939
2025-12-26 16:00:00+00:00,101984.65131666783
2025-12-26 20:00:00+00:00,101972.13538652883
2025-12-27 00:00:00+00:00,101980.20486780266
2025-12-27 04:00:00+00:00,101979.05208476355
2025-12-27 08:00:00+00:00,101980.69891767656
2025-12-27 12:00:00+00:00,101983.49853362872
2025-12-27 16:00:00+00:00,101996.34383035034
2025-12-27 20:00:00+00:00,102009.51849365456
2025-12-28 00:00:00+00:00,102005.85965304836
2025-12-28 04:00:00+00:00,102020.9332911903
2025-12-28 08:00:00+00:00,102001.42195947864
2025-12-28 12:00:00+00:00,101989.99287373801
2025-12-28 16:00:00+00:00,101933.80181845938
2025-12-28 20:00:00+00:00,101965.93521176704
2025-12-29 00:00:00+00:00,102052.93195564827
2025-12-29 04:00:00+00:00,101999.80888662473
2025-12-29 08:00:00+00:00,101899.38816899342
2025-12-29 12:00:00+00:00,101898.28614646895
2025-12-29 16:00:00+00:00,101846.09778108228
2025-12-29 20:00:00+00:00,101841.09443838776
2025-12-30 00:00:00+00:00,101838.87476411337
2025-12-30 04:00:00+00:00,101838.87476411337
2025-12-30 08:00:00+00:00,101838.87476411337
2025-12-30 12:00:00+00:00,101838.87476411337
2025-12-30 16:00:00+00:00,101838.87476411337
2025-12-30 20:00:00+00:00,101838.87476411337
2025-12-31 00:00:00+00:00,101838.87476411337
2025-12-31 04:00:00+00:00,101838.87476411337
2025-12-31 08:00:00+00:00,101838.87476411337
2025-12-31 12:00:00+00:00,101838.87476411337
2025-12-31 16:00:00+00:00,101838.87476411337
2025-12-31 20:00:00+00:00,101838.87476411337
2026-01-01 00:00:00+00:00,101838.87476411337
2026-01-01 04:00:00+00:00,101838.87476411337
2026-01-01 08:00:00+00:00,101838.87476411337
2026-01-01 12:00:00+00:00,101838.87476411337
2026-01-01 16:00:00+00:00,101838.87476411337
2026-01-01 20:00:00+00:00,101838.87476411337
2026-01-02 00:00:00+00:00,101838.87476411337
2026-01-02 04:00:00+00:00,101838.87476411337
2026-01-02 08:00:00+00:00,101838.87476411337
2026-01-02 12:00:00+00:00,101838.87476411337
2026-01-02 16:00:00+00:00,101838.87476411337
2026-01-02 20:00:00+00:00,101838.87476411337
2026-01-03 00:00:00+00:00,101833.29665988516
2026-01-03 04:00:00+00:00,101786.61090143399
2026-01-03 08:00:00+00:00,101803.03046236603
2026-01-03 12:00:00+00:00,101830.40465794773
2026-01-03 16:00:00+00:00,101854.01323233674
2026-01-03 20:00:00+00:00,101878.49578436902
2026-01-04 00:00:00+00:00,101874.1603923095
2026-01-04 04:00:00+00:00,101871.92470952935
2026-01-04 08:00:00+00:00,101871.12301350266
2026-01-04 12:00:00+00:00,101889.37603004577
2026-01-04 16:00:00+00:00,101854.72987050127
2026-01-04 20:00:00+00:00,101869.50276871085
2026-01-05 00:00:00+00:00,101939.55159589513
2026-01-05 04:00:00+00:00,101895.43842572266
2026-01-05 08:00:00+00:00,101856.38333693522
2026-01-05 12:00:00+00:00,101916.66389048033
2026-01-05 16:00:00+00:00,101949.11490099155
2026-01-05 20:00:00+00:00,102008.3964110396
2026-01-06 00:00:00+00:00,101996.32703220684
2026-01-06 04:00:00+00:00,101925.36357641504
2026-01-06 08:00:00+00:00,102047.20776097025
2026-01-06 12:00:00+00:00,102046.94162922533
2026-01-06 16:00:00+00:00,101860.3746479951
2026-01-06 20:00:00+00:00,102059.16566766541
2026-01-07 00:00:00+00:00,101942.775595592
2026-01-07 04:00:00+00:00,102010.42769226863
2026-01-07 08:00:00+00:00,101922.6499894633
2026-01-07 12:00:00+00:00,101749.38517642785
2026-01-07 16:00:00+00:00,101755.58615737033
2026-01-07 20:00:00+00:00,101763.08036169136
2026-01-08 00:00:00+00:00,101732.06940123107
2026-01-08 04:00:00+00:00,101736.72564959238
2026-01-08 08:00:00+00:00,101744.35342446549
2026-01-08 12:00:00+00:00,101746.89601608986
2026-01-08 16:00:00+00:00,101728.53285435832
2026-01-08 20:00:00+00:00,101743.78840410453
2026-01-09 00:00:00+00:00,101732.20548670462
2026-01-09 04:00:00+00:00,101738.4207106753
2026-01-09 08:00:00+00:00,101746.04848554841
2026-01-09 12:00:00+00:00,101755.65383168493
2026-01-09 16:00:00+00:00,101767.8017694458
2026-01-09 20:00:00+00:00,101780.51472756764
2026-01-10 00:00:00+00:00,101775.99456467989
2026-01-10 04:00:00+00:00,101791.53262460657
2026-01-10 08:00:00+00:00,101787.2949718993
2026-01-10 12:00:00+00:00,101781.64476828958
2026-01-10 16:00:00+00:00,101779.6671970262
2026-01-10 20:00:00+00:00,101774.58201377746
2026-01-11 00:00:00+00:00,101760.7915384731
2026-01-11 04:00:00+00:00,101752.04520232222
2026-01-11 08:00:00+00:00,101761.50355364641
2026-01-11 12:00:00+00:00,101750.74558089327
2026-01-11 16:00:00+00:00,101776.28405361675
2026-01-11 20:00:00+00:00,101746.2480039002
2026-01-12 00:00:00+00:00,101755.24315788635
2026-01-12 04:00:00+00:00,101735.68290508917
2026-01-12 08:00:00+00:00,101726.36006913314
2026-01-12 12:00:00+00:00,101730.03270147945
2026-01-12 16:00:00+00:00,101711.2252049844
2026-01-12 20:00:00+00:00,101711.2252049844
2026-01-13 00:00:00+00:00,101711.2252049844
2026-01-13 04:00:00+00:00,101711.2252049844
2026-01-13 08:00:00+00:00,101711.2252049844
2026-01-13 12:00:00+00:00,101711.2252049844
2026-01-13 16:00:00+00:00,101711.2252049844
2026-01-13 20:00:00+00:00,101711.2252049844
2026-01-14 00:00:00+00:00,101711.2252049844
2026-01-14 04:00:00+00:00,101711.2252049844
2026-01-14 08:00:00+00:00,101711.2252049844
2026-01-14 12:00:00+00:00,101711.2252049844
2026-01-14 16:00:00+00:00,101711.2252049844
2026-01-14 20:00:00+00:00,101711.2252049844
2026-01-15 00:00:00+00:00,101711.2252049844
2026-01-15 04:00:00+00:00,101711.2252049844
2026-01-15 08:00:00+00:00,101711.2252049844
2026-01-15 12:00:00+00:00,101711.2252049844
2026-01-15 16:00:00+00:00,101718.41428470187
2026-01-15 20:00:00+00:00,101734.67988196891
2026-01-16 00:00:00+00:00,101731.77531102838
2026-01-16 04:00:00+00:00,101712.02422863265
2026-01-16 08:00:00+00:00,101710.28148606833
2026-01-16 12:00:00+00:00,101695.7586313656
2026-01-16 16:00:00+00:00,101710.28148606833
2026-01-16 20:00:00+00:00,101716.67154213754
2026-01-17 00:00:00+00:00,101722.48068401864
2026-01-17 04:00:00+00:00,101729.45165427594
2026-01-17 08:00:00+00:00,101734.67988196891
2026-01-17 12:00:00+00:00,101745.71725154301
2026-01-17 16:00:00+00:00,101741.27873377697
2026-01-17 20:00:00+00:00,101730.46637138806
2026-01-18 00:00:00+00:00,101739.7609983978
2026-01-18 04:00:00+00:00,101728.14271463561
2026-01-18 08:00:00+00:00,101722.33357275452
2026-01-18 12:00:00+00:00,101735.69459908103
2026-01-18 16:00:00+00:00,101732.20911395238
2026-01-18 20:00:00+00:00,101725.23814369508
2026-01-19 00:00:00+00:00,101731.04728557618
2026-01-19 04:00:00+00:00,101721.7526585664
2026-01-19 08:00:00+00:00,101711.87711736857
2026-01-19 12:00:00+00:00,101696.50883251498
2026-01-19 16:00:00+00:00,101696.50883251498
2026-01-19 20:00:00+00:00,101696.50883251498
2026-01-20 00:00:00+00:00,101696.50883251498
2026-01-20 04:00:00+00:00,101696.50883251498
2026-01-20 08:00:00+00:00,101696.50883251498
2026-01-20 12:00:00+00:00,101696.50883251498
2026-01-20 16:00:00+00:00,101696.50883251498
2026-01-20 20:00:00+00:00,101696.50883251498
2026-01-21 00:00:00+00:00,101696.50883251498
2026-01-21 04:00:00+00:00,101696.50883251498
2026-01-21 08:00:00+00:00,101696.50883251498
2026-01-21 12:00:00+00:00,101696.50883251498
2026-01-21 16:00:00+00:00,101696.50883251498
2026-01-21 20:00:00+00:00,101696.50883251498
2026-01-22 00:00:00+00:00,101696.50883251498
2026-01-22 04:00:00+00:00,101696.50883251498
2026-01-22 08:00:00+00:00,101696.50883251498
2026-01-22 12:00:00+00:00,101696.50883251498
2026-01-22 16:00:00+00:00,101696.50883251498
2026-01-22 20:00:00+00:00,101696.50883251498
2026-01-23 00:00:00+00:00,101696.50883251498
2026-01-23 04:00:00+00:00,101696.50883251498
2026-01-23 08:00:00+00:00,101696.50883251498
2026-01-23 12:00:00+00:00,101696.50883251498
2026-01-23 16:00:00+00:00,101696.50883251498
2026-01-23 20:00:00+00:00,101696.50883251498
2026-01-24 00:00:00+00:00,101696.50883251498
2026-01-24 04:00:00+00:00,101696.50883251498
2026-01-24 08:00:00+00:00,101696.50883251498
2026-01-24 12:00:00+00:00,101696.50883251498
2026-01-24 16:00:00+00:00,101696.50883251498
2026-01-24 20:00:00+00:00,101696.50883251498
2026-01-25 00:00:00+00:00,101696.50883251498
2026-01-25 04:00:00+00:00,101696.50883251498
2026-01-25 08:00:00+00:00,101696.50883251498
2026-01-25 12:00:00+00:00,101696.50883251498
2026-01-25 16:00:00+00:00,101696.50883251498
2026-01-25 20:00:00+00:00,101696.50883251498
2026-01-26 00:00:00+00:00,101696.50883251498
2026-01-26 04:00:00+00:00,101696.50883251498
2026-01-26 08:00:00+00:00,101696.50883251498
2026-01-26 12:00:00+00:00,101696.50883251498
2026-01-26 16:00:00+00:00,101696.50883251498
2026-01-26 20:00:00+00:00,101696.50883251498
2026-01-27 00:00:00+00:00,101696.50883251498
2026-01-27 04:00:00+00:00,101696.50883251498
2026-01-27 08:00:00+00:00,101696.50883251498
2026-01-27 12:00:00+00:00,101696.50883251498
2026-01-27 16:00:00+00:00,101696.50883251498
2026-01-27 20:00:00+00:00,101696.50883251498
2026-01-28 00:00:00+00:00,101696.50883251498
2026-01-28 04:00:00+00:00,101696.50883251498
2026-01-28 08:00:00+00:00,101696.50883251498
2026-01-28 12:00:00+00:00,101696.50883251498
2026-01-28 16:00:00+00:00,101696.50883251498
2026-01-28 20:00:00+00:00,101696.50883251498
2026-01-29 00:00:00+00:00,101696.50883251498
2026-01-29 04:00:00+00:00,101696.50883251498
2026-01-29 08:00:00+00:00,101696.50883251498
2026-01-29 12:00:00+00:00,101696.50883251498
2026-01-29 16:00:00+00:00,101696.50883251498
2026-01-29 20:00:00+00:00,101696.50883251498
2026-01-30 00:00:00+00:00,101696.50883251498
2026-01-30 04:00:00+00:00,101696.50883251498
2026-01-30 08:00:00+00:00,101696.50883251498
2026-01-30 12:00:00+00:00,101696.50883251498
2026-01-30 16:00:00+00:00,101696.50883251498
2026-01-30 20:00:00+00:00,101696.50883251498
2026-01-31 00:00:00+00:00,101696.50883251498
2026-01-31 04:00:00+00:00,101696.50883251498
2026-01-31 08:00:00+00:00,101696.50883251498
2026-01-31 12:00:00+00:00,101696.50883251498
2026-01-31 16:00:00+00:00,101696.50883251498
2026-01-31 20:00:00+00:00,101696.50883251498
2026-02-01 00:00:00+00:00,101696.50883251498
2026-02-01 04:00:00+00:00,101696.50883251498
2026-02-01 08:00:00+00:00,101696.50883251498
2026-02-01 12:00:00+00:00,101696.50883251498
2026-02-01 16:00:00+00:00,101696.50883251498
2026-02-01 20:00:00+00:00,101696.50883251498
2026-02-02 00:00:00+00:00,101696.50883251498
2026-02-02 04:00:00+00:00,101696.50883251498
2026-02-02 08:00:00+00:00,101696.50883251498
2026-02-02 12:00:00+00:00,101696.50883251498
2026-02-02 16:00:00+00:00,101696.50883251498
2026-02-02 20:00:00+00:00,101696.50883251498
2026-02-03 00:00:00+00:00,101696.50883251498
2026-02-03 04:00:00+00:00,101696.50883251498
2026-02-03 08:00:00+00:00,101696.50883251498
2026-02-03 12:00:00+00:00,101696.50883251498
2026-02-03 16:00:00+00:00,101696.50883251498
2026-02-03 20:00:00+00:00,101696.50883251498
2026-02-04 00:00:00+00:00,101696.50883251498
2026-02-04 04:00:00+00:00,101696.50883251498
2026-02-04 08:00:00+00:00,101696.50883251498
2026-02-04 12:00:00+00:00,101696.50883251498
2026-02-04 16:00:00+00:00,101696.50883251498
2026-02-04 20:00:00+00:00,101696.50883251498
2026-02-05 00:00:00+00:00,101696.50883251498
2026-02-05 04:00:00+00:00,101696.50883251498
2026-02-05 08:00:00+00:00,101696.50883251498
2026-02-05 12:00:00+00:00,101696.50883251498
2026-02-05 16:00:00+00:00,101696.50883251498
2026-02-05 20:00:00+00:00,101696.50883251498
2026-02-06 00:00:00+00:00,101696.50883251498
2026-02-06 04:00:00+00:00,101696.50883251498
2026-02-06 08:00:00+00:00,101696.50883251498
2026-02-06 12:00:00+00:00,101696.50883251498
2026-02-06 16:00:00+00:00,101696.50883251498
2026-02-06 20:00:00+00:00,101696.50883251498
2026-02-07 00:00:00+00:00,101696.50883251498
2026-02-07 04:00:00+00:00,101696.50883251498
2026-02-07 08:00:00+00:00,101696.50883251498
2026-02-07 12:00:00+00:00,101696.50883251498
2026-02-07 16:00:00+00:00,101696.50883251498
2026-02-07 20:00:00+00:00,101696.50883251498
2026-02-08 00:00:00+00:00,101696.50883251498
2026-02-08 04:00:00+00:00,101696.50883251498
2026-02-08 08:00:00+00:00,101696.50883251498
2026-02-08 12:00:00+00:00,101696.50883251498
2026-02-08 16:00:00+00:00,101696.50883251498
2026-02-08 20:00:00+00:00,101696.50883251498
2026-02-09 00:00:00+00:00,101696.50883251498
2026-02-09 04:00:00+00:00,101696.50883251498
2026-02-09 08:00:00+00:00,101696.50883251498
2026-02-09 12:00:00+00:00,101696.50883251498
2026-02-09 16:00:00+00:00,101696.50883251498
2026-02-09 20:00:00+00:00,101696.50883251498
2026-02-10 00:00:00+00:00,101696.50883251498
2026-02-10 04:00:00+00:00,101696.50883251498
2026-02-10 08:00:00+00:00,101696.50883251498
2026-02-10 12:00:00+00:00,101696.50883251498
2026-02-10 16:00:00+00:00,101696.50883251498
2026-02-10 20:00:00+00:00,101696.50883251498
2026-02-11 00:00:00+00:00,101696.50883251498
2026-02-11 04:00:00+00:00,101696.50883251498
2026-02-11 08:00:00+00:00,101696.50883251498
2026-02-11 12:00:00+00:00,101696.50883251498
2026-02-11 16:00:00+00:00,101696.50883251498
2026-02-11 20:00:00+00:00,101696.50883251498
2026-02-12 00:00:00+00:00,101696.50883251498
2026-02-12 04:00:00+00:00,101696.50883251498
2026-02-12 08:00:00+00:00,101696.50883251498
2026-02-12 12:00:00+00:00,101696.50883251498
2026-02-12 16:00:00+00:00,101696.50883251498
2026-02-12 20:00:00+00:00,101696.50883251498
2026-02-13 00:00:00+00:00,101696.50883251498
2026-02-13 04:00:00+00:00,101696.50883251498
2026-02-13 08:00:00+00:00,101696.50883251498
2026-02-13 12:00:00+00:00,101706.20879349942
2026-02-13 16:00:00+00:00,101712.68328457422
2026-02-13 20:00:00+00:00,101723.86649643071
2026-02-14 00:00:00+00:00,101727.10374196811
2026-02-14 04:00:00+00:00,101722.10072613758
2026-02-14 08:00:00+00:00,101729.45810235897
2026-02-14 12:00:00+00:00,101737.99265877574
2026-02-14 16:00:00+00:00,101750.0587557788
2026-02-14 20:00:00+00:00,101742.70137955743
2026-02-15 00:00:00+00:00,101740.3470191666
2026-02-15 04:00:00+00:00,101750.0587557788
2026-02-15 08:00:00+00:00,101736.81547858033
2026-02-15 12:00:00+00:00,101725.9265617727
2026-02-15 16:00:00+00:00,101724.16079147957
2026-02-15 20:00:00+00:00,101728.28092216354
2026-02-16 00:00:00+00:00,101730.63528255437
2026-02-16 04:00:00+00:00,101727.39803701697
2026-02-16 08:00:00+00:00,101742.70137955743
2026-02-16 12:00:00+00:00,101745.93862509483
2026-02-16 16:00:00+00:00,101765.06780327039
2026-02-16 20:00:00+00:00,101774.48524483375
2026-02-17 00:00:00+00:00,101769.18793395438
2026-02-17 04:00:00+00:00,101767.42216366125
2026-02-17 08:00:00+00:00,101759.18190229329
2026-02-17 12:00:00+00:00,101771.24799929635
2026-02-17 16:00:00+00:00,101758.00472209789
2026-02-17 20:00:00+00:00,101759.18190229329
2026-02-18 00:00:00+00:00,101769.48222900322
2026-02-18 04:00:00+00:00,101777.13390027345
2026-02-18 08:00:00+00:00,101776.83960522461
2026-02-18 12:00:00+00:00,101815.68655167345
2026-02-18 16:00:00+00:00,101800.383209133
2026-02-18 20:00:00+00:00,101789.49429232537
2026-02-19 00:00:00+00:00,101789.49429232537
2026-02-19 04:00:00+00:00,101791.55435766734
2026-02-19 08:00:00+00:00,101780.95973590857
2026-02-19 12:00:00+00:00,101785.37416164138
2026-02-19 16:00:00+00:00,101768.59934385665
2026-02-19 20:00:00+00:00,101773.30806463835
2026-02-20 00:00:00+00:00,101770.36511414978
2026-02-20 04:00:00+00:00,101767.12786861238
2026-02-20 08:00:00+00:00,101778.89967056658
2026-02-20 12:00:00+00:00,101793.90871805817
2026-02-20 16:00:00+00:00,101790.37717747194
2026-02-20 20:00:00+00:00,101793.90871805817
2026-02-21 00:00:00+00:00,101808.03488040323
2026-02-21 04:00:00+00:00,101799.50032398643
2026-02-21 08:00:00+00:00,101793.90871805817
2026-02-21 12:00:00+00:00,101790.96576756964
2026-02-21 16:00:00+00:00,101784.78557154367
2026-02-21 20:00:00+00:00,101777.44469665998
2026-02-22 00:00:00+00:00,101768.6281721488
2026-02-22 04:00:00+00:00,101765.17059328943
2026-02-22 08:00:00+00:00,101763.9317783216
2026-02-22 12:00:00+00:00,101769.93939810546
2026-02-22 16:00:00+00:00,101777.82989312941
2026-02-22 20:00:00+00:00,101779.58333646806
2026-02-23 00:00:00+00:00,101749.77479971098
2026-02-23 04:00:00+00:00,101737.89296808909
2026-02-23 08:00:00+00:00,101737.89296808909
2026-02-23 12:00:00+00:00,101737.89296808909
2026-02-23 16:00:00+00:00,101737.89296808909
2026-02-23 20:00:00+00:00,101737.89296808909
2026-02-24 00:00:00+00:00,101737.89296808909
2026-02-24 04:00:00+00:00,101737.89296808909
2026-02-24 08:00:00+00:00,101737.89296808909
2026-02-24 12:00:00+00:00,101737.89296808909
2026-02-24 16:00:00+00:00,101737.89296808909
2026-02-24 20:00:00+00:00,101737.89296808909
2026-02-25 00:00:00+00:00,101737.89296808909
2026-02-25 04:00:00+00:00,101737.89296808909
2026-02-25 08:00:00+00:00,101737.89296808909
2026-02-25 12:00:00+00:00,101737.89296808909
2026-02-25 16:00:00+00:00,101737.89296808909
2026-02-25 20:00:00+00:00,101737.89296808909
2026-02-26 00:00:00+00:00,101737.89296808909
2026-02-26 04:00:00+00:00,101737.89296808909
2026-02-26 08:00:00+00:00,101737.89296808909
2026-02-26 12:00:00+00:00,101737.89296808909
2026-02-26 16:00:00+00:00,101737.89296808909
2026-02-26 20:00:00+00:00,101737.89296808909
2026-02-27 00:00:00+00:00,101737.89296808909
2026-02-27 04:00:00+00:00,101737.89296808909
2026-02-27 08:00:00+00:00,101737.89296808909
2026-02-27 12:00:00+00:00,101737.89296808909
2026-02-27 16:00:00+00:00,101737.89296808909
2026-02-27 20:00:00+00:00,101737.89296808909
2026-02-28 00:00:00+00:00,101737.89296808909
2026-02-28 04:00:00+00:00,101737.89296808909
2026-02-28 08:00:00+00:00,101737.89296808909
2026-02-28 12:00:00+00:00,101737.89296808909
2026-02-28 16:00:00+00:00,101737.89296808909
2026-02-28 20:00:00+00:00,101737.89296808909
2026-03-01 00:00:00+00:00,101737.89296808909
2026-03-01 04:00:00+00:00,101737.89296808909
2026-03-01 08:00:00+00:00,101737.89296808909
2026-03-01 12:00:00+00:00,101737.89296808909
2026-03-01 16:00:00+00:00,101737.89296808909
2026-03-01 20:00:00+00:00,101737.89296808909
2026-03-02 00:00:00+00:00,101737.89296808909
2026-03-02 04:00:00+00:00,101737.89296808909
2026-03-02 08:00:00+00:00,101737.89296808909
2026-03-02 12:00:00+00:00,101737.89296808909
2026-03-02 16:00:00+00:00,101743.57965223101
2026-03-02 20:00:00+00:00,101753.1376836244
2026-03-03 00:00:00+00:00,101771.35768096807
2026-03-03 04:00:00+00:00,101748.05997944667
2026-03-03 08:00:00+00:00,101744.7744061552
2026-03-03 12:00:00+00:00,101762.69571501779
2026-03-03 16:00:00+00:00,101755.22850299173
2026-03-03 20:00:00+00:00,101752.24161818129
2026-03-04 00:00:00+00:00,101763.89046894197
2026-03-04 04:00:00+00:00,101755.22850299173
2026-03-04 08:00:00+00:00,101746.56653704145
2026-03-04 12:00:00+00:00,101751.64424121918
2026-03-04 16:00:00+00:00,101743.69133636172
2026-03-04 20:00:00+00:00,101734.44395076516
2026-03-05 00:00:00+00:00,101720.15574082479
2026-03-05 04:00:00+00:00,101720.27003013631
2026-03-05 08:00:00+00:00,101729.5709105788
2026-03-05 12:00:00+00:00,101715.53620177956
2026-03-05 16:00:00+00:00,101708.31418338855
2026-03-05 20:00:00+00:00,101706.81556140594
2026-03-06 00:00:00+00:00,101709.26454275817
2026-03-06 04:00:00+00:00,101705.88261612889
2026-03-06 08:00:00+00:00,101694.80389096407
2026-03-06 12:00:00+00:00,101685.86191905625
2026-03-06 16:00:00+00:00,101685.86191905625
2026-03-06 20:00:00+00:00,101685.86191905625
2026-03-07 00:00:00+00:00,101685.86191905625
2026-03-07 04:00:00+00:00,101685.86191905625
2026-03-07 08:00:00+00:00,101685.86191905625
2026-03-07 12:00:00+00:00,101685.86191905625
2026-03-07 16:00:00+00:00,101685.86191905625
2026-03-07 20:00:00+00:00,101685.86191905625
2026-03-08 00:00:00+00:00,101685.86191905625
2026-03-08 04:00:00+00:00,101685.86191905625
2026-03-08 08:00:00+00:00,101685.86191905625
2026-03-08 12:00:00+00:00,101685.86191905625
2026-03-08 16:00:00+00:00,101685.86191905625
2026-03-08 20:00:00+00:00,101685.86191905625
2026-03-09 00:00:00+00:00,101685.86191905625
2026-03-09 04:00:00+00:00,101685.86191905625
2026-03-09 08:00:00+00:00,101685.86191905625
2026-03-09 12:00:00+00:00,101685.86191905625
2026-03-09 16:00:00+00:00,101685.86191905625
2026-03-09 20:00:00+00:00,101685.86191905625
2026-03-10 00:00:00+00:00,101685.86191905625
2026-03-10 04:00:00+00:00,101685.86191905625
2026-03-10 08:00:00+00:00,101685.86191905625
2026-03-10 12:00:00+00:00,101685.86191905625
2026-03-10 16:00:00+00:00,101685.86191905625
2026-03-10 20:00:00+00:00,101685.86191905625
2026-03-11 00:00:00+00:00,101685.86191905625
2026-03-11 04:00:00+00:00,101685.86191905625
2026-03-11 08:00:00+00:00,101685.86191905625
2026-03-11 12:00:00+00:00,101685.86191905625
2026-03-11 16:00:00+00:00,101685.86191905625
2026-03-11 20:00:00+00:00,101685.86191905625
2026-03-12 00:00:00+00:00,101685.86191905625
2026-03-12 04:00:00+00:00,101685.86191905625
2026-03-12 08:00:00+00:00,101685.86191905625
2026-03-12 12:00:00+00:00,101685.86191905625
2026-03-12 16:00:00+00:00,101685.86191905625
2026-03-12 20:00:00+00:00,101685.86191905625
2026-03-13 00:00:00+00:00,101685.86191905625
2026-03-13 04:00:00+00:00,101684.15828763426
2026-03-13 08:00:00+00:00,101692.42129855743
2026-03-13 12:00:00+00:00,101685.56144043253
2026-03-13 16:00:00+00:00,101677.29842950933
2026-03-13 20:00:00+00:00,101674.9598415122
2026-03-14 00:00:00+00:00,101676.98661777639
2026-03-14 04:00:00+00:00,101669.34723031911
2026-03-14 08:00:00+00:00,101671.68581831624
2026-03-14 12:00:00+00:00,101671.37400658327
2026-03-14 16:00:00+00:00,101671.99763004918
2026-03-14 20:00:00+00:00,101678.07795884172
2026-03-15 00:00:00+00:00,101679.79292337294
2026-03-15 04:00:00+00:00,101681.50788790418
2026-03-15 08:00:00+00:00,101684.00238176779
2026-03-15 12:00:00+00:00,101681.35198203768
2026-03-15 16:00:00+00:00,101682.44332310301
2026-03-15 20:00:00+00:00,101703.49061507717
2026-03-16 00:00:00+00:00,101713.93630813103
2026-03-16 04:00:00+00:00,101710.19456733562
2026-03-16 08:00:00+00:00,101697.20566040854
2026-03-16 12:00:00+00:00,101690.93177544867
2026-03-16 16:00:00+00:00,101716.80128112764
2026-03-16 20:00:00+00:00,101725.19414698063
2026-03-17 00:00:00+00:00,101703.90456942147
2026-03-17 04:00:00+00:00,101688.71276312025
2026-03-17 08:00:00+00:00,101670.7426309795
2026-03-17 12:00:00+00:00,101667.50000090002
2026-03-17 16:00:00+00:00,101674.36568495851
2026-03-17 20:00:00+00:00,101669.09379452602
2026-03-18 00:00:00+00:00,101697.03715864194
2026-03-18 04:00:00+00:00,101681.87097982921
2026-03-18 08:00:00+00:00,101625.87115185075
2026-03-18 12:00:00+00:00,101615.24593651024
2026-03-18 16:00:00+00:00,101615.24593651024
2026-03-18 20:00:00+00:00,101615.24593651024
2026-03-19 00:00:00+00:00,101615.24593651024
2026-03-19 04:00:00+00:00,101615.24593651024
2026-03-19 08:00:00+00:00,101615.24593651024
2026-03-19 12:00:00+00:00,101615.24593651024
2026-03-19 16:00:00+00:00,101615.24593651024
2026-03-19 20:00:00+00:00,101615.24593651024
2026-03-20 00:00:00+00:00,101615.24593651024
2026-03-20 04:00:00+00:00,101615.24593651024
2026-03-20 08:00:00+00:00,101615.24593651024
2026-03-20 12:00:00+00:00,101615.24593651024
2026-03-20 16:00:00+00:00,101615.24593651024
2026-03-20 20:00:00+00:00,101615.24593651024
2026-03-21 00:00:00+00:00,101615.24593651024
2026-03-21 04:00:00+00:00,101615.24593651024
2026-03-21 08:00:00+00:00,101615.24593651024
2026-03-21 12:00:00+00:00,101615.24593651024
2026-03-21 16:00:00+00:00,101615.24593651024
2026-03-21 20:00:00+00:00,101615.24593651024
2026-03-22 00:00:00+00:00,101615.24593651024
2026-03-22 04:00:00+00:00,101615.24593651024
2026-03-22 08:00:00+00:00,101615.24593651024
2026-03-22 12:00:00+00:00,101615.24593651024
2026-03-22 16:00:00+00:00,101615.24593651024
2026-03-22 20:00:00+00:00,101615.24593651024
2026-03-23 00:00:00+00:00,101615.24593651024
2026-03-23 04:00:00+00:00,101615.24593651024
2026-03-23 08:00:00+00:00,101615.24593651024
2026-03-23 12:00:00+00:00,101615.24593651024
2026-03-23 16:00:00+00:00,101615.24593651024
2026-03-23 20:00:00+00:00,101615.24593651024
2026-03-24 00:00:00+00:00,101615.24593651024
2026-03-24 04:00:00+00:00,101615.24593651024
2026-03-24 08:00:00+00:00,101615.24593651024
2026-03-24 12:00:00+00:00,101615.24593651024
2026-03-24 16:00:00+00:00,101615.24593651024
2026-03-24 20:00:00+00:00,101615.24593651024
2026-03-25 00:00:00+00:00,101615.24593651024
2026-03-25 04:00:00+00:00,101615.24593651024
2026-03-25 08:00:00+00:00,101615.24593651024
2026-03-25 12:00:00+00:00,101615.24593651024
2026-03-25 16:00:00+00:00,101615.24593651024
2026-03-25 20:00:00+00:00,101615.24593651024
2026-03-26 00:00:00+00:00,101615.24593651024
2026-03-26 04:00:00+00:00,101615.24593651024
2026-03-26 08:00:00+00:00,101615.24593651024
2026-03-26 12:00:00+00:00,101615.24593651024
2026-03-26 16:00:00+00:00,101615.24593651024
2026-03-26 20:00:00+00:00,101615.24593651024
2026-03-27 00:00:00+00:00,101615.24593651024
2026-03-27 04:00:00+00:00,101615.24593651024
2026-03-27 08:00:00+00:00,101615.24593651024
2026-03-27 12:00:00+00:00,101615.24593651024
2026-03-27 16:00:00+00:00,101615.24593651024
2026-03-27 20:00:00+00:00,101615.24593651024
2026-03-28 00:00:00+00:00,101615.24593651024
2026-03-28 04:00:00+00:00,101615.24593651024
2026-03-28 08:00:00+00:00,101615.24593651024
2026-03-28 12:00:00+00:00,101615.24593651024
2026-03-28 16:00:00+00:00,101615.24593651024
2026-03-28 20:00:00+00:00,101615.24593651024
2026-03-29 00:00:00+00:00,101615.24593651024
2026-03-29 04:00:00+00:00,101615.24593651024
2026-03-29 08:00:00+00:00,101615.24593651024
2026-03-29 12:00:00+00:00,101615.24593651024
2026-03-29 16:00:00+00:00,101615.24593651024
2026-03-29 20:00:00+00:00,101615.24593651024
2026-03-30 00:00:00+00:00,101619.42078004706
2026-03-30 04:00:00+00:00,101616.35532139736
2026-03-30 08:00:00+00:00,101623.50805824665
2026-03-30 12:00:00+00:00,101593.36438152472
2026-03-30 16:00:00+00:00,101605.62621612346
2026-03-30 20:00:00+00:00,101603.07166724872
2026-03-31 00:00:00+00:00,101597.96256949924
2026-03-31 04:00:00+00:00,101608.18076499821
2026-03-31 08:00:00+00:00,101579.56981760112
2026-03-31 12:00:00+00:00,101574.76764534671
2026-03-31 16:00:00+00:00,101574.76764534671
2026-03-31 20:00:00+00:00,101574.76764534671
2026-04-01 00:00:00+00:00,101574.76764534671
2026-04-01 04:00:00+00:00,101574.76764534671
2026-04-01 08:00:00+00:00,101574.76764534671
2026-04-01 12:00:00+00:00,101572.74376365107
2026-04-01 16:00:00+00:00,101557.00801718068
2026-04-01 20:00:00+00:00,101553.46620929346
2026-04-02 00:00:00+00:00,101536.1969908133
2026-04-02 04:00:00+00:00,101536.1969908133
2026-04-02 08:00:00+00:00,101536.1969908133
2026-04-02 12:00:00+00:00,101536.1969908133
2026-04-02 16:00:00+00:00,101536.1969908133
2026-04-02 20:00:00+00:00,101536.1969908133
2026-04-03 00:00:00+00:00,101536.1969908133
2026-04-03 04:00:00+00:00,101555.54776522293
2026-04-03 08:00:00+00:00,101544.23383023571
2026-04-03 12:00:00+00:00,101555.10474969633
2026-04-03 16:00:00+00:00,101561.27288895141
2026-04-03 20:00:00+00:00,101565.39634116061
2026-04-04 00:00:00+00:00,101559.43267061011
2026-04-04 04:00:00+00:00,101558.78518637891
2026-04-04 08:00:00+00:00,101567.98627808539
2026-04-04 12:00:00+00:00,101549.31146973299
2026-04-04 16:00:00+00:00,101551.45839113116
2026-04-04 20:00:00+00:00,101556.43379627615
2026-04-05 00:00:00+00:00,101546.44890786875
2026-04-05 04:00:00+00:00,101541.5075808412
2026-04-05 08:00:00+00:00,101539.63328438248
2026-04-05 12:00:00+00:00,101549.48186032014
2026-04-05 16:00:00+00:00,101552.00364101007
2026-04-05 20:00:00+00:00,101559.90976425415
2026-04-06 00:00:00+00:00,101560.1823891936
2026-04-06 04:00:00+00:00,101568.66784043402
2026-04-06 08:00:00+00:00,101571.80302723771
2026-04-06 12:00:00+00:00,101552.73652026188
2026-04-06 16:00:00+00:00,101542.78001617905
2026-04-06 20:00:00+00:00,101519.57749250256
2026-04-07 00:00:00+00:00,101499.0289081299
2026-04-07 04:00:00+00:00,101487.40908972359
2026-04-07 08:00:00+00:00,101487.40908972359
2026-04-07 12:00:00+00:00,101487.40908972359
2026-04-07 16:00:00+00:00,101487.40908972359
2026-04-07 20:00:00+00:00,101487.40908972359
2026-04-08 00:00:00+00:00,101461.73845742119
2026-04-08 04:00:00+00:00,101471.81946033514
2026-04-08 08:00:00+00:00,101465.26435814277
2026-04-08 12:00:00+00:00,101448.55216846355
2026-04-08 16:00:00+00:00,101440.63718091932
2026-04-08 20:00:00+00:00,101425.86267250842
2026-04-09 00:00:00+00:00,101421.58760969418
2026-04-09 04:00:00+00:00,101423.08048877216
2026-04-09 08:00:00+00:00,101421.24831899464
2026-04-09 12:00:00+00:00,101435.70210279517
2026-04-09 16:00:00+00:00,101438.42311598244
2026-04-09 20:00:00+00:00,101431.86468033836
2026-04-10 00:00:00+00:00,101436.40898386404
2026-04-10 04:00:00+00:00,101435.08450269832
2026-04-10 08:00:00+00:00,101428.54072641225
2026-04-10 12:00:00+00:00,101424.84356449336
2026-04-10 16:00:00+00:00,101418.43909429155
2026-04-10 20:00:00+00:00,101430.62577367357
2026-04-11 00:00:00+00:00,101378.32317724048
2026-04-11 04:00:00+00:00,101376.7026941255
2026-04-11 08:00:00+00:00,101370.99153793305
2026-04-11 12:00:00+00:00,101356.84400240835
2026-04-11 16:00:00+00:00,101361.97984451025
2026-04-11 20:00:00+00:00,101359.64537082757
2026-04-12 00:00:00+00:00,101344.23784452191
2026-04-12 04:00:00+00:00,101343.01615491469
2026-04-12 08:00:00+00:00,101343.01615491469
2026-04-12 12:00:00+00:00,101343.01615491469
2026-04-12 16:00:00+00:00,101343.01615491469
2026-04-12 20:00:00+00:00,101343.01615491469
2026-04-13 00:00:00+00:00,101343.01615491469
2026-04-13 04:00:00+00:00,101343.01615491469
2026-04-13 08:00:00+00:00,101343.01615491469
2026-04-13 12:00:00+00:00,101343.01615491469
2026-04-13 16:00:00+00:00,101343.01615491469
2026-04-13 20:00:00+00:00,101343.01615491469
2026-04-14 00:00:00+00:00,101343.01615491469
2026-04-14 04:00:00+00:00,101343.01615491469
2026-04-14 08:00:00+00:00,101343.01615491469
2026-04-14 12:00:00+00:00,101343.01615491469
2026-04-14 16:00:00+00:00,101343.01615491469
2026-04-14 20:00:00+00:00,101342.12258032283
2026-04-15 00:00:00+00:00,101348.42189134679
2026-04-15 04:00:00+00:00,101337.92303964018
2026-04-15 08:00:00+00:00,101324.27453242158
2026-04-15 12:00:00+00:00,101379.91844646663
2026-04-15 16:00:00+00:00,101383.06810197861
2026-04-15 20:00:00+00:00,101378.86856129597
2026-04-16 00:00:00+00:00,101358.9207430534
2026-04-16 04:00:00+00:00,101399.79967322707
2026-04-16 08:00:00+00:00,101415.29614944794
2026-04-16 12:00:00+00:00,101448.22432377862
2026-04-16 16:00:00+00:00,101514.30811770409
2026-04-16 20:00:00+00:00,101497.86208771139
2026-04-17 00:00:00+00:00,101387.63077497618
2026-04-17 04:00:00+00:00,101425.36934942682
2026-04-17 08:00:00+00:00,101453.09933220546
2026-04-17 12:00:00+00:00,101563.24308238285
2026-04-17 16:00:00+00:00,101560.42929315878
2026-04-17 20:00:00+00:00,101513.9556562209
2026-04-18 00:00:00+00:00,101483.05298472215
2026-04-18 04:00:00+00:00,101550.30463562153
2026-04-18 08:00:00+00:00,101328.66569220963
2026-04-18 12:00:00+00:00,101341.87683575833
2026-04-18 16:00:00+00:00,101283.00564675547
2026-04-18 20:00:00+00:00,101286.13099063627
2026-04-19 00:00:00+00:00,101238.75259198475
2026-04-19 04:00:00+00:00,101216.05877011109
2026-04-19 08:00:00+00:00,101230.13678415988
2026-04-19 12:00:00+00:00,101241.47691523052
2026-04-19 16:00:00+00:00,101233.9168278501
2026-04-19 20:00:00+00:00,101202.16446085229
2026-04-20 00:00:00+00:00,101215.77261813707
2026-04-20 04:00:00+00:00,101220.30867056533
2026-04-20 08:00:00+00:00,101211.23656570881
2026-04-20 12:00:00+00:00,101233.9168278501
2026-04-20 16:00:00+00:00,101255.0850725153
2026-04-20 20:00:00+00:00,101256.5970899914
2026-04-21 00:00:00+00:00,101256.5970899914
2026-04-21 04:00:00+00:00,101299.68958805985
2026-04-21 08:00:00+00:00,101311.0297191305
2026-04-21 12:00:00+00:00,101281.54537834681
2026-04-21 16:00:00+00:00,101275.49730844247
2026-04-21 20:00:00+00:00,101296.66555310768
2026-04-22 00:00:00+00:00,101303.46963175006
2026-04-22 04:00:00+00:00,101302.95145309682
2026-04-22 08:00:00+00:00,101292.4356771395
2026-04-22 12:00:00+00:00,101294.18494535108
2026-04-22 16:00:00+00:00,101278.26450532065
2026-04-22 20:00:00+00:00,101259.13908105594
2026-04-23 00:00:00+00:00,101241.48141773578
2026-04-23 04:00:00+00:00,101260.94465072092
2026-04-23 08:00:00+00:00,101257.45815921962
2026-04-23 12:00:00+00:00,101280.17063297058
2026-04-23 16:00:00+00:00,101256.21560408869
2026-04-23 20:00:00+00:00,101270.3747309857
2026-04-24 00:00:00+00:00,101249.51290048279
2026-04-24 04:00:00+00:00,101252.7621412486
2026-04-24 08:00:00+00:00,101269.41450017334
2026-04-24 12:00:00+00:00,101277.94375718354
2026-04-24 16:00:00+00:00,101277.13144699212
2026-04-24 20:00:00+00:00,101277.94375718354
2026-04-25 00:00:00+00:00,101293.78380591683
2026-04-25 04:00:00+00:00,101291.3468753425
2026-04-25 08:00:00+00:00,101301.09459763988
2026-04-25 12:00:00+00:00,101296.22073649119
2026-04-25 16:00:00+00:00,101295.00227120401
2026-04-25 20:00:00+00:00,101293.3776508211
2026-04-26 00:00:00+00:00,101288.09763457668
2026-04-26 04:00:00+00:00,101289.72225495959
2026-04-26 08:00:00+00:00,101291.3468753425
2026-04-26 12:00:00+00:00,101292.9714957254
2026-04-26 16:00:00+00:00,101282.81761833226
2026-04-26 20:00:00+00:00,101282.00530814081
2026-04-27 00:00:00+00:00,101279.56837756645
2026-04-27 04:00:00+00:00,101262.10370845026
2026-04-27 08:00:00+00:00,101273.47605113058
2026-04-27 12:00:00+00:00,101272.66374093913
2026-04-27 16:00:00+00:00,101271.44527565195
2026-04-27 20:00:00+00:00,101274.69451641776
2026-04-28 00:00:00+00:00,101274.69451641776
2026-04-28 04:00:00+00:00,101271.85143074767
2026-04-28 08:00:00+00:00,101262.91601864171
2026-04-28 12:00:00+00:00,101261.72536584012
2026-04-28 16:00:00+00:00,101261.72536584012
2026-04-28 20:00:00+00:00,101261.72536584012
2026-04-29 00:00:00+00:00,101261.72536584012
2026-04-29 04:00:00+00:00,101261.72536584012
2026-04-29 08:00:00+00:00,101261.72536584012
2026-04-29 12:00:00+00:00,101261.72536584012
2026-04-29 16:00:00+00:00,101261.72536584012
2026-04-29 20:00:00+00:00,101261.72536584012
2026-04-30 00:00:00+00:00,101261.72536584012
2026-04-30 04:00:00+00:00,101261.72536584012
2026-04-30 08:00:00+00:00,101261.72536584012
2026-04-30 12:00:00+00:00,101261.72536584012
2026-04-30 16:00:00+00:00,101261.72536584012
2026-04-30 20:00:00+00:00,101261.72536584012
2026-05-01 00:00:00+00:00,101261.72536584012
2026-05-01 04:00:00+00:00,101261.72536584012
2026-05-01 08:00:00+00:00,101261.72536584012
2026-05-01 12:00:00+00:00,101261.72536584012
2026-05-01 16:00:00+00:00,101261.72536584012
2026-05-01 20:00:00+00:00,101261.72536584012
2026-05-02 00:00:00+00:00,101261.72536584012
2026-05-02 04:00:00+00:00,101261.72536584012
2026-05-02 08:00:00+00:00,101268.69988806792
2026-05-02 12:00:00+00:00,101294.00592556893
2026-05-02 16:00:00+00:00,101282.50318125029
2026-05-02 20:00:00+00:00,101265.24906477233
2026-05-03 00:00:00+00:00,101268.69988806792
2026-05-03 04:00:00+00:00,101354.97047045772
2026-05-03 08:00:00+00:00,101340.01690284348
2026-05-03 12:00:00+00:00,101363.02239148076
2026-05-03 16:00:00+00:00,101366.47321477634
2026-05-03 20:00:00+00:00,101367.62348920821
2026-05-04 00:00:00+00:00,101360.72184261703
2026-05-04 04:00:00+00:00,101372.1984048408
2026-05-04 08:00:00+00:00,101349.7023686621
2026-05-04 12:00:00+00:00,101360.1648138348
2026-05-04 16:00:00+00:00,101362.27975132798
2026-05-04 20:00:00+00:00,101365.00235376177
2026-05-05 00:00:00+00:00,101381.440897551
2026-05-05 04:00:00+00:00,101405.23434704762
2026-05-05 08:00:00+00:00,101414.96750113813
2026-05-05 12:00:00+00:00,101448.72043821723
2026-05-05 16:00:00+00:00,101466.69499258652
2026-05-05 20:00:00+00:00,101484.6997022966
2026-05-06 00:00:00+00:00,101536.05225041772
2026-05-06 04:00:00+00:00,101504.48115314022
2026-05-06 08:00:00+00:00,101650.44236502812
2026-05-06 12:00:00+00:00,101584.8888659173
2026-05-06 16:00:00+00:00,101580.98435329618
2026-05-06 20:00:00+00:00,101607.48813492713
2026-05-07 00:00:00+00:00,101451.47669611698
2026-05-07 04:00:00+00:00,101601.28045738101
2026-05-07 08:00:00+00:00,101576.40758812461
2026-05-07 12:00:00+00:00,101476.56267873813
2026-05-07 16:00:00+00:00,101516.25647675147
2026-05-07 20:00:00+00:00,101515.50472373633
2026-05-08 00:00:00+00:00,101495.52703715506
2026-05-08 04:00:00+00:00,101578.3772184994
2026-05-08 08:00:00+00:00,101602.34459491706
2026-05-08 12:00:00+00:00,101757.04200541454
2026-05-08 16:00:00+00:00,101873.17936741174
2026-05-08 20:00:00+00:00,101903.37772225139
2026-05-09 00:00:00+00:00,101951.46655813942
2026-05-09 04:00:00+00:00,101876.73360338405
2026-05-09 08:00:00+00:00,101870.73870173597
2026-05-09 12:00:00+00:00,101782.06106887378
2026-05-09 16:00:00+00:00,101853.92444884007
2026-05-09 20:00:00+00:00,101841.05415617743
2026-05-10 00:00:00+00:00,101805.31940501489
2026-05-10 04:00:00+00:00,101922.23672082352
2026-05-10 08:00:00+00:00,101909.08403305513
2026-05-10 12:00:00+00:00,102017.87675092419
2026-05-10 16:00:00+00:00,102185.36852495269
2026-05-10 20:00:00+00:00,102026.14660533992
2026-05-11 00:00:00+00:00,101830.51535899333
2026-05-11 04:00:00+00:00,101867.22001876743
2026-05-11 08:00:00+00:00,101926.85089526745
2026-05-11 12:00:00+00:00,101959.34364096305
2026-05-11 16:00:00+00:00,102016.9458787778
2026-05-11 20:00:00+00:00,101983.44941348073
2026-05-12 00:00:00+00:00,101807.28498819763
2026-05-12 04:00:00+00:00,101818.05808139873
2026-05-12 08:00:00+00:00,101754.24653138523
2026-05-12 12:00:00+00:00,101649.4919056318
2026-05-12 16:00:00+00:00,101713.08646521442
2026-05-12 20:00:00+00:00,101685.38380743358
2026-05-13 00:00:00+00:00,101727.85806077036
2026-05-13 04:00:00+00:00,101708.44776446078
2026-05-13 08:00:00+00:00,101687.82513308646
2026-05-13 12:00:00+00:00,101594.0916952994
2026-05-13 16:00:00+00:00,101631.90844396544
2026-05-13 20:00:00+00:00,101605.58166734238
2026-05-14 00:00:00+00:00,101583.92200231404
2026-05-14 04:00:00+00:00,101589.34808703429
2026-05-14 08:00:00+00:00,101590.67695858897
2026-05-14 12:00:00+00:00,101603.78511568964
2026-05-14 16:00:00+00:00,101603.94014668165
2026-05-14 20:00:00+00:00,101601.30461981751
2026-05-15 00:00:00+00:00,101606.73070453778
2026-05-15 04:00:00+00:00,101610.91654132197
2026-05-15 08:00:00+00:00,101614.01716116213
2026-05-15 12:00:00+00:00,101590.76251236102
2026-05-15 16:00:00+00:00,101594.4832561692
2026-05-15 20:00:00+00:00,101592.15779128908
2026-05-16 00:00:00+00:00,101580.84052887255
2026-05-16 04:00:00+00:00,101579.29414526737
2026-05-16 08:00:00+00:00,101579.29414526737
2026-05-16 12:00:00+00:00,101579.29414526737
2026-05-16 16:00:00+00:00,101579.29414526737
2026-05-16 20:00:00+00:00,101579.29414526737
2026-05-17 00:00:00+00:00,101579.29414526737
2026-05-17 04:00:00+00:00,101579.29414526737
2026-05-17 08:00:00+00:00,101579.29414526737
2026-05-17 12:00:00+00:00,101579.29414526737
2026-05-17 16:00:00+00:00,101579.29414526737
2026-05-17 20:00:00+00:00,101579.29414526737
2026-05-18 00:00:00+00:00,101579.29414526737
2026-05-18 04:00:00+00:00,101579.29414526737
2026-05-18 08:00:00+00:00,101579.29414526737
2026-05-18 12:00:00+00:00,101579.29414526737
2026-05-18 16:00:00+00:00,101579.29414526737
2026-05-18 20:00:00+00:00,101579.29414526737
2026-05-19 00:00:00+00:00,101579.29414526737
2026-05-19 04:00:00+00:00,101579.29414526737
2026-05-19 08:00:00+00:00,101579.29414526737
2026-05-19 12:00:00+00:00,101579.29414526737
2026-05-19 16:00:00+00:00,101579.29414526737
2026-05-19 20:00:00+00:00,101579.29414526737
2026-05-20 00:00:00+00:00,101579.29414526737
2026-05-20 04:00:00+00:00,101579.29414526737
2026-05-20 08:00:00+00:00,101579.29414526737
2026-05-20 12:00:00+00:00,101579.29414526737
2026-05-20 16:00:00+00:00,101579.29414526737
2026-05-20 20:00:00+00:00,101571.54500607503
2026-05-21 00:00:00+00:00,101574.01924164045
2026-05-21 04:00:00+00:00,101569.96812078351
2026-05-21 08:00:00+00:00,101590.04169700656
2026-05-21 12:00:00+00:00,101624.84927037671
2026-05-21 16:00:00+00:00,101666.85625751778
2026-05-21 20:00:00+00:00,101677.92744448398
2026-05-22 00:00:00+00:00,101731.28577072562
2026-05-22 04:00:00+00:00,101767.92497940345
2026-05-22 08:00:00+00:00,101763.04631608895
2026-05-22 12:00:00+00:00,101733.85847392911
2026-05-22 16:00:00+00:00,101708.1369671085
2026-05-22 20:00:00+00:00,101701.79049791329
2026-05-23 00:00:00+00:00,101714.67899027631
2026-05-23 04:00:00+00:00,101667.98935422783
2026-05-23 08:00:00+00:00,101672.82640911329
2026-05-23 12:00:00+00:00,101720.92914039885
2026-05-23 16:00:00+00:00,101758.50497094507
2026-05-23 20:00:00+00:00,101776.41220268977
2026-05-24 00:00:00+00:00,101758.21140976893
2026-05-24 04:00:00+00:00,101758.79853212122
2026-05-24 08:00:00+00:00,101761.73414388264
2026-05-24 12:00:00+00:00,101773.47659092835
2026-05-24 16:00:00+00:00,101769.36673446234
2026-05-24 20:00:00+00:00,101760.26633800192
2026-05-25 00:00:00+00:00,101746.46896272323
2026-05-25 04:00:00+00:00,101757.03716506436
2026-05-25 08:00:00+00:00,101774.65083563291
2026-05-25 12:00:00+00:00,101853.61879201523
2026-05-25 16:00:00+00:00,101868.88212404583
2026-05-25 20:00:00+00:00,101873.88029591812
2026-05-26 00:00:00+00:00,101875.25296944703
2026-05-26 04:00:00+00:00,101869.31305902345
2026-05-26 08:00:00+00:00,101922.63079697384
2026-05-26 12:00:00+00:00,101895.90909806703
2026-05-26 16:00:00+00:00,101854.10893288691
2026-05-26 20:00:00+00:00,101833.67412872483
2026-05-27 00:00:00+00:00,101801.80162038855
2026-05-27 04:00:00+00:00,101811.48913920125
2026-05-27 08:00:00+00:00,101815.94597998839
2026-05-27 12:00:00+00:00,101816.31940976062
2026-05-27 16:00:00+00:00,101823.37796640924
2026-05-27 20:00:00+00:00,101748.11779976785
2026-05-28 00:00:00+00:00,101692.47631442455
2026-05-28 04:00:00+00:00,101689.20506742955
2026-05-28 08:00:00+00:00,101689.20506742955
2026-05-28 12:00:00+00:00,101689.20506742955
2026-05-28 16:00:00+00:00,101689.20506742955
2026-05-28 20:00:00+00:00,101689.20506742955
2026-05-29 00:00:00+00:00,101689.20506742955
2026-05-29 04:00:00+00:00,101689.20506742955
2026-05-29 08:00:00+00:00,101689.20506742955
2026-05-29 12:00:00+00:00,101689.20506742955
2026-05-29 16:00:00+00:00,101689.20506742955
2026-05-29 20:00:00+00:00,101717.30751932437
2026-05-30 00:00:00+00:00,101768.20128087941
2026-05-30 04:00:00+00:00,101707.36617231507
2026-05-30 08:00:00+00:00,101708.40482051007
2026-05-30 12:00:00+00:00,101706.77265906079
2026-05-30 16:00:00+00:00,101697.42482530579
2026-05-30 20:00:00+00:00,101673.09078188005
2026-05-31 00:00:00+00:00,101690.0059096272
2026-05-31 04:00:00+00:00,101675.61321321076
2026-05-31 08:00:00+00:00,101724.28130006223
2026-05-31 12:00:00+00:00,101695.94104217006
2026-05-31 16:00:00+00:00,101693.41861083935
2026-05-31 20:00:00+00:00,101718.04941089223
2026-06-01 00:00:00+00:00,101723.24265186723
2026-06-01 04:00:00+00:00,101710.9272518408
2026-06-01 08:00:00+00:00,101719.53319402794
2026-06-01 12:00:00+00:00,101703.06320122149
2026-06-01 16:00:00+00:00,101701.72779639935
2026-06-01 20:00:00+00:00,101693.12185421221
2026-06-02 00:00:00+00:00,101682.43861563505
2026-06-02 04:00:00+00:00,101673.68429513433
2026-06-02 08:00:00+00:00,101674.27780838862
2026-06-02 12:00:00+00:00,101656.47241076003
2026-06-02 16:00:00+00:00,101655.98648543388
2026-06-02 20:00:00+00:00,101655.98648543388
2026-06-03 00:00:00+00:00,101655.98648543388
2026-06-03 04:00:00+00:00,101655.98648543388
2026-06-03 08:00:00+00:00,101664.42501657663
2026-06-03 12:00:00+00:00,101663.84776032125
2026-06-03 16:00:00+00:00,101655.09270711456
2026-06-03 20:00:00+00:00,101651.43675083047
2026-06-04 00:00:00+00:00,101643.25895387915
2026-06-04 04:00:00+00:00,101617.29754079299
2026-06-04 08:00:00+00:00,101617.29754079299
2026-06-04 12:00:00+00:00,101617.29754079299
2026-06-04 16:00:00+00:00,101617.29754079299
2026-06-04 20:00:00+00:00,101617.29754079299
2026-06-05 00:00:00+00:00,101617.29754079299
2026-06-05 04:00:00+00:00,101617.29754079299
2026-06-05 08:00:00+00:00,101617.29754079299
2026-06-05 12:00:00+00:00,101617.29754079299
2026-06-05 16:00:00+00:00,101617.29754079299
2026-06-05 20:00:00+00:00,101617.29754079299
2026-06-06 00:00:00+00:00,101617.29754079299
2026-06-06 04:00:00+00:00,101617.29754079299
2026-06-06 08:00:00+00:00,101617.29754079299
2026-06-06 12:00:00+00:00,101617.29754079299
2026-06-06 16:00:00+00:00,101617.29754079299
2026-06-06 20:00:00+00:00,101617.29754079299
2026-06-07 00:00:00+00:00,101617.29754079299
2026-06-07 04:00:00+00:00,101617.29754079299
2026-06-07 08:00:00+00:00,101617.29754079299
2026-06-07 12:00:00+00:00,101617.29754079299
2026-06-07 16:00:00+00:00,101617.29754079299
2026-06-07 20:00:00+00:00,101617.29754079299
2026-06-08 00:00:00+00:00,101617.29754079299
2026-06-08 04:00:00+00:00,101617.29754079299
2026-06-08 08:00:00+00:00,101617.29754079299
2026-06-08 12:00:00+00:00,101617.29754079299
2026-06-08 16:00:00+00:00,101617.29754079299
2026-06-08 20:00:00+00:00,101617.29754079299
2026-06-09 00:00:00+00:00,101617.29754079299
2026-06-09 04:00:00+00:00,101617.29754079299
2026-06-09 08:00:00+00:00,101617.29754079299
2026-06-09 12:00:00+00:00,101617.29754079299
2026-06-09 16:00:00+00:00,101617.29754079299
2026-06-09 20:00:00+00:00,101617.29754079299
2026-06-10 00:00:00+00:00,101617.29754079299
2026-06-10 04:00:00+00:00,101617.29754079299
2026-06-10 08:00:00+00:00,101617.29754079299
2026-06-10 12:00:00+00:00,101617.29754079299
2026-06-10 16:00:00+00:00,101617.29754079299
2026-06-10 20:00:00+00:00,101617.29754079299
2026-06-11 00:00:00+00:00,101617.29754079299
2026-06-11 04:00:00+00:00,101617.29754079299
2026-06-11 08:00:00+00:00,101630.85425661632
2026-06-11 12:00:00+00:00,101640.86224830087
2026-06-11 16:00:00+00:00,101644.86544497471
2026-06-11 20:00:00+00:00,101656.12443561983
2026-06-12 00:00:00+00:00,101648.36824206432
2026-06-12 04:00:00+00:00,101618.5352756338
2026-06-12 08:00:00+00:00,101612.33270960988
2026-06-12 12:00:00+00:00,101599.76908522219
2026-06-12 16:00:00+00:00,101599.27159584247
2026-06-12 20:00:00+00:00,101604.02539189265
2026-06-13 00:00:00+00:00,101607.52818898225
2026-06-13 04:00:00+00:00,101605.0261910611
2026-06-13 08:00:00+00:00,101605.52659064534
2026-06-13 12:00:00+00:00,101603.02459272419
2026-06-13 16:00:00+00:00,101599.77199542671
2026-06-13 20:00:00+00:00,101596.51939812923
2026-06-14 00:00:00+00:00,101597.01979771344
2026-06-14 04:00:00+00:00,101594.01740020807
2026-06-14 08:00:00+00:00,101594.01740020807
2026-06-14 12:00:00+00:00,101598.52099646613
2026-06-14 16:00:00+00:00,101604.52579147689
2026-06-14 20:00:00+00:00,101611.03098607186
2026-06-15 00:00:00+00:00,101601.8123053906
2026-06-15 04:00:00+00:00,101599.38931927839
2026-06-15 08:00:00+00:00,101708.88714337628
2026-06-15 12:00:00+00:00,101781.38829775981
2026-06-15 16:00:00+00:00,101686.02780367981
2026-06-15 20:00:00+00:00,101688.62196103795
2026-06-16 00:00:00+00:00,101689.24117409694
2026-06-16 04:00:00+00:00,101742.43688943068
2026-06-16 08:00:00+00:00,101761.8959826827
2026-06-16 12:00:00+00:00,101675.7121247368
2026-06-16 16:00:00+00:00,101743.02677270127
2026-06-16 20:00:00+00:00,101782.61174477712
2026-06-17 00:00:00+00:00,101886.51572744743
2026-06-17 04:00:00+00:00,101911.27077631254
2026-06-17 08:00:00+00:00,101752.66304404315
2026-06-17 12:00:00+00:00,101878.6084805943
2026-06-17 16:00:00+00:00,101687.89495075285
2026-06-17 20:00:00+00:00,101727.35923791412
2026-06-18 00:00:00+00:00,101689.85215101257
2026-06-18 04:00:00+00:00,101664.36066626917
2026-06-18 08:00:00+00:00,101680.11889864545
2026-06-18 12:00:00+00:00,101635.0097160324
2026-06-18 16:00:00+00:00,101647.91088467499
2026-06-18 20:00:00+00:00,101624.21486063758
2026-06-19 00:00:00+00:00,101615.19720704557
2026-06-19 04:00:00+00:00,101599.53150226531
2026-06-19 08:00:00+00:00,101598.61654842316
2026-06-19 12:00:00+00:00,101598.61654842316
2026-06-19 16:00:00+00:00,101598.61654842316
2026-06-19 20:00:00+00:00,101598.61654842316
2026-06-20 00:00:00+00:00,101598.61654842316
2026-06-20 04:00:00+00:00,101598.61654842316
2026-06-20 08:00:00+00:00,101598.61654842316
2026-06-20 12:00:00+00:00,101598.61654842316
2026-06-20 16:00:00+00:00,101598.61654842316
2026-06-20 20:00:00+00:00,101598.61654842316
2026-06-21 00:00:00+00:00,101598.61654842316
2026-06-21 04:00:00+00:00,101598.61654842316
2026-06-21 08:00:00+00:00,101598.61654842316
2026-06-21 12:00:00+00:00,101598.61654842316
2026-06-21 16:00:00+00:00,101598.61654842316
2026-06-21 20:00:00+00:00,101598.61654842316
2026-06-22 00:00:00+00:00,101598.61654842316
2026-06-22 04:00:00+00:00,101598.61654842316
2026-06-22 08:00:00+00:00,101598.61654842316
2026-06-22 12:00:00+00:00,101598.61654842316
2026-06-22 16:00:00+00:00,101598.61654842316
2026-06-22 20:00:00+00:00,101598.61654842316
2026-06-23 00:00:00+00:00,101598.61654842316
2026-06-23 04:00:00+00:00,101598.61654842316
2026-06-23 08:00:00+00:00,101598.61654842316
2026-06-23 12:00:00+00:00,101598.61654842316
2026-06-23 16:00:00+00:00,101598.61654842316
2026-06-23 20:00:00+00:00,101598.61654842316
2026-06-24 00:00:00+00:00,101598.61654842316
2026-06-24 04:00:00+00:00,101598.61654842316
2026-06-24 08:00:00+00:00,101598.61654842316
2026-06-24 12:00:00+00:00,101598.61654842316
2026-06-24 16:00:00+00:00,101598.61654842316
2026-06-24 20:00:00+00:00,101598.61654842316
2026-06-25 00:00:00+00:00,101598.61654842316
2026-06-25 04:00:00+00:00,101598.61654842316
2026-06-25 08:00:00+00:00,101598.61654842316
2026-06-25 12:00:00+00:00,101598.61654842316
2026-06-25 16:00:00+00:00,101598.61654842316
2026-06-25 20:00:00+00:00,101598.61654842316
2026-06-26 00:00:00+00:00,101598.61654842316
2026-06-26 04:00:00+00:00,101598.61654842316
2026-06-26 08:00:00+00:00,101598.61654842316
2026-06-26 12:00:00+00:00,101598.61654842316
2026-06-26 16:00:00+00:00,101598.61654842316
2026-06-26 20:00:00+00:00,101598.61654842316
2026-06-27 00:00:00+00:00,101598.61654842316
2026-06-27 04:00:00+00:00,101598.61654842316
2026-06-27 08:00:00+00:00,101598.61654842316
2026-06-27 12:00:00+00:00,101598.61654842316
2026-06-27 16:00:00+00:00,101598.61654842316
2026-06-27 20:00:00+00:00,101598.61654842316
2026-06-28 00:00:00+00:00,101598.61654842316
2026-06-28 04:00:00+00:00,101598.61654842316
2026-06-28 08:00:00+00:00,101598.61654842316
2026-06-28 12:00:00+00:00,101598.61654842316
2026-06-28 16:00:00+00:00,101598.61654842316
2026-06-28 20:00:00+00:00,101598.61654842316
2026-06-29 00:00:00+00:00,101598.61654842316
2026-06-29 04:00:00+00:00,101598.61654842316
2026-06-29 08:00:00+00:00,101598.61654842316
2026-06-29 12:00:00+00:00,101598.61654842316
2026-06-29 16:00:00+00:00,101598.61654842316
2026-06-29 20:00:00+00:00,101598.61654842316
2026-06-30 00:00:00+00:00,101598.61654842316
2026-06-30 04:00:00+00:00,101598.61654842316
2026-06-30 08:00:00+00:00,101598.61654842316
2026-06-30 12:00:00+00:00,101598.61654842316
2026-06-30 16:00:00+00:00,101598.61654842316
2026-06-30 20:00:00+00:00,101598.61654842316
2026-07-01 00:00:00+00:00,101598.61654842316
2026-07-01 04:00:00+00:00,101598.61654842316
2026-07-01 08:00:00+00:00,101598.61654842316
2026-07-01 12:00:00+00:00,101598.61654842316
2026-07-01 16:00:00+00:00,101598.61654842316
2026-07-01 20:00:00+00:00,101598.61654842316
2026-07-02 00:00:00+00:00,101598.61654842316
2026-07-02 04:00:00+00:00,101598.61654842316
2026-07-02 08:00:00+00:00,101598.61654842316
2026-07-02 12:00:00+00:00,101598.61654842316
2026-07-02 16:00:00+00:00,101598.61654842316
2026-07-02 20:00:00+00:00,101598.61654842316
2026-07-03 00:00:00+00:00,101598.61654842316
2026-07-03 04:00:00+00:00,101598.61654842316
2026-07-03 08:00:00+00:00,101608.99999680027
2026-07-03 12:00:00+00:00,101613.70645035818
2026-07-03 16:00:00+00:00,101629.68277101006
2026-07-03 20:00:00+00:00,101633.55213631838
2026-07-04 00:00:00+00:00,101623.77864643876
2026-07-04 04:00:00+00:00,101593.15720671968
2026-07-04 08:00:00+00:00,101593.85280668718
2026-07-04 12:00:00+00:00,101640.56354925846
2026-07-04 16:00:00+00:00,101645.13766206722
2026-07-04 20:00:00+00:00,101621.54554113618
2026-07-05 00:00:00+00:00,101577.00621951162
2026-07-05 04:00:00+00:00,101575.28979683356
2026-07-05 08:00:00+00:00,101568.34664154146
2026-07-05 12:00:00+00:00,101580.90401995511
2026-07-05 16:00:00+00:00,101580.09441116318
2026-07-05 20:00:00+00:00,101592.80747929207
2026-07-06 00:00:00+00:00,101558.87849441887
2026-07-06 04:00:00+00:00,101539.78050184285
2026-07-06 08:00:00+00:00,101520.04325264884
2026-07-06 12:00:00+00:00,101532.15030037405
2026-07-06 16:00:00+00:00,101539.87881312327
2026-07-06 20:00:00+00:00,101552.66047470912
2026-07-07 00:00:00+00:00,101539.9047383042
2026-07-07 04:00:00+00:00,101534.65344072398
2026-07-07 08:00:00+00:00,101554.71760244918
2026-07-07 12:00:00+00:00,101568.73715987307
2026-07-07 16:00:00+00:00,101564.32817239
2026-07-07 20:00:00+00:00,101551.44850405201
2026-07-08 00:00:00+00:00,101527.34089496522
2026-07-08 04:00:00+00:00,101518.17562588782
2026-07-08 08:00:00+00:00,101499.845087733
2026-07-08 12:00:00+00:00,101508.09382990267
2026-07-08 16:00:00+00:00,101521.84173351878
2026-07-08 20:00:00+00:00,101507.17730299494
2026-07-09 00:00:00+00:00,101513.59299134911
2026-07-09 04:00:00+00:00,101537.42269095036
2026-07-09 08:00:00+00:00,101528.25742187296
2026-07-09 12:00:00+00:00,101534.67311022713
2026-07-09 16:00:00+00:00,101538.3392178581
2026-07-09 20:00:00+00:00,101542.00532548907
2026-07-10 00:00:00+00:00,101533.7565833194
2026-07-10 04:00:00+00:00,101526.42436805749
2026-07-10 08:00:00+00:00,101517.25909898008
2026-07-10 12:00:00+00:00,101528.25742187296
2026-07-10 16:00:00+00:00,101530.09047568843
2026-07-10 20:00:00+00:00,101526.42436805749
2026-07-11 00:00:00+00:00,101521.84173351878
2026-07-11 04:00:00+00:00,101516.34257207235
2026-07-11 08:00:00+00:00,101528.25742187296
2026-07-11 12:00:00+00:00,101534.67311022713
2026-07-11 16:00:00+00:00,101534.15075271425
2026-07-11 20:00:00+00:00,101508.3037250938
2026-07-12 00:00:00+00:00,101510.51590978526
2026-07-12 04:00:00+00:00,101504.76517025134
2026-07-12 08:00:00+00:00,101498.84110211427
2026-07-12 12:00:00+00:00,101506.42371963384
2026-07-12 16:00:00+00:00,101506.55009659249
2026-07-12 20:00:00+00:00,101495.55530118913
2026-07-13 00:00:00+00:00,101485.746736954
2026-07-13 04:00:00+00:00,101485.746736954
2026-07-13 08:00:00+00:00,101485.746736954
2026-07-13 12:00:00+00:00,101485.746736954
2026-07-13 16:00:00+00:00,101485.746736954
2026-07-13 20:00:00+00:00,101485.746736954
2026-07-14 00:00:00+00:00,101485.746736954
2026-07-14 04:00:00+00:00,101485.746736954
2026-07-14 08:00:00+00:00,101485.746736954
2026-07-14 12:00:00+00:00,101485.746736954
2026-07-14 16:00:00+00:00,101485.746736954
2026-07-14 20:00:00+00:00,101485.746736954
2026-07-15 00:00:00+00:00,101485.746736954
2026-07-15 04:00:00+00:00,101485.746736954
2026-07-15 08:00:00+00:00,101485.746736954
2026-07-15 12:00:00+00:00,101483.58675927689
2026-07-15 16:00:00+00:00,101471.75714879774
2026-07-15 20:00:00+00:00,101480.85684916633
2026-07-16 00:00:00+00:00,101480.25020247509
2026-07-16 04:00:00+00:00,101476.0036756364
2026-07-16 08:00:00+00:00,101470.54385541525
2026-07-16 12:00:00+00:00,101480.85684916633
2026-07-16 16:00:00+00:00,101469.33056203279
2026-07-16 20:00:00+00:00,101452.19602001901
2026-07-17 00:00:00+00:00,101452.19602001901
2026-07-17 04:00:00+00:00,101452.19602001901
2026-07-17 08:00:00+00:00,101452.19602001901
2026-07-17 12:00:00+00:00,101452.19602001901
2026-07-17 16:00:00+00:00,101452.19602001901
2026-07-17 20:00:00+00:00,101452.19602001901
2026-07-18 00:00:00+00:00,101452.19602001901
2026-07-18 04:00:00+00:00,101452.19602001901
2026-07-18 08:00:00+00:00,101452.19602001901
2026-07-18 12:00:00+00:00,101452.19602001901
2026-07-18 16:00:00+00:00,101452.19602001901
2026-07-18 20:00:00+00:00,101452.19602001901
2026-07-19 00:00:00+00:00,101452.19602001901
2026-07-19 04:00:00+00:00,101452.19602001901
2026-07-19 08:00:00+00:00,101452.19602001901
2026-07-19 12:00:00+00:00,101452.19602001901
2026-07-19 16:00:00+00:00,101452.19602001901
2026-07-19 20:00:00+00:00,101452.19602001901
2026-07-20 00:00:00+00:00,101452.19602001901
2026-07-20 04:00:00+00:00,101452.19602001901
2026-07-20 08:00:00+00:00,101452.19602001901
2026-07-20 12:00:00+00:00,101452.19602001901
2026-07-20 16:00:00+00:00,101452.19602001901
2026-07-20 20:00:00+00:00,101452.19602001901
2026-07-21 00:00:00+00:00,101452.19602001901
2026-07-21 04:00:00+00:00,101452.19602001901
2026-07-21 08:00:00+00:00,101452.19602001901
2026-07-21 12:00:00+00:00,101452.19602001901
2026-07-21 16:00:00+00:00,101454.6624188959
2026-07-21 20:00:00+00:00,101458.24321360441
2026-07-22 00:00:00+00:00,101447.50082947893
2026-07-22 04:00:00+00:00,101451.08162418741
2026-07-22 08:00:00+00:00,101461.82400831289
2026-07-22 12:00:00+00:00,101442.72643653426
2026-07-22 16:00:00+00:00,101445.11363300658
2026-07-22 20:00:00+00:00,101448.69442771509
2026-07-23 00:00:00+00:00,101445.11363300658
2026-07-23 04:00:00+00:00,101452.27522242357
2026-07-23 08:00:00+00:00,101422.01235779797
2026-07-23 12:00:00+00:00,101422.01235779797
2026-07-23 16:00:00+00:00,101422.01235779797
2026-07-23 20:00:00+00:00,101422.01235779797
2026-07-24 00:00:00+00:00,101422.01235779797
2026-07-24 04:00:00+00:00,101422.01235779797
2026-07-24 08:00:00+00:00,101422.01235779797
2026-07-24 12:00:00+00:00,101422.01235779797
2026-07-24 16:00:00+00:00,101422.01235779797
2026-07-24 20:00:00+00:00,101422.01235779797
2026-07-25 00:00:00+00:00,101422.01235779797
2026-07-25 04:00:00+00:00,101422.01235779797
2026-07-25 08:00:00+00:00,101422.01235779797
2026-07-25 12:00:00+00:00,101422.01235779797
2026-07-25 16:00:00+00:00,101422.01235779797
2026-07-25 20:00:00+00:00,101422.01235779797
2026-07-26 00:00:00+00:00,101422.01235779797
2026-07-26 04:00:00+00:00,101422.01235779797
2026-07-26 08:00:00+00:00,101422.01235779797
2026-07-26 12:00:00+00:00,101422.01235779797
2026-07-26 16:00:00+00:00,101422.01235779797
2026-07-26 20:00:00+00:00,101422.01235779797
2026-07-27 00:00:00+00:00,101422.01235779797
2026-07-27 04:00:00+00:00,101422.01235779797
2026-07-27 08:00:00+00:00,101422.01235779797
2026-07-27 12:00:00+00:00,101422.01235779797
2026-07-27 16:00:00+00:00,101422.01235779797
2026-07-27 20:00:00+00:00,101422.01235779797
2026-07-28 00:00:00+00:00,101422.01235779797
2026-07-28 04:00:00+00:00,101422.01235779797
2026-07-28 08:00:00+00:00,101422.01235779797
2026-07-28 12:00:00+00:00,101422.01235779797
2026-07-28 16:00:00+00:00,101422.01235779797
2026-07-28 20:00:00+00:00,101422.01235779797
2026-07-29 00:00:00+00:00,101422.01235779797
2026-07-29 04:00:00+00:00,101422.01235779797
2026-07-29 08:00:00+00:00,101422.01235779797
2026-07-29 12:00:00+00:00,101422.01235779797
2026-07-29 16:00:00+00:00,101422.01235779797
2026-07-29 20:00:00+00:00,101422.01235779797
2026-07-30 00:00:00+00:00,101422.01235779797
2026-07-30 04:00:00+00:00,101422.01235779797
2026-07-30 08:00:00+00:00,101422.01235779797
2026-07-30 12:00:00+00:00,101446.52544366234
2026-07-30 16:00:00+00:00,101457.0954460703
2026-07-30 20:00:00+00:00,101459.3604465863
2026-07-31 00:00:00+00:00,101453.19461184833
2026-07-31 04:00:00+00:00,101455.20794564032
2026-07-31 08:00:00+00:00,101450.42627788434
2026-07-31 12:00:00+00:00,101436.83627478837
2026-07-31 16:00:00+00:00,101434.57127427237
2026-07-31 20:00:00+00:00,101449.16794426434
2026-08-01 00:00:00+00:00,101443.50544297436
2026-08-01 04:00:00+00:00,101417.83543712643
2026-08-01 08:00:00+00:00,101413.80876954243
2026-08-01 12:00:00+00:00,101417.70960376441
2026-08-01 16:00:00+00:00,101412.29876919845
2026-08-01 20:00:00+00:00,101411.53326552696
2026-08-02 00:00:00+00:00,101411.53326552696
2026-08-02 04:00:00+00:00,101411.53326552696
2026-08-02 08:00:00+00:00,101411.53326552696
2026-08-02 12:00:00+00:00,101411.53326552696
2026-08-02 16:00:00+00:00,101411.53326552696
2026-08-02 20:00:00+00:00,101411.53326552696
2026-08-03 00:00:00+00:00,101411.53326552696
2026-08-03 04:00:00+00:00,101411.53326552696
2026-08-03 08:00:00+00:00,101411.53326552696
2026-08-03 12:00:00+00:00,101411.53326552696
2026-08-03 16:00:00+00:00,101418.89539429673
2026-08-03 20:00:00+00:00,101408.43369547967
2026-08-04 00:00:00+00:00,101428.13460178568
2026-08-04 04:00:00+00:00,101425.12034530239
2026-08-04 08:00:00+00:00,101420.24187279915
2026-08-04 12:00:00+00:00,101405.55149607791
2026-08-04 16:00:00+00:00,101414.42717263565
2026-08-04 20:00:00+00:00,101414.18827691887
2026-08-05 00:00:00+00:00,101386.88174374495
2026-08-05 04:00:00+00:00,101418.05669047387
2026-08-05 08:00:00+00:00,101385.6744829948
2026-08-05 12:00:00+00:00,101391.95661600085
2026-08-05 16:00:00+00:00,101382.32537419436
2026-08-05 20:00:00+00:00,101368.73018789559
2026-08-06 00:00:00+00:00,101359.21464801271
2026-08-06 04:00:00+00:00,101352.55456430253
2026-08-06 08:00:00+00:00,101325.76005449556
2026-08-06 12:00:00+00:00,101332.76150842552
2026-08-06 16:00:00+00:00,101340.77587903978
2026-08-06 20:00:00+00:00,101322.56636005611
2026-08-07 00:00:00+00:00,101342.58269066073
2026-08-07 04:00:00+00:00,101335.50453182691
2026-08-07 08:00:00+00:00,101331.61952802594
2026-08-07 12:00:00+00:00,101327.65682414893
2026-08-07 16:00:00+00:00,101326.72442323671
2026-08-07 20:00:00+00:00,101330.84252726575
2026-08-08 00:00:00+00:00,101321.28541791532
2026-08-08 04:00:00+00:00,101317.71121441844
2026-08-08 08:00:00+00:00,101312.43628747758
2026-08-08 12:00:00+00:00,101325.90805916247
2026-08-08 16:00:00+00:00,101324.03697976179
2026-08-08 20:00:00+00:00,101321.0432527207
2026-08-09 00:00:00+00:00,101324.41119564194
2026-08-09 04:00:00+00:00,101322.54011624126
2026-08-09 08:00:00+00:00,101362.20699953564
2026-08-09 12:00:00+00:00,101376.80141886097
2026-08-09 16:00:00+00:00,101363.7038630562
2026-08-09 20:00:00+00:00,101358.83905661444
2026-08-10 00:00:00+00:00,101376.80141886097
2026-08-10 04:00:00+00:00,101361.45856777538
2026-08-10 08:00:00+00:00,101383.53730470341
2026-08-10 12:00:00+00:00,101372.31082829932
2026-08-10 16:00:00+00:00,101438.54703908338
2026-08-10 20:00:00+00:00,101456.88361721003
2026-08-11 00:00:00+00:00,101472.22646829562
2026-08-11 04:00:00+00:00,101450.52194724773
2026-08-11 08:00:00+00:00,101471.85225241547
2026-08-11 12:00:00+00:00,101465.11636657303
2026-08-11 16:00:00+00:00,101474.84597945656
2026-08-11 20:00:00+00:00,101480.53584406222
2026-08-12 00:00:00+00:00,101462.40912901954
2026-08-12 04:00:00+00:00,101529.51261407224
2026-08-12 08:00:00+00:00,101488.78250439162
2026-08-12 12:00:00+00:00,101485.68384580855
2026-08-12 16:00:00+00:00,101435.94221481279
2026-08-12 20:00:00+00:00,101446.5251909986
2026-08-13 00:00:00+00:00,101419.28202309879
2026-08-13 04:00:00+00:00,101407.31063965627
2026-08-13 08:00:00+00:00,101438.26814442463
2026-08-13 12:00:00+00:00,101479.76437422051
2026-08-13 16:00:00+00:00,101475.81235233517
2026-08-13 20:00:00+00:00,101469.22564919299
2026-08-14 00:00:00+00:00,101493.59645081911
2026-08-14 04:00:00+00:00,101501.50049458977
2026-08-14 08:00:00+00:00,101504.79384616087
2026-08-14 12:00:00+00:00,101481.74038516317
2026-08-14 16:00:00+00:00,101460.66293510812
2026-08-14 20:00:00+00:00,101475.15368202096
2026-08-15 00:00:00+00:00,101467.2496382503
2026-08-15 04:00:00+00:00,101436.5808228323
2026-08-15 08:00:00+00:00,101431.10661843163
2026-08-15 12:00:00+00:00,101442.65039163621
2026-08-15 16:00:00+00:00,101447.09192456011
2026-08-15 20:00:00+00:00,101437.80310695275
2026-08-16 00:00:00+00:00,101432.06827173429
2026-08-16 04:00:00+00:00,101430.61436984793
2026-08-16 08:00:00+00:00,101434.32989689088
2026-08-16 12:00:00+00:00,101431.74518242621
2026-08-16 16:00:00+00:00,101437.48001764467
2026-08-16 20:00:00+00:00,101431.58363777216
2026-08-17 00:00:00+00:00,101439.49932582019
2026-08-17 04:00:00+00:00,101433.11831198557
2026-08-17 08:00:00+00:00,101441.68017864972
2026-08-17 12:00:00+00:00,101442.08404028483
2026-08-17 16:00:00+00:00,101439.33778116613
2026-08-17 20:00:00+00:00,101444.18412078737
2026-08-18 00:00:00+00:00,101434.00680758277
2026-08-18 04:00:00+00:00,101434.65298619895
2026-08-18 08:00:00+00:00,101435.78379877724
2026-08-18 12:00:00+00:00,101438.4492855689
2026-08-18 16:00:00+00:00,101440.54936607144
2026-08-18 20:00:00+00:00,101443.29562519013
2026-08-19 00:00:00+00:00,101456.78460380257
2026-08-19 04:00:00+00:00,101456.62305914852
2026-08-19 08:00:00+00:00,101462.03480505891
2026-08-19 12:00:00+00:00,101474.39297109304
2026-08-19 16:00:00+00:00,101490.38589184312
2026-08-19 20:00:00+00:00,101525.11799246195
2026-08-20 00:00:00+00:00,101516.31380881669
2026-08-20 04:00:00+00:00,101524.63335849982
2026-08-20 08:00:00+00:00,101534.32603774228
2026-08-20 12:00:00+00:00,101547.11330794278
2026-08-20 16:00:00+00:00,101550.75344075056
2026-08-20 20:00:00+00:00,101534.8556675555
2026-08-21 00:00:00+00:00,101568.4137769946
2026-08-21 04:00:00+00:00,101706.50464610028
2026-08-21 08:00:00+00:00,101694.41745534173
2026-08-21 12:00:00+00:00,101747.71295850439
2026-08-21 16:00:00+00:00,101717.05963685701
2026-08-21 20:00:00+00:00,101892.11747283259
2026-08-22 00:00:00+00:00,101942.35830949151
2026-08-22 04:00:00+00:00,101567.29671765995
2026-08-22 08:00:00+00:00,101552.91457819502
2026-08-22 12:00:00+00:00,101542.63255533343
2026-08-22 16:00:00+00:00,101567.8701030591
2026-08-22 20:00:00+00:00,101550.82247680248
2026-08-23 00:00:00+00:00,101519.54860925264
2026-08-23 04:00:00+00:00,101508.02775030103
2026-08-23 08:00:00+00:00,101532.11288074608
2026-08-23 12:00:00+00:00,101544.06387129039
2026-08-23 16:00:00+00:00,101551.73957498497
2026-08-23 20:00:00+00:00,101554.96248895579
2026-08-24 00:00:00+00:00,101520.47135391747
2026-08-24 04:00:00+00:00,101536.09797595476
2026-08-24 08:00:00+00:00,101556.55731202094
2026-08-24 12:00:00+00:00,101534.82489079714
2026-08-24 16:00:00+00:00,101524.59172382261
2026-08-24 20:00:00+00:00,101529.49042822176
2026-08-25 00:00:00+00:00,101539.02156281017
2026-08-25 04:00:00+00:00,101526.50185212199
2026-08-25 08:00:00+00:00,101523.43250369522
2026-08-25 12:00:00+00:00,101525.85567350584
2026-08-25 16:00:00+00:00,101515.83990495527
2026-08-25 20:00:00+00:00,101501.94706470775
2026-08-26 00:00:00+00:00,101511.07433766106
2026-08-26 04:00:00+00:00,101505.90490873175
2026-08-26 08:00:00+00:00,101510.34738671788
2026-08-26 12:00:00+00:00,101497.58535904865
2026-08-26 16:00:00+00:00,101496.22483938228
2026-08-26 20:00:00+00:00,101496.22483938228
2026-08-27 00:00:00+00:00,101496.22483938228
2026-08-27 04:00:00+00:00,101496.22483938228
2026-08-27 08:00:00+00:00,101496.22483938228
2026-08-27 12:00:00+00:00,101496.22483938228
2026-08-27 16:00:00+00:00,101496.22483938228
2026-08-27 20:00:00+00:00,101496.22483938228
2026-08-28 00:00:00+00:00,101496.22483938228
2026-08-28 04:00:00+00:00,101496.22483938228
2026-08-28 08:00:00+00:00,101496.22483938228
2026-08-28 12:00:00+00:00,101496.22483938228
2026-08-28 16:00:00+00:00,101496.22483938228
2026-08-28 20:00:00+00:00,101496.22483938228
2026-08-29 00:00:00+00:00,101496.22483938228
2026-08-29 04:00:00+00:00,101496.22483938228
2026-08-29 08:00:00+00:00,101496.22483938228
2026-08-29 12:00:00+00:00,101496.22483938228
2026-08-29 16:00:00+00:00,101496.22483938228
2026-08-29 20:00:00+00:00,101496.22483938228
2026-08-30 00:00:00+00:00,101496.22483938228
2026-08-30 04:00:00+00:00,101496.22483938228
2026-08-30 08:00:00+00:00,101496.22483938228
2026-08-30 12:00:00+00:00,101496.22483938228
2026-08-30 16:00:00+00:00,101496.22483938228
2026-08-30 20:00:00+00:00,101496.22483938228
2026-08-31 00:00:00+00:00,101496.22483938228
2026-08-31 04:00:00+00:00,101496.22483938228
2026-08-31 08:00:00+00:00,101496.22483938228
2026-08-31 12:00:00+00:00,101496.22483938228
2026-08-31 16:00:00+00:00,101496.22483938228
2026-08-31 20:00:00+00:00,101496.22483938228
2026-09-01 00:00:00+00:00,101496.22483938228
2026-09-01 04:00:00+00:00,101496.22483938228
2026-09-01 08:00:00+00:00,101501.22876974102
2026-09-01 12:00:00+00:00,101490.15735334935
2026-09-01 16:00:00+00:00,101485.81942996784
2026-09-01 20:00:00+00:00,101498.18574886143
2026-09-02 00:00:00+00:00,101511.39375438131
2026-09-02 04:00:00+00:00,101527.58003565564
2026-09-02 08:00:00+00:00,101491.90547172699
2026-09-02 12:00:00+00:00,101500.06335748927
2026-09-02 16:00:00+00:00,101498.18574886143
2026-09-02 20:00:00+00:00,101504.54915591847
2026-09-03 00:00:00+00:00,101487.7333211645
2026-09-03 04:00:00+00:00,101486.44541152302
2026-09-03 08:00:00+00:00,101521.2407816647
2026-09-03 12:00:00+00:00,101537.92321411811
2026-09-03 16:00:00+00:00,101534.53558679449
2026-09-03 20:00:00+00:00,101535.55571369425
2026-09-04 00:00:00+00:00,101545.44382006282
2026-09-04 04:00:00+00:00,101522.86576693802
2026-09-04 08:00:00+00:00,101530.01814723609
2026-09-04 12:00:00+00:00,101516.35966422461
2026-09-04 16:00:00+00:00,101509.18757677433
2026-09-04 20:00:00+00:00,101507.83428629316
2026-09-05 00:00:00+00:00,101532.79519475481
2026-09-05 04:00:00+00:00,101531.24629970631
2026-09-05 08:00:00+00:00,101545.11349994453
2026-09-05 12:00:00+00:00,101590.61179498516
2026-09-05 16:00:00+00:00,101641.91891565197
2026-09-05 20:00:00+00:00,101625.55044039554
2026-09-06 00:00:00+00:00,101670.18998756536
2026-09-06 04:00:00+00:00,101633.80259851049
2026-09-06 08:00:00+00:00,101698.57903387072
2026-09-06 12:00:00+00:00,101635.31128951814
2026-09-06 16:00:00+00:00,101666.52025184801
2026-09-06 20:00:00+00:00,101750.50861213179
2026-09-07 00:00:00+00:00,101653.3131709026
2026-09-07 04:00:00+00:00,101655.72318558514
2026-09-07 08:00:00+00:00,101692.5173873269
2026-09-07 12:00:00+00:00,101743.08179955056
2026-09-07 16:00:00+00:00,101743.70587275384
2026-09-07 20:00:00+00:00,101720.52617649714
2026-09-08 00:00:00+00:00,101734.96940500688
2026-09-08 04:00:00+00:00,101723.57683709686
2026-09-08 08:00:00+00:00,101762.84567408965
2026-09-08 12:00:00+00:00,101963.01662171469
2026-09-08 16:00:00+00:00,101913.36926578151
2026-09-08 20:00:00+00:00,101958.22286408176
2026-09-09 00:00:00+00:00,101883.39421974137
2026-09-09 04:00:00+00:00,101944.6650519014
2026-09-09 08:00:00+00:00,101981.45127267609
2026-09-09 12:00:00+00:00,101934.76929325613
2026-09-09 16:00:00+00:00,101894.0547699339
2026-09-09 20:00:00+00:00,101852.50694456985
2026-09-10 00:00:00+00:00,101881.55287903966
2026-09-10 04:00:00+00:00,101797.3001100031
2026-09-10 08:00:00+00:00,101785.14264283146
2026-09-10 12:00:00+00:00,101765.25593099114
2026-09-10 16:00:00+00:00,101768.05960122793
2026-09-10 20:00:00+00:00,101770.7426037777
2026-09-11 00:00:00+00:00,101761.70344779291
2026-09-11 04:00:00+00:00,101755.59455687631
2026-09-11 08:00:00+00:00,101691.03434810397
2026-09-11 12:00:00+00:00,101699.2954196065
2026-09-11 16:00:00+00:00,101677.27403389988
2026-09-11 20:00:00+00:00,101649.10253146439
2026-09-12 00:00:00+00:00,101648.39867699076
2026-09-12 04:00:00+00:00,101648.39867699076
2026-09-12 08:00:00+00:00,101648.39867699076
2026-09-12 12:00:00+00:00,101648.39867699076
2026-09-12 16:00:00+00:00,101648.39867699076
2026-09-12 20:00:00+00:00,101648.39867699076
2026-09-13 00:00:00+00:00,101648.39867699076
2026-09-13 04:00:00+00:00,101648.39867699076
2026-09-13 08:00:00+00:00,101648.39867699076
2026-09-13 12:00:00+00:00,101648.39867699076
2026-09-13 16:00:00+00:00,101648.39867699076
2026-09-13 20:00:00+00:00,101648.39867699076
2026-09-14 00:00:00+00:00,101648.39867699076
2026-09-14 04:00:00+00:00,101648.39867699076
2026-09-14 08:00:00+00:00,101648.39867699076
2026-09-14 12:00:00+00:00,101648.39867699076
2026-09-14 16:00:00+00:00,101648.39867699076
2026-09-14 20:00:00+00:00,101648.39867699076
2026-09-15 00:00:00+00:00,101648.39867699076
2026-09-15 04:00:00+00:00,101648.39867699076
2026-09-15 08:00:00+00:00,101648.39867699076
2026-09-15 12:00:00+00:00,101648.39867699076
2026-09-15 16:00:00+00:00,101648.39867699076
2026-09-15 20:00:00+00:00,101648.39867699076
2026-09-16 00:00:00+00:00,101648.39867699076
2026-09-16 04:00:00+00:00,101648.39867699076
2026-09-16 08:00:00+00:00,101648.39867699076
2026-09-16 12:00:00+00:00,101648.39867699076
2026-09-16 16:00:00+00:00,101648.39867699076
2026-09-16 20:00:00+00:00,101648.39867699076
2026-09-17 00:00:00+00:00,101648.39867699076
2026-09-17 04:00:00+00:00,101648.39867699076
2026-09-17 08:00:00+00:00,101648.39867699076
2026-09-17 12:00:00+00:00,101648.39867699076
2026-09-17 16:00:00+00:00,101648.39867699076
2026-09-17 20:00:00+00:00,101661.09609083319
2026-09-18 00:00:00+00:00,101708.06614855997
2026-09-18 04:00:00+00:00,101708.1992082136
2026-09-18 08:00:00+00:00,101708.73144682805
2026-09-18 12:00:00+00:00,101728.69039487059
2026-09-18 16:00:00+00:00,101731.35158794292
2026-09-18 20:00:00+00:00,101742.9277778076
2026-09-19 00:00:00+00:00,101742.26247953952
2026-09-19 04:00:00+00:00,101721.72330378761
2026-09-19 08:00:00+00:00,101730.22683742456
2026-09-19 12:00:00+00:00,101735.35127931304
2026-09-19 16:00:00+00:00,101714.64622739388
2026-09-19 20:00:00+00:00,101727.5535333392
2026-09-20 00:00:00+00:00,101723.03019784222
2026-09-20 04:00:00+00:00,101700.56785795151
2026-09-20 08:00:00+00:00,101719.44811870522
2026-09-20 12:00:00+00:00,101790.75070337125
2026-09-20 16:00:00+00:00,101811.01136677599
2026-09-20 20:00:00+00:00,101807.86807693937
2026-09-21 00:00:00+00:00,101851.976549021
2026-09-21 04:00:00+00:00,101829.67898351909
2026-09-21 08:00:00+00:00,101847.3047048577
2026-09-21 12:00:00+00:00,101852.08941470063
2026-09-21 16:00:00+00:00,101852.51322483069
2026-09-21 20:00:00+00:00,101898.69641696286
2026-09-22 00:00:00+00:00,101915.68768098424
2026-09-22 04:00:00+00:00,101896.53626252632
2026-09-22 08:00:00+00:00,101887.044720497
2026-09-22 12:00:00+00:00,101856.69908848715
2026-09-22 16:00:00+00:00,101848.04286461492
2026-09-22 20:00:00+00:00,101898.75310742966
2026-09-23 00:00:00+00:00,101963.22341595117
2026-09-23 04:00:00+00:00,101892.35036409851
2026-09-23 08:00:00+00:00,101858.16829590022
2026-09-23 12:00:00+00:00,101624.0855467576
2026-09-23 16:00:00+00:00,101604.07194549545
2026-09-23 20:00:00+00:00,101604.07194549545
2026-09-24 00:00:00+00:00,101604.07194549545
2026-09-24 04:00:00+00:00,101604.07194549545
2026-09-24 08:00:00+00:00,101604.07194549545
2026-09-24 12:00:00+00:00,101604.07194549545
2026-09-24 16:00:00+00:00,101596.1690768545
2026-09-24 20:00:00+00:00,101583.711167752
2026-09-25 00:00:00+00:00,101585.01723886759
2026-09-25 04:00:00+00:00,101585.88795294464
2026-09-25 08:00:00+00:00,101591.31317142476
2026-09-25 12:00:00+00:00,101585.75143279358
2026-09-25 16:00:00+00:00,101585.96752129104
2026-09-25 20:00:00+00:00,101583.13719910389
2026-09-26 00:00:00+00:00,101577.11713295724
2026-09-26 04:00:00+00:00,101575.66739427562
2026-09-26 08:00:00+00:00,101581.98329423371
2026-09-26 12:00:00+00:00,101579.44703429498
2026-09-26 16:00:00+00:00,101557.00282854929
2026-09-26 20:00:00+00:00,101575.01212979128
2026-09-27 00:00:00+00:00,101562.88762539289
2026-09-27 04:00:00+00:00,101621.99104244255
2026-09-27 08:00:00+00:00,101595.30119488754
2026-09-27 12:00:00+00:00,101582.48286947735
2026-09-27 16:00:00+00:00,101599.08236279817
2026-09-27 20:00:00+00:00,101598.39205624818
2026-09-28 00:00:00+00:00,101556.37863771587
2026-09-28 04:00:00+00:00,101533.6574714649
2026-09-28 08:00:00+00:00,101534.9583096564
2026-09-28 12:00:00+00:00,101522.41822949026
2026-09-28 16:00:00+00:00,101513.10422803905
2026-09-28 20:00:00+00:00,101512.73548531669
2026-09-29 00:00:00+00:00,101512.73548531669
2026-09-29 04:00:00+00:00,101512.73548531669
2026-09-29 08:00:00+00:00,101512.73548531669
2026-09-29 12:00:00+00:00,101512.73548531669
2026-09-29 16:00:00+00:00,101512.73548531669
2026-09-29 20:00:00+00:00,101512.73548531669
2026-09-30 00:00:00+00:00,101512.73548531669
2026-09-30 04:00:00+00:00,101512.73548531669
2026-09-30 08:00:00+00:00,101512.73548531669
2026-09-30 12:00:00+00:00,101512.73548531669
2026-09-30 16:00:00+00:00,101512.73548531669
2026-09-30 20:00:00+00:00,101512.73548531669
2026-10-01 00:00:00+00:00,101512.73548531669
2026-10-01 04:00:00+00:00,101512.73548531669
2026-10-01 08:00:00+00:00,101512.73548531669
2026-10-01 12:00:00+00:00,101512.73548531669
2026-10-01 16:00:00+00:00,101512.73548531669
2026-10-01 20:00:00+00:00,101512.73548531669
2026-10-02 00:00:00+00:00,101512.73548531669
2026-10-02 04:00:00+00:00,101512.73548531669
2026-10-02 08:00:00+00:00,101512.73548531669
2026-10-02 12:00:00+00:00,101512.73548531669
2026-10-02 16:00:00+00:00,101512.73548531669
2026-10-02 20:00:00+00:00,101512.73548531669
2026-10-03 00:00:00+00:00,101512.73548531669
2026-10-03 04:00:00+00:00,101512.73548531669
2026-10-03 08:00:00+00:00,101512.73548531669
2026-10-03 12:00:00+00:00,101512.73548531669
