,0
2023-01-01 00:00:00+00:00,101400.67375571089
2023-01-01 04:00:00+00:00,101400.67375571089
2023-01-01 08:00:00+00:00,101400.67375571089
2023-01-01 12:00:00+00:00,101400.67375571089
2023-01-01 16:00:00+00:00,101400.67375571089
2023-01-01 20:00:00+00:00,101400.67375571089
2023-01-02 00:00:00+00:00,101400.67375571089
2023-01-02 04:00:00+00:00,101400.67375571089
2023-01-02 08:00:00+00:00,101408.2797041246
2023-01-02 12:00:00+00:00,101405.18495145875
2023-01-02 16:00:00+00:00,101401.90815451845
2023-01-02 20:00:00+00:00,101398.08522475476
2023-01-03 00:00:00+00:00,101413.01285526059
2023-01-03 04:00:00+00:00,101420.65871478796
2023-01-03 08:00:00+00:00,101411.5565010649
2023-01-03 12:00:00+00:00,101397.35704765691
2023-01-03 16:00:00+00:00,101396.3706646537
2023-01-03 20:00:00+00:00,101429.04908481875
2023-01-04 00:00:00+00:00,101475.59239227789
2023-01-04 04:00:00+00:00,101493.57743553084
2023-01-04 08:00:00+00:00,101432.38916340374
2023-01-04 12:00:00+00:00,101460.65151931856
2023-01-04 16:00:00+00:00,101411.7154785581
2023-01-04 20:00:00+00:00,101454.00938947749
2023-01-05 00:00:00+00:00,101407.45731441908
2023-01-05 04:00:00+00:00,101402.5020199753
2023-01-05 08:00:00+00:00,101416.57380849958
2023-01-05 12:00:00+00:00,101386.27248688086
2023-01-05 16:00:00+00:00,101434.78220941956
2023-01-05 20:00:00+00:00,101421.75420148071
2023-01-06 00:00:00+00:00,101442.09453665107
2023-01-06 04:00:00+00:00,101401.93686408308
2023-01-06 08:00:00+00:00,101344.04948981482
2023-01-06 12:00:00+00:00,101357.23503413652
2023-01-06 16:00:00+00:00,101388.20858053905
2023-01-06 20:00:00+00:00,101413.83851829474
2023-01-07 00:00:00+00:00,101390.15760380047
2023-01-07 04:00:00+00:00,101386.42192368496
2023-01-07 08:00:00+00:00,101366.26555033932
2023-01-07 12:00:00+00:00,101376.49807905512
2023-01-07 16:00:00+00:00,101388.45213015004
2023-01-07 20:00:00+00:00,101376.69285610656
2023-01-08 00:00:00+00:00,101369.50109729443
2023-01-08 04:00:00+00:00,101376.37145126893
2023-01-08 08:00:00+00:00,101443.54824568624
2023-01-08 12:00:00+00:00,101463.3959349459
2023-01-08 16:00:00+00:00,101477.1366428949
2023-01-08 20:00:00+00:00,101533.62622001853
2023-01-09 00:00:00+00:00,101911.69412917868
2023-01-09 04:00:00+00:00,101894.59319389529
2023-01-09 08:00:00+00:00,101883.56867130024
2023-01-09 12:00:00+00:00,101954.9177142977
2023-01-09 16:00:00+00:00,101881.1194239943
2023-01-09 20:00:00+00:00,101827.34876754721
2023-01-10 00:00:00+00:00,101815.55094569194
2023-01-10 04:00:00+00:00,101816.07493226188
2023-01-10 08:00:00+00:00,101856.38698070052
2023-01-10 12:00:00+00:00,101920.82911897561
2023-01-10 16:00:00+00:00,102022.9446552523
2023-01-10 20:00:00+00:00,101982.10204503965
2023-01-11 00:00:00+00:00,101896.21560391491
2023-01-11 04:00:00+00:00,101981.47837048866
2023-01-11 08:00:00+00:00,101949.31708539701
2023-01-11 12:00:00+00:00,101842.2298238077
2023-01-11 16:00:00+00:00,102022.570344576
2023-01-11 20:00:00+00:00,102306.68327867593
2023-01-12 00:00:00+00:00,102466.41435513485
2023-01-12 04:00:00+00:00,102406.67872513777
2023-01-12 08:00:00+00:00,102402.36280942209
2023-01-12 12:00:00+00:00,102307.3231048679
2023-01-12 16:00:00+00:00,102762.77588056971
2023-01-12 20:00:00+00:00,102743.98565827572
2023-01-13 00:00:00+00:00,102752.97108816513
2023-01-13 04:00:00+00:00,102688.71035422155
2023-01-13 08:00:00+00:00,102721.81992850869
2023-01-13 12:00:00+00:00,102879.11184699679
2023-01-13 16:00:00+00:00,102913.48111280151
2023-01-13 20:00:00+00:00,103263.43275637555
2023-01-14 00:00:00+00:00,104165.35649803962
2023-01-14 04:00:00+00:00,104278.40511090046
2023-01-14 08:00:00+00:00,103877.93237226605
2023-01-14 12:00:00+00:00,103921.03644097049
2023-01-14 16:00:00+00:00,103916.88951209429
2023-01-14 20:00:00+00:00,104113.64975134557
2023-01-15 00:00:00+00:00,103848.28100466408
2023-01-15 04:00:00+00:00,103829.1450099841
2023-01-15 08:00:00+00:00,103849.58862374657
2023-01-15 12:00:00+00:00,104057.28630159094
2023-01-15 16:00:00+00:00,103986.78730011192
2023-01-15 20:00:00+00:00,103966.22042392842
2023-01-16 00:00:00+00:00,104097.64593800117
2023-01-16 04:00:00+00:00,104135.30352987286
2023-01-16 08:00:00+00:00,103839.40634632703
2023-01-16 12:00:00+00:00,103908.01459124297
2023-01-16 16:00:00+00:00,104144.54476987616
2023-01-16 20:00:00+00:00,104064.75208201587
2023-01-17 00:00:00+00:00,103993.60721234226
2023-01-17 04:00:00+00:00,104003.07398480849
2023-01-17 08:00:00+00:00,104065.38861040135
2023-01-17 12:00:00+00:00,104037.04397135442
2023-01-17 16:00:00+00:00,104139.90455232763
2023-01-17 20:00:00+00:00,103983.38157914927
2023-01-18 00:00:00+00:00,104082.22968902734
2023-01-18 04:00:00+00:00,104095.79498505825
2023-01-18 08:00:00+00:00,104025.0197457543
2023-01-18 12:00:00+00:00,103902.26669063627
2023-01-18 16:00:00+00:00,103682.5205458162
2023-01-18 20:00:00+00:00,103682.5205458162
2023-01-19 00:00:00+00:00,103682.5205458162
2023-01-19 04:00:00+00:00,103682.5205458162
2023-01-19 08:00:00+00:00,103682.5205458162
2023-01-19 12:00:00+00:00,103682.5205458162
2023-01-19 16:00:00+00:00,103682.5205458162
2023-01-19 20:00:00+00:00,103682.5205458162
2023-01-20 00:00:00+00:00,103682.5205458162
2023-01-20 04:00:00+00:00,103682.5205458162
2023-01-20 08:00:00+00:00,103682.5205458162
2023-01-20 12:00:00+00:00,103682.5205458162
2023-01-20 16:00:00+00:00,103682.5205458162
2023-01-20 20:00:00+00:00,103682.5205458162
2023-01-21 00:00:00+00:00,103671.87491420937
2023-01-21 04:00:00+00:00,103671.55421981038
2023-01-21 08:00:00+00:00,103666.74380382536
2023-01-21 12:00:00+00:00,103665.78172062837
2023-01-21 16:00:00+00:00,103682.4578293764
2023-01-21 20:00:00+00:00,103649.42630627932
2023-01-22 00:00:00+00:00,103654.55741666333
2023-01-22 04:00:00+00:00,103653.27463906733
2023-01-22 08:00:00+00:00,103652.31255587032
2023-01-22 12:00:00+00:00,103657.44366625433
2023-01-22 16:00:00+00:00,103654.55741666333
2023-01-22 20:00:00+00:00,103640.76755750629
2023-01-23 00:00:00+00:00,103638.84162809483
2023-01-23 04:00:00+00:00,103638.84162809483
2023-01-23 08:00:00+00:00,103638.84162809483
2023-01-23 12:00:00+00:00,103638.84162809483
2023-01-23 16:00:00+00:00,103638.84162809483
2023-01-23 20:00:00+00:00,103638.84162809483
2023-01-24 00:00:00+00:00,103638.84162809483
2023-01-24 04:00:00+00:00,103638.84162809483
2023-01-24 08:00:00+00:00,103638.84162809483
2023-01-24 12:00:00+00:00,103638.84162809483
2023-01-24 16:00:00+00:00,103638.84162809483
2023-01-24 20:00:00+00:00,103638.84162809483
2023-01-25 00:00:00+00:00,103638.84162809483
2023-01-25 04:00:00+00:00,103638.84162809483
2023-01-25 08:00:00+00:00,103638.84162809483
2023-01-25 12:00:00+00:00,103638.84162809483
2023-01-25 16:00:00+00:00,103638.84162809483
2023-01-25 20:00:00+00:00,103638.84162809483
2023-01-26 00:00:00+00:00,103638.84162809483
2023-01-26 04:00:00+00:00,103638.84162809483
2023-01-26 08:00:00+00:00,103638.84162809483
2023-01-26 12:00:00+00:00,103638.84162809483
2023-01-26 16:00:00+00:00,103638.84162809483
2023-01-26 20:00:00+00:00,103638.84162809483
2023-01-27 00:00:00+00:00,103638.84162809483
2023-01-27 04:00:00+00:00,103638.84162809483
2023-01-27 08:00:00+00:00,103638.84162809483
2023-01-27 12:00:00+00:00,103638.84162809483
2023-01-27 16:00:00+00:00,103638.84162809483
2023-01-27 20:00:00+00:00,103638.84162809483
2023-01-28 00:00:00+00:00,103635.08256798037
2023-01-28 04:00:00+00:00,103634.44766917566
2023-01-28 08:00:00+00:00,103628.73357993324
2023-01-28 12:00:00+00:00,103619.21009786252
2023-01-28 16:00:00+00:00,103618.89264846017
2023-01-28 20:00:00+00:00,103614.13090742481
2023-01-29 00:00:00+00:00,103626.82888351909
2023-01-29 04:00:00+00:00,103626.82888351909
2023-01-29 08:00:00+00:00,103641.11410662514
2023-01-29 12:00:00+00:00,103636.03491618743
2023-01-29 16:00:00+00:00,103658.89127315713
2023-01-29 20:00:00+00:00,103664.60536239955
2023-01-30 00:00:00+00:00,103646.19329706285
2023-01-30 04:00:00+00:00,103636.98726439451
2023-01-30 08:00:00+00:00,103608.41681818239
2023-01-30 12:00:00+00:00,103606.60653169669
2023-01-30 16:00:00+00:00,103606.60653169669
2023-01-30 20:00:00+00:00,103606.60653169669
2023-01-31 00:00:00+00:00,103606.60653169669
2023-01-31 04:00:00+00:00,103606.60653169669
2023-01-31 08:00:00+00:00,103606.60653169669
2023-01-31 12:00:00+00:00,103606.60653169669
2023-01-31 16:00:00+00:00,103606.60653169669
2023-01-31 20:00:00+00:00,103606.60653169669
2023-02-01 00:00:00+00:00,103606.60653169669
2023-02-01 04:00:00+00:00,103606.60653169669
2023-02-01 08:00:00+00:00,103606.60653169669
2023-02-01 12:00:00+00:00,103606.60653169669
2023-02-01 16:00:00+00:00,103606.60653169669
2023-02-01 20:00:00+00:00,103606.60653169669
2023-02-02 00:00:00+00:00,103606.60653169669
2023-02-02 04:00:00+00:00,103606.60653169669
2023-02-02 08:00:00+00:00,103606.60653169669
2023-02-02 12:00:00+00:00,103606.60653169669
2023-02-02 16:00:00+00:00,103606.60653169669
2023-02-02 20:00:00+00:00,103606.60653169669
2023-02-03 00:00:00+00:00,103606.60653169669
2023-02-03 04:00:00+00:00,103606.60653169669
2023-02-03 08:00:00+00:00,103606.60653169669
2023-02-03 12:00:00+00:00,103606.60653169669
2023-02-03 16:00:00+00:00,103606.60653169669
2023-02-03 20:00:00+00:00,103606.60653169669
2023-02-04 00:00:00+00:00,103606.60653169669
2023-02-04 04:00:00+00:00,103606.60653169669
2023-02-04 08:00:00+00:00,103606.60653169669
2023-02-04 12:00:00+00:00,103606.60653169669
2023-02-04 16:00:00+00:00,103606.60653169669
2023-02-04 20:00:00+00:00,103606.60653169669
2023-02-05 00:00:00+00:00,103606.60653169669
2023-02-05 04:00:00+00:00,103606.60653169669
2023-02-05 08:00:00+00:00,103606.60653169669
2023-02-05 12:00:00+00:00,103606.60653169669
2023-02-05 16:00:00+00:00,103606.60653169669
2023-02-05 20:00:00+00:00,103606.60653169669
2023-02-06 00:00:00+00:00,103606.60653169669
2023-02-06 04:00:00+00:00,103606.60653169669
2023-02-06 08:00:00+00:00,103606.60653169669
2023-02-06 12:00:00+00:00,103606.60653169669
2023-02-06 16:00:00+00:00,103606.60653169669
2023-02-06 20:00:00+00:00,103606.60653169669
2023-02-07 00:00:00+00:00,103606.60653169669
2023-02-07 04:00:00+00:00,103606.60653169669
2023-02-07 08:00:00+00:00,103606.60653169669
2023-02-07 12:00:00+00:00,103606.60653169669
2023-02-07 16:00:00+00:00,103606.60653169669
2023-02-07 20:00:00+00:00,103606.60653169669
2023-02-08 00:00:00+00:00,103606.60653169669
2023-02-08 04:00:00+00:00,103606.60653169669
2023-02-08 08:00:00+00:00,103606.60653169669
2023-02-08 12:00:00+00:00,103606.60653169669
2023-02-08 16:00:00+00:00,103606.60653169669
2023-02-08 20:00:00+00:00,103606.60653169669
2023-02-09 00:00:00+00:00,103606.60653169669
2023-02-09 04:00:00+00:00,103606.60653169669
2023-02-09 08:00:00+00:00,103606.60653169669
2023-02-09 12:00:00+00:00,103606.60653169669
2023-02-09 16:00:00+00:00,103606.60653169669
2023-02-09 20:00:00+00:00,103606.60653169669
2023-02-10 00:00:00+00:00,103606.60653169669
2023-02-10 04:00:00+00:00,103606.60653169669
2023-02-10 08:00:00+00:00,103606.60653169669
2023-02-10 12:00:00+00:00,103606.60653169669
2023-02-10 16:00:00+00:00,103606.60653169669
2023-02-10 20:00:00+00:00,103606.60653169669
2023-02-11 00:00:00+00:00,103606.60653169669
2023-02-11 04:00:00+00:00,103606.60653169669
2023-02-11 08:00:00+00:00,103606.60653169669
2023-02-11 12:00:00+00:00,103606.60653169669
2023-02-11 16:00:00+00:00,103606.60653169669
2023-02-11 20:00:00+00:00,103606.60653169669
2023-02-12 00:00:00+00:00,103606.60653169669
2023-02-12 04:00:00+00:00,103606.60653169669
2023-02-12 08:00:00+00:00,103606.60653169669
2023-02-12 12:00:00+00:00,103606.60653169669
2023-02-12 16:00:00+00:00,103606.60653169669
2023-02-12 20:00:00+00:00,103606.60653169669
2023-02-13 00:00:00+00:00,103606.60653169669
2023-02-13 04:00:00+00:00,103606.60653169669
2023-02-13 08:00:00+00:00,103606.60653169669
2023-02-13 12:00:00+00:00,103606.60653169669
2023-02-13 16:00:00+00:00,103606.60653169669
2023-02-13 20:00:00+00:00,103606.60653169669
2023-02-14 00:00:00+00:00,103606.60653169669
2023-02-14 04:00:00+00:00,103606.60653169669
2023-02-14 08:00:00+00:00,103606.60653169669
2023-02-14 12:00:00+00:00,103606.60653169669
2023-02-14 16:00:00+00:00,103606.60653169669
2023-02-14 20:00:00+00:00,103606.60653169669
2023-02-15 00:00:00+00:00,103606.60653169669
2023-02-15 04:00:00+00:00,103606.60653169669
2023-02-15 08:00:00+00:00,103606.60653169669
2023-02-15 12:00:00+00:00,103606.60653169669
2023-02-15 16:00:00+00:00,103606.60653169669
2023-02-15 20:00:00+00:00,103606.60653169669
2023-02-16 00:00:00+00:00,103614.40218271677
2023-02-16 04:00:00+00:00,103559.01481106387
2023-02-16 08:00:00+00:00,103544.39731900448
2023-02-16 12:00:00+00:00,103662.8927915498
2023-02-16 16:00:00+00:00,103604.10714106046
2023-02-16 20:00:00+00:00,103317.71278757458
2023-02-17 00:00:00+00:00,103342.58036253318
2023-02-17 04:00:00+00:00,103332.3538997917
2023-02-17 08:00:00+00:00,103345.1418294817
2023-02-17 12:00:00+00:00,103351.81716758996
2023-02-17 16:00:00+00:00,103383.66085897277
2023-02-17 20:00:00+00:00,103371.73645412528
2023-02-18 00:00:00+00:00,103377.06314107505
2023-02-18 04:00:00+00:00,103368.61224065018
2023-02-18 08:00:00+00:00,103369.41755033475
2023-02-18 12:00:00+00:00,103373.3373709681
2023-02-18 16:00:00+00:00,103365.45891959613
2023-02-18 20:00:00+00:00,103369.56308822957
2023-02-19 00:00:00+00:00,103373.34707349443
2023-02-19 04:00:00+00:00,103370.75649896693
2023-02-19 08:00:00+00:00,103373.32766844178
2023-02-19 12:00:00+00:00,103388.94873581726
2023-02-19 16:00:00+00:00,103363.12061075297
2023-02-19 20:00:00+00:00,103342.35671665498
2023-02-20 00:00:00+00:00,103342.35671665498
2023-02-20 04:00:00+00:00,103342.35671665498
2023-02-20 08:00:00+00:00,103342.35671665498
2023-02-20 12:00:00+00:00,103342.35671665498
2023-02-20 16:00:00+00:00,103342.35671665498
2023-02-20 20:00:00+00:00,103342.35671665498
2023-02-21 00:00:00+00:00,103342.35671665498
2023-02-21 04:00:00+00:00,103342.35671665498
2023-02-21 08:00:00+00:00,103342.35671665498
2023-02-21 12:00:00+00:00,103342.35671665498
2023-02-21 16:00:00+00:00,103342.35671665498
2023-02-21 20:00:00+00:00,103342.35671665498
2023-02-22 00:00:00+00:00,103342.35671665498
2023-02-22 04:00:00+00:00,103342.35671665498
2023-02-22 08:00:00+00:00,103342.35671665498
2023-02-22 12:00:00+00:00,103342.35671665498
2023-02-22 16:00:00+00:00,103342.35671665498
2023-02-22 20:00:00+00:00,103342.35671665498
2023-02-23 00:00:00+00:00,103342.35671665498
2023-02-23 04:00:00+00:00,103342.35671665498
2023-02-23 08:00:00+00:00,103342.35671665498
2023-02-23 12:00:00+00:00,103342.35671665498
2023-02-23 16:00:00+00:00,103342.35671665498
2023-02-23 20:00:00+00:00,103342.35671665498
2023-02-24 00:00:00+00:00,103342.35671665498
2023-02-24 04:00:00+00:00,103342.35671665498
2023-02-24 08:00:00+00:00,103342.35671665498
2023-02-24 12:00:00+00:00,103342.35671665498
2023-02-24 16:00:00+00:00,103342.35671665498
2023-02-24 20:00:00+00:00,103342.35671665498
2023-02-25 00:00:00+00:00,103342.35671665498
2023-02-25 04:00:00+00:00,103342.35671665498
2023-02-25 08:00:00+00:00,103342.35671665498
2023-02-25 12:00:00+00:00,103342.35671665498
2023-02-25 16:00:00+00:00,103342.35671665498
2023-02-25 20:00:00+00:00,103342.35671665498
2023-02-26 00:00:00+00:00,103342.35671665498
2023-02-26 04:00:00+00:00,103342.35671665498
2023-02-26 08:00:00+00:00,103342.35671665498
2023-02-26 12:00:00+00:00,103342.35671665498
2023-02-26 16:00:00+00:00,103342.35671665498
2023-02-26 20:00:00+00:00,103342.35671665498
2023-02-27 00:00:00+00:00,103342.35671665498
2023-02-27 04:00:00+00:00,103342.35671665498
2023-02-27 08:00:00+00:00,103342.35671665498
2023-02-27 12:00:00+00:00,103342.35671665498
2023-02-27 16:00:00+00:00,103342.35671665498
2023-02-27 20:00:00+00:00,103342.35671665498
2023-02-28 00:00:00+00:00,103342.35671665498
2023-02-28 04:00:00+00:00,103342.35671665498
2023-02-28 08:00:00+00:00,103342.35671665498
2023-02-28 12:00:00+00:00,103342.35671665498
2023-02-28 16:00:00+00:00,103342.35671665498
2023-02-28 20:00:00+00:00,103342.35671665498
2023-03-01 00:00:00+00:00,103342.35671665498
2023-03-01 04:00:00+00:00,103342.35671665498
2023-03-01 08:00:00+00:00,103342.35671665498
2023-03-01 12:00:00+00:00,103342.35671665498
2023-03-01 16:00:00+00:00,103342.35671665498
2023-03-01 20:00:00+00:00,103342.35671665498
2023-03-02 00:00:00+00:00,103342.35671665498
2023-03-02 04:00:00+00:00,103342.35671665498
2023-03-02 08:00:00+00:00,103342.35671665498
2023-03-02 12:00:00+00:00,103342.35671665498
2023-03-02 16:00:00+00:00,103342.35671665498
2023-03-02 20:00:00+00:00,103342.35671665498
2023-03-03 00:00:00+00:00,103342.35671665498
2023-03-03 04:00:00+00:00,103342.35671665498
2023-03-03 08:00:00+00:00,103342.35671665498
2023-03-03 12:00:00+00:00,103342.35671665498
2023-03-03 16:00:00+00:00,103342.35671665498
2023-03-03 20:00:00+00:00,103342.35671665498
2023-03-04 00:00:00+00:00,103342.35671665498
2023-03-04 04:00:00+00:00,103342.35671665498
2023-03-04 08:00:00+00:00,103342.35671665498
2023-03-04 12:00:00+00:00,103342.35671665498
2023-03-04 16:00:00+00:00,103342.35671665498
2023-03-04 20:00:00+00:00,103342.35671665498
2023-03-05 00:00:00+00:00,103342.35671665498
2023-03-05 04:00:00+00:00,103342.35671665498
2023-03-05 08:00:00+00:00,103342.35671665498
2023-03-05 12:00:00+00:00,103342.35671665498
2023-03-05 16:00:00+00:00,103342.35671665498
2023-03-05 20:00:00+00:00,103342.35671665498
2023-03-06 00:00:00+00:00,103342.35671665498
2023-03-06 04:00:00+00:00,103342.35671665498
2023-03-06 08:00:00+00:00,103342.35671665498
2023-03-06 12:00:00+00:00,103342.35671665498
2023-03-06 16:00:00+00:00,103342.35671665498
2023-03-06 20:00:00+00:00,103342.35671665498
2023-03-07 00:00:00+00:00,103342.35671665498
2023-03-07 04:00:00+00:00,103342.35671665498
2023-03-07 08:00:00+00:00,103342.35671665498
2023-03-07 12:00:00+00:00,103342.35671665498
2023-03-07 16:00:00+00:00,103342.35671665498
2023-03-07 20:00:00+00:00,103342.35671665498
2023-03-08 00:00:00+00:00,103342.35671665498
2023-03-08 04:00:00+00:00,103342.35671665498
2023-03-08 08:00:00+00:00,103342.35671665498
2023-03-08 12:00:00+00:00,103342.35671665498
2023-03-08 16:00:00+00:00,103342.35671665498
2023-03-08 20:00:00+00:00,103342.35671665498
2023-03-09 00:00:00+00:00,103342.35671665498
2023-03-09 04:00:00+00:00,103342.35671665498
2023-03-09 08:00:00+00:00,103342.35671665498
2023-03-09 12:00:00+00:00,103342.35671665498
2023-03-09 16:00:00+00:00,103342.35671665498
2023-03-09 20:00:00+00:00,103342.35671665498
2023-03-10 00:00:00+00:00,103342.35671665498
2023-03-10 04:00:00+00:00,103342.35671665498
2023-03-10 08:00:00+00:00,103342.35671665498
2023-03-10 12:00:00+00:00,103342.35671665498
2023-03-10 16:00:00+00:00,103342.35671665498
2023-03-10 20:00:00+00:00,103342.35671665498
2023-03-11 00:00:00+00:00,103342.35671665498
2023-03-11 04:00:00+00:00,103342.35671665498
2023-03-11 08:00:00+00:00,103342.35671665498
2023-03-11 12:00:00+00:00,103342.35671665498
2023-03-11 16:00:00+00:00,103342.35671665498
2023-03-11 20:00:00+00:00,103342.35671665498
2023-03-12 00:00:00+00:00,103342.35671665498
2023-03-12 04:00:00+00:00,103342.35671665498
2023-03-12 08:00:00+00:00,103342.35671665498
2023-03-12 12:00:00+00:00,103342.35671665498
2023-03-12 16:00:00+00:00,103342.35671665498
2023-03-12 20:00:00+00:00,103342.35671665498
2023-03-13 00:00:00+00:00,103342.35671665498
2023-03-13 04:00:00+00:00,103342.35671665498
2023-03-13 08:00:00+00:00,103342.35671665498
2023-03-13 12:00:00+00:00,103342.35671665498
2023-03-13 16:00:00+00:00,103342.35671665498
2023-03-13 20:00:00+00:00,103342.35671665498
2023-03-14 00:00:00+00:00,103342.35671665498
2023-03-14 04:00:00+00:00,103342.35671665498
2023-03-14 08:00:00+00:00,103342.35671665498
2023-03-14 12:00:00+00:00,103342.35671665498
2023-03-14 16:00:00+00:00,103166.50836751354
2023-03-14 20:00:00+00:00,103079.50981754433
2023-03-15 00:00:00+00:00,103100.15170654509
2023-03-15 04:00:00+00:00,103105.62216885012
2023-03-15 08:00:00+00:00,103032.63535697918
2023-03-15 12:00:00+00:00,102959.16546898236
2023-03-15 16:00:00+00:00,102959.16546898236
2023-03-15 20:00:00+00:00,102959.16546898236
2023-03-16 00:00:00+00:00,102959.16546898236
2023-03-16 04:00:00+00:00,102959.16546898236
2023-03-16 08:00:00+00:00,102959.16546898236
2023-03-16 12:00:00+00:00,102959.16546898236
2023-03-16 16:00:00+00:00,102959.16546898236
2023-03-16 20:00:00+00:00,102959.16546898236
2023-03-17 00:00:00+00:00,102959.16546898236
2023-03-17 04:00:00+00:00,102959.16546898236
2023-03-17 08:00:00+00:00,102959.16546898236
2023-03-17 12:00:00+00:00,102959.16546898236
2023-03-17 16:00:00+00:00,102959.16546898236
2023-03-17 20:00:00+00:00,102959.16546898236
2023-03-18 00:00:00+00:00,102959.16546898236
2023-03-18 04:00:00+00:00,102959.16546898236
2023-03-18 08:00:00+00:00,102959.16546898236
2023-03-18 12:00:00+00:00,102959.16546898236
2023-03-18 16:00:00+00:00,102959.16546898236
2023-03-18 20:00:00+00:00,102959.16546898236
2023-03-19 00:00:00+00:00,102959.16546898236
2023-03-19 04:00:00+00:00,102959.16546898236
2023-03-19 08:00:00+00:00,102959.16546898236
2023-03-19 12:00:00+00:00,102952.35198469051
2023-03-19 16:00:00+00:00,102960.4399570455
2023-03-19 20:00:00+00:00,102918.39042913637
2023-03-20 00:00:00+00:00,102870.44181717923
2023-03-20 04:00:00+00:00,102921.7604028575
2023-03-20 08:00:00+00:00,102924.48814628222
2023-03-20 12:00:00+00:00,102886.87205405421
2023-03-20 16:00:00+00:00,102856.07208519446
2023-03-20 20:00:00+00:00,102852.21441558046
2023-03-21 00:00:00+00:00,102865.6804413844
2023-03-21 04:00:00+00:00,102835.88540324417
2023-03-21 08:00:00+00:00,102877.65243895989
2023-03-21 12:00:00+00:00,102892.89985955963
2023-03-21 16:00:00+00:00,102884.17690079636
2023-03-21 20:00:00+00:00,102872.09131094543
2023-03-22 00:00:00+00:00,102845.10539663497
2023-03-22 04:00:00+00:00,102837.77654676585
2023-03-22 08:00:00+00:00,102818.18377528386
2023-03-22 12:00:00+00:00,102836.39847546819
2023-03-22 16:00:00+00:00,102727.01201902158
2023-03-22 20:00:00+00:00,102727.01201902158
2023-03-23 00:00:00+00:00,102727.01201902158
2023-03-23 04:00:00+00:00,102727.01201902158
2023-03-23 08:00:00+00:00,102727.01201902158
2023-03-23 12:00:00+00:00,102727.01201902158
2023-03-23 16:00:00+00:00,102727.01201902158
2023-03-23 20:00:00+00:00,102727.01201902158
2023-03-24 00:00:00+00:00,102727.01201902158
2023-03-24 04:00:00+00:00,102727.01201902158
2023-03-24 08:00:00+00:00,102675.66049387005
2023-03-24 12:00:00+00:00,102688.66003260702
2023-03-24 16:00:00+00:00,102689.04520412516
2023-03-24 20:00:00+00:00,102710.1333447429
2023-03-25 00:00:00+00:00,102695.49682705388
2023-03-25 04:00:00+00:00,102702.14103574166
2023-03-25 08:00:00+00:00,102709.55558746571
2023-03-25 12:00:00+00:00,102699.25224935566
2023-03-25 16:00:00+00:00,102677.87523009931
2023-03-25 20:00:00+00:00,102690.39330443862
2023-03-26 00:00:00+00:00,102707.72602275458
2023-03-26 04:00:00+00:00,102708.88153730897
2023-03-26 08:00:00+00:00,102713.50359552658
2023-03-26 12:00:00+00:00,102701.27439982587
2023-03-26 16:00:00+00:00,102704.54835772999
2023-03-26 20:00:00+00:00,102707.62972987504
2023-03-27 00:00:00+00:00,102699.44483511473
2023-03-27 04:00:00+00:00,102693.08950506555
2023-03-27 08:00:00+00:00,102698.00044192173
2023-03-27 12:00:00+00:00,102663.04875467738
2023-03-27 16:00:00+00:00,102663.04875467738
2023-03-27 20:00:00+00:00,102663.04875467738
2023-03-28 00:00:00+00:00,102663.04875467738
2023-03-28 04:00:00+00:00,102663.04875467738
2023-03-28 08:00:00+00:00,102663.04875467738
2023-03-28 12:00:00+00:00,102663.64345105246
2023-03-28 16:00:00+00:00,102700.23999609692
2023-03-28 20:00:00+00:00,102690.83904874604
2023-03-29 00:00:00+00:00,102726.42834943149
2023-03-29 04:00:00+00:00,102763.86426477513
2023-03-29 08:00:00+00:00,102784.84852225475
2023-03-29 12:00:00+00:00,102741.36914075697
2023-03-29 16:00:00+00:00,102754.79906554392
2023-03-29 20:00:00+00:00,102737.84378550039
2023-03-30 00:00:00+00:00,102723.23874229458
2023-03-30 04:00:00+00:00,102730.28945280773
2023-03-30 08:00:00+00:00,102749.76284374882
2023-03-30 12:00:00+00:00,102721.89574981589
2023-03-30 16:00:00+00:00,102732.30394152578
2023-03-30 20:00:00+00:00,102720.72063139702
2023-03-31 00:00:00+00:00,102722.23149793556
2023-03-31 04:00:00+00:00,102723.74236447409
2023-03-31 08:00:00+00:00,102718.20252049947
2023-03-31 12:00:00+00:00,102718.20252049947
2023-03-31 16:00:00+00:00,102726.93197161099
2023-03-31 20:00:00+00:00,102729.95370468806
2023-04-01 00:00:00+00:00,102720.38488327735
2023-04-01 04:00:00+00:00,102694.70501164267
2023-04-01 08:00:00+00:00,102694.70501164267
2023-04-01 12:00:00+00:00,102694.70501164267
2023-04-01 16:00:00+00:00,102694.70501164267
2023-04-01 20:00:00+00:00,102694.70501164267
2023-04-02 00:00:00+00:00,102694.70501164267
2023-04-02 04:00:00+00:00,102691.29366247183
2023-04-02 08:00:00+00:00,102657.24168087449
2023-04-02 12:00:00+00:00,102611.07747291289
2023-04-02 16:00:00+00:00,102611.07747291289
2023-04-02 20:00:00+00:00,102611.07747291289
2023-04-03 00:00:00+00:00,102611.07747291289
2023-04-03 04:00:00+00:00,102611.07747291289
2023-04-03 08:00:00+00:00,102611.07747291289
2023-04-03 12:00:00+00:00,102611.07747291289
2023-04-03 16:00:00+00:00,102611.07747291289
2023-04-03 20:00:00+00:00,102611.07747291289
2023-04-04 00:00:00+00:00,102611.07747291289
2023-04-04 04:00:00+00:00,102611.07747291289
2023-04-04 08:00:00+00:00,102611.07747291289
2023-04-04 12:00:00+00:00,102611.07747291289
2023-04-04 16:00:00+00:00,102611.07747291289
2023-04-04 20:00:00+00:00,102611.07747291289
2023-04-05 00:00:00+00:00,102611.07747291289
2023-04-05 04:00:00+00:00,102611.07747291289
2023-04-05 08:00:00+00:00,102611.07747291289
2023-04-05 12:00:00+00:00,102611.07747291289
2023-04-05 16:00:00+00:00,102611.07747291289
2023-04-05 20:00:00+00:00,102611.07747291289
2023-04-06 00:00:00+00:00,102611.07747291289
2023-04-06 04:00:00+00:00,102611.07747291289
2023-04-06 08:00:00+00:00,102611.07747291289
2023-04-06 12:00:00+00:00,102611.07747291289
2023-04-06 16:00:00+00:00,102611.07747291289
2023-04-06 20:00:00+00:00,102611.07747291289
2023-04-07 00:00:00+00:00,102611.07747291289
2023-04-07 04:00:00+00:00,102611.07747291289
2023-04-07 08:00:00+00:00,102611.07747291289
2023-04-07 12:00:00+00:00,102611.07747291289
2023-04-07 16:00:00+00:00,102611.07747291289
2023-04-07 20:00:00+00:00,102611.07747291289
2023-04-08 00:00:00+00:00,102611.07747291289
2023-04-08 04:00:00+00:00,102611.07747291289
2023-04-08 08:00:00+00:00,102611.07747291289
2023-04-08 12:00:00+00:00,102611.07747291289
2023-04-08 16:00:00+00:00,102611.07747291289
2023-04-08 20:00:00+00:00,102611.07747291289
2023-04-09 00:00:00+00:00,102611.07747291289
2023-04-09 04:00:00+00:00,102611.07747291289
2023-04-09 08:00:00+00:00,102611.07747291289
2023-04-09 12:00:00+00:00,102611.07747291289
2023-04-09 16:00:00+00:00,102611.07747291289
2023-04-09 20:00:00+00:00,102611.07747291289
2023-04-10 00:00:00+00:00,102611.07747291289
2023-04-10 04:00:00+00:00,102611.07747291289
2023-04-10 08:00:00+00:00,102611.07747291289
2023-04-10 12:00:00+00:00,102611.07747291289
2023-04-10 16:00:00+00:00,102611.07747291289
2023-04-10 20:00:00+00:00,102611.07747291289
2023-04-11 00:00:00+00:00,102611.07747291289
2023-04-11 04:00:00+00:00,102664.39727692089
2023-04-11 08:00:00+00:00,102637.93689479258
2023-04-11 12:00:00+00:00,102638.45235110338
2023-04-11 16:00:00+00:00,102606.689649535
2023-04-11 20:00:00+00:00,102616.50381441976
2023-04-12 00:00:00+00:00,102537.07624780982
2023-04-12 04:00:00+00:00,102539.69941937547
2023-04-12 08:00:00+00:00,102541.91350516744
2023-04-12 12:00:00+00:00,102537.39329306557
2023-04-12 16:00:00+00:00,102522.84663010051
2023-04-12 20:00:00+00:00,102530.65814294473
2023-04-13 00:00:00+00:00,102547.52115894388
2023-04-13 04:00:00+00:00,102546.71154327707
2023-04-13 08:00:00+00:00,102554.36283744195
2023-04-13 12:00:00+00:00,102578.09565543076
2023-04-13 16:00:00+00:00,102568.82086879716
2023-04-13 20:00:00+00:00,102572.50675064871
2023-04-14 00:00:00+00:00,102642.71324663491
2023-04-14 04:00:00+00:00,102633.3825055196
2023-04-14 08:00:00+00:00,102672.75496518423
2023-04-14 12:00:00+00:00,102566.81086103377
2023-04-14 16:00:00+00:00,102597.56396466716
2023-04-14 20:00:00+00:00,102624.03530096372
2023-04-15 00:00:00+00:00,102611.91851700182
2023-04-15 04:00:00+00:00,102653.06591871862
2023-04-15 08:00:00+00:00,102681.13098561247
2023-04-15 12:00:00+00:00,102677.60478408891
2023-04-15 16:00:00+00:00,102656.68330755731
2023-04-15 20:00:00+00:00,102661.66275729597
2023-04-16 00:00:00+00:00,102646.2191354351
2023-04-16 04:00:00+00:00,102652.36694371504
2023-04-16 08:00:00+00:00,102628.86061793879
2023-04-16 12:00:00+00:00,102640.7945987175
2023-04-16 16:00:00+00:00,102644.17213588487
2023-04-16 20:00:00+00:00,102632.07925296217
2023-04-17 00:00:00+00:00,102588.67797600968
2023-04-17 04:00:00+00:00,102539.86689477373
2023-04-17 08:00:00+00:00,102517.28154641413
2023-04-17 12:00:00+00:00,102514.47532074153
2023-04-17 16:00:00+00:00,102516.27626124487
2023-04-17 20:00:00+00:00,102509.62845750757
2023-04-18 00:00:00+00:00,102535.79979172986
2023-04-18 04:00:00+00:00,102533.93947597795
2023-04-18 08:00:00+00:00,102554.40294924896
2023-04-18 12:00:00+00:00,102525.72308140702
2023-04-18 16:00:00+00:00,102519.67705521331
2023-04-18 20:00:00+00:00,102536.4198969805
2023-04-19 00:00:00+00:00,102519.05694996267
2023-04-19 04:00:00+00:00,102507.11992388792
2023-04-19 08:00:00+00:00,102455.62947535363
2023-04-19 12:00:00+00:00,102455.62947535363
2023-04-19 16:00:00+00:00,102455.62947535363
2023-04-19 20:00:00+00:00,102455.62947535363
2023-04-20 00:00:00+00:00,102455.62947535363
2023-04-20 04:00:00+00:00,102455.62947535363
2023-04-20 08:00:00+00:00,102455.62947535363
2023-04-20 12:00:00+00:00,102455.62947535363
2023-04-20 16:00:00+00:00,102455.62947535363
2023-04-20 20:00:00+00:00,102455.62947535363
2023-04-21 00:00:00+00:00,102455.62947535363
2023-04-21 04:00:00+00:00,102455.62947535363
2023-04-21 08:00:00+00:00,102455.62947535363
2023-04-21 12:00:00+00:00,102455.62947535363
2023-04-21 16:00:00+00:00,102455.62947535363
2023-04-21 20:00:00+00:00,102455.62947535363
2023-04-22 00:00:00+00:00,102455.62947535363
2023-04-22 04:00:00+00:00,102455.62947535363
2023-04-22 08:00:00+00:00,102455.62947535363
2023-04-22 12:00:00+00:00,102455.62947535363
2023-04-22 16:00:00+00:00,102455.62947535363
2023-04-22 20:00:00+00:00,102455.62947535363
2023-04-23 00:00:00+00:00,102455.62947535363
2023-04-23 04:00:00+00:00,102455.62947535363
2023-04-23 08:00:00+00:00,102455.62947535363
2023-04-23 12:00:00+00:00,102455.62947535363
2023-04-23 16:00:00+00:00,102455.62947535363
2023-04-23 20:00:00+00:00,102455.62947535363
2023-04-24 00:00:00+00:00,102455.62947535363
2023-04-24 04:00:00+00:00,102455.62947535363
2023-04-24 08:00:00+00:00,102455.62947535363
2023-04-24 12:00:00+00:00,102455.62947535363
2023-04-24 16:00:00+00:00,102455.62947535363
2023-04-24 20:00:00+00:00,102455.62947535363
2023-04-25 00:00:00+00:00,102455.62947535363
2023-04-25 04:00:00+00:00,102455.62947535363
2023-04-25 08:00:00+00:00,102455.62947535363
2023-04-25 12:00:00+00:00,102455.62947535363
2023-04-25 16:00:00+00:00,102455.62947535363
2023-04-25 20:00:00+00:00,102455.62947535363
2023-04-26 00:00:00+00:00,102455.62947535363
2023-04-26 04:00:00+00:00,102455.62947535363
2023-04-26 08:00:00+00:00,102455.62947535363
2023-04-26 12:00:00+00:00,102455.62947535363
2023-04-26 16:00:00+00:00,102455.62947535363
2023-04-26 20:00:00+00:00,102455.62947535363
2023-04-27 00:00:00+00:00,102455.62947535363
2023-04-27 04:00:00+00:00,102455.62947535363
2023-04-27 08:00:00+00:00,102455.62947535363
2023-04-27 12:00:00+00:00,102455.62947535363
2023-04-27 16:00:00+00:00,102455.62947535363
2023-04-27 20:00:00+00:00,102455.62947535363
2023-04-28 00:00:00+00:00,102455.62947535363
2023-04-28 04:00:00+00:00,102455.62947535363
2023-04-28 08:00:00+00:00,102455.62947535363
2023-04-28 12:00:00+00:00,102455.62947535363
2023-04-28 16:00:00+00:00,102455.62947535363
2023-04-28 20:00:00+00:00,102455.62947535363
2023-04-29 00:00:00+00:00,102455.62947535363
2023-04-29 04:00:00+00:00,102455.62947535363
2023-04-29 08:00:00+00:00,102455.62947535363
2023-04-29 12:00:00+00:00,102455.62947535363
2023-04-29 16:00:00+00:00,102455.62947535363
2023-04-29 20:00:00+00:00,102455.62947535363
2023-04-30 00:00:00+00:00,102455.62947535363
2023-04-30 04:00:00+00:00,102455.62947535363
2023-04-30 08:00:00+00:00,102455.62947535363
2023-04-30 12:00:00+00:00,102455.62947535363
2023-04-30 16:00:00+00:00,102455.62947535363
2023-04-30 20:00:00+00:00,102455.62947535363
2023-05-01 00:00:00+00:00,102455.62947535363
2023-05-01 04:00:00+00:00,102455.62947535363
2023-05-01 08:00:00+00:00,102455.62947535363
2023-05-01 12:00:00+00:00,102455.62947535363
2023-05-01 16:00:00+00:00,102455.62947535363
2023-05-01 20:00:00+00:00,102455.62947535363
2023-05-02 00:00:00+00:00,102455.62947535363
2023-05-02 04:00:00+00:00,102455.62947535363
2023-05-02 08:00:00+00:00,102455.62947535363
2023-05-02 12:00:00+00:00,102455.62947535363
2023-05-02 16:00:00+00:00,102455.62947535363
2023-05-02 20:00:00+00:00,102455.62947535363
2023-05-03 00:00:00+00:00,102455.62947535363
2023-05-03 04:00:00+00:00,102455.62947535363
2023-05-03 08:00:00+00:00,102455.62947535363
2023-05-03 12:00:00+00:00,102455.62947535363
2023-05-03 16:00:00+00:00,102455.62947535363
2023-05-03 20:00:00+00:00,102455.62947535363
2023-05-04 00:00:00+00:00,102455.62947535363
2023-05-04 04:00:00+00:00,102455.62947535363
2023-05-04 08:00:00+00:00,102455.62947535363
2023-05-04 12:00:00+00:00,102455.62947535363
2023-05-04 16:00:00+00:00,102455.62947535363
2023-05-04 20:00:00+00:00,102455.62947535363
2023-05-05 00:00:00+00:00,102455.62947535363
2023-05-05 04:00:00+00:00,102455.62947535363
2023-05-05 08:00:00+00:00,102455.62947535363
2023-05-05 12:00:00+00:00,102455.62947535363
2023-05-05 16:00:00+00:00,102493.84312517686
2023-05-05 20:00:00+00:00,102496.0813946942
2023-05-06 00:00:00+00:00,102470.72531207377
2023-05-06 04:00:00+00:00,102458.03081289947
2023-05-06 08:00:00+00:00,102431.59948315796
2023-05-06 12:00:00+00:00,102376.53935959353
2023-05-06 16:00:00+00:00,102376.53935959353
2023-05-06 20:00:00+00:00,102376.53935959353
2023-05-07 00:00:00+00:00,102376.53935959353
2023-05-07 04:00:00+00:00,102376.53935959353
2023-05-07 08:00:00+00:00,102376.53935959353
2023-05-07 12:00:00+00:00,102376.53935959353
2023-05-07 16:00:00+00:00,102376.53935959353
2023-05-07 20:00:00+00:00,102376.53935959353
2023-05-08 00:00:00+00:00,102376.53935959353
2023-05-08 04:00:00+00:00,102376.53935959353
2023-05-08 08:00:00+00:00,102376.53935959353
2023-05-08 12:00:00+00:00,102376.53935959353
2023-05-08 16:00:00+00:00,102376.53935959353
2023-05-08 20:00:00+00:00,102376.53935959353
2023-05-09 00:00:00+00:00,102376.53935959353
2023-05-09 04:00:00+00:00,102376.53935959353
2023-05-09 08:00:00+00:00,102376.53935959353
2023-05-09 12:00:00+00:00,102376.53935959353
2023-05-09 16:00:00+00:00,102376.53935959353
2023-05-09 20:00:00+00:00,102376.53935959353
2023-05-10 00:00:00+00:00,102376.53935959353
2023-05-10 04:00:00+00:00,102376.53935959353
2023-05-10 08:00:00+00:00,102376.53935959353
2023-05-10 12:00:00+00:00,102376.53935959353
2023-05-10 16:00:00+00:00,102376.53935959353
2023-05-10 20:00:00+00:00,102376.53935959353
2023-05-11 00:00:00+00:00,102376.53935959353
2023-05-11 04:00:00+00:00,102376.53935959353
2023-05-11 08:00:00+00:00,102376.53935959353
2023-05-11 12:00:00+00:00,102376.53935959353
2023-05-11 16:00:00+00:00,102376.53935959353
2023-05-11 20:00:00+00:00,102376.53935959353
2023-05-12 00:00:00+00:00,102376.53935959353
2023-05-12 04:00:00+00:00,102376.53935959353
2023-05-12 08:00:00+00:00,102376.53935959353
2023-05-12 12:00:00+00:00,102376.53935959353
2023-05-12 16:00:00+00:00,102376.53935959353
2023-05-12 20:00:00+00:00,102376.53935959353
2023-05-13 00:00:00+00:00,102376.53935959353
2023-05-13 04:00:00+00:00,102376.53935959353
2023-05-13 08:00:00+00:00,102376.53935959353
2023-05-13 12:00:00+00:00,102376.53935959353
2023-05-13 16:00:00+00:00,102376.53935959353
2023-05-13 20:00:00+00:00,102376.53935959353
2023-05-14 00:00:00+00:00,102376.53935959353
2023-05-14 04:00:00+00:00,102376.53935959353
2023-05-14 08:00:00+00:00,102376.53935959353
2023-05-14 12:00:00+00:00,102376.53935959353
2023-05-14 16:00:00+00:00,102376.53935959353
2023-05-14 20:00:00+00:00,102376.53935959353
2023-05-15 00:00:00+00:00,102376.53935959353
2023-05-15 04:00:00+00:00,102376.53935959353
2023-05-15 08:00:00+00:00,102376.53935959353
2023-05-15 12:00:00+00:00,102376.53935959353
2023-05-15 16:00:00+00:00,102376.53935959353
2023-05-15 20:00:00+00:00,102376.53935959353
2023-05-16 00:00:00+00:00,102376.53935959353
2023-05-16 04:00:00+00:00,102376.53935959353
2023-05-16 08:00:00+00:00,102376.53935959353
2023-05-16 12:00:00+00:00,102376.53935959353
2023-05-16 16:00:00+00:00,102376.53935959353
2023-05-16 20:00:00+00:00,102376.53935959353
2023-05-17 00:00:00+00:00,102376.53935959353
2023-05-17 04:00:00+00:00,102376.53935959353
2023-05-17 08:00:00+00:00,102376.53935959353
2023-05-17 12:00:00+00:00,102376.53935959353
2023-05-17 16:00:00+00:00,102376.53935959353
2023-05-17 20:00:00+00:00,102362.49977165658
2023-05-18 00:00:00+00:00,102365.86768622043
2023-05-18 04:00:00+00:00,102350.77942897442
2023-05-18 08:00:00+00:00,102349.83641289653
2023-05-18 12:00:00+00:00,102315.72305639714
2023-05-18 16:00:00+00:00,102278.56219985342
2023-05-18 20:00:00+00:00,102285.3710933145
2023-05-19 00:00:00+00:00,102305.2056960055
2023-05-19 04:00:00+00:00,102285.3710933145
2023-05-19 08:00:00+00:00,102294.8443363908
2023-05-19 12:00:00+00:00,102302.83738523643
2023-05-19 16:00:00+00:00,102302.83738523643
2023-05-19 20:00:00+00:00,102308.46212331299
2023-05-20 00:00:00+00:00,102298.69284139056
2023-05-20 04:00:00+00:00,102299.58095792895
2023-05-20 08:00:00+00:00,102307.27796792844
2023-05-20 12:00:00+00:00,102305.2056960055
2023-05-20 16:00:00+00:00,102309.35023985138
2023-05-20 20:00:00+00:00,102311.71855062046
2023-05-21 00:00:00+00:00,102309.05420100524
2023-05-21 04:00:00+00:00,102313.19874485114
2023-05-21 08:00:00+00:00,102302.83738523643
2023-05-21 12:00:00+00:00,102279.38457172661
2023-05-21 16:00:00+00:00,102279.38457172661
2023-05-21 20:00:00+00:00,102279.38457172661
2023-05-22 00:00:00+00:00,102279.38457172661
2023-05-22 04:00:00+00:00,102279.38457172661
2023-05-22 08:00:00+00:00,102279.38457172661
2023-05-22 12:00:00+00:00,102279.38457172661
2023-05-22 16:00:00+00:00,102279.38457172661
2023-05-22 20:00:00+00:00,102279.38457172661
2023-05-23 00:00:00+00:00,102279.38457172661
2023-05-23 04:00:00+00:00,102279.38457172661
2023-05-23 08:00:00+00:00,102279.38457172661
2023-05-23 12:00:00+00:00,102279.38457172661
2023-05-23 16:00:00+00:00,102279.38457172661
2023-05-23 20:00:00+00:00,102279.38457172661
2023-05-24 00:00:00+00:00,102279.38457172661
2023-05-24 04:00:00+00:00,102279.38457172661
2023-05-24 08:00:00+00:00,102279.38457172661
2023-05-24 12:00:00+00:00,102279.38457172661
2023-05-24 16:00:00+00:00,102279.38457172661
2023-05-24 20:00:00+00:00,102279.38457172661
2023-05-25 00:00:00+00:00,102279.38457172661
2023-05-25 04:00:00+00:00,102279.38457172661
2023-05-25 08:00:00+00:00,102279.38457172661
2023-05-25 12:00:00+00:00,102279.38457172661
2023-05-25 16:00:00+00:00,102279.38457172661
2023-05-25 20:00:00+00:00,102279.38457172661
2023-05-26 00:00:00+00:00,102279.38457172661
2023-05-26 04:00:00+00:00,102279.38457172661
2023-05-26 08:00:00+00:00,102279.38457172661
2023-05-26 12:00:00+00:00,102279.38457172661
2023-05-26 16:00:00+00:00,102279.38457172661
2023-05-26 20:00:00+00:00,102279.38457172661
2023-05-27 00:00:00+00:00,102279.38457172661
2023-05-27 04:00:00+00:00,102279.38457172661
2023-05-27 08:00:00+00:00,102279.38457172661
2023-05-27 12:00:00+00:00,102279.38457172661
2023-05-27 16:00:00+00:00,102279.38457172661
2023-05-27 20:00:00+00:00,102279.38457172661
2023-05-28 00:00:00+00:00,102279.38457172661
2023-05-28 04:00:00+00:00,102279.38457172661
2023-05-28 08:00:00+00:00,102279.38457172661
2023-05-28 12:00:00+00:00,102279.38457172661
2023-05-28 16:00:00+00:00,102279.38457172661
2023-05-28 20:00:00+00:00,102340.09418465129
2023-05-29 00:00:00+00:00,102305.68066570576
2023-05-29 04:00:00+00:00,102292.68610412264
2023-05-29 08:00:00+00:00,102298.47889330807
2023-05-29 12:00:00+00:00,102237.19742007907
2023-05-29 16:00:00+00:00,102267.68000559848
2023-05-29 20:00:00+00:00,102325.33020981618
2023-05-30 00:00:00+00:00,102362.11455718118
2023-05-30 04:00:00+00:00,102365.10587944686
2023-05-30 08:00:00+00:00,102430.99794788948
2023-05-30 12:00:00+00:00,102317.97427941988
2023-05-30 16:00:00+00:00,102462.54935802365
2023-05-30 20:00:00+00:00,102426.63442945937
2023-05-31 00:00:00+00:00,102425.03866594224
2023-05-31 04:00:00+00:00,102170.27329053375
2023-05-31 08:00:00+00:00,102171.99679309363
2023-05-31 12:00:00+00:00,102141.3561034384
2023-05-31 16:00:00+00:00,102183.19701427956
2023-05-31 20:00:00+00:00,102195.15156023418
2023-06-01 00:00:00+00:00,102156.06939076717
2023-06-01 04:00:00+00:00,102139.97673275134
2023-06-01 08:00:00+00:00,102141.81589366743
2023-06-01 12:00:00+00:00,102143.19526435451
2023-06-01 16:00:00+00:00,102151.93127870595
2023-06-01 20:00:00+00:00,102147.79316664474
2023-06-02 00:00:00+00:00,102191.93302863101
2023-06-02 04:00:00+00:00,102189.6340774859
2023-06-02 08:00:00+00:00,102185.03617519567
2023-06-02 12:00:00+00:00,102204.80715504369
2023-06-02 16:00:00+00:00,102238.83163199143
2023-06-02 20:00:00+00:00,102231.01519809803
2023-06-03 00:00:00+00:00,102226.4172958078
2023-06-03 04:00:00+00:00,102230.555407869
2023-06-03 08:00:00+00:00,102223.19876420463
2023-06-03 12:00:00+00:00,102217.22149122732
2023-06-03 16:00:00+00:00,102209.86484756295
2023-06-03 20:00:00+00:00,102205.2669452727
2023-06-04 00:00:00+00:00,102218.14107168537
2023-06-04 04:00:00+00:00,102234.69351993022
2023-06-04 08:00:00+00:00,102231.47498832706
2023-06-04 12:00:00+00:00,102282.9714939777
2023-06-04 16:00:00+00:00,102295.38583016135
2023-06-04 20:00:00+00:00,102282.9714939777
2023-06-05 00:00:00+00:00,102258.60261183945
2023-06-05 04:00:00+00:00,102275.61485031333
2023-06-05 08:00:00+00:00,102276.53443077138
2023-06-05 12:00:00+00:00,102163.50718955848
2023-06-05 16:00:00+00:00,102163.50718955848
2023-06-05 20:00:00+00:00,102163.50718955848
2023-06-06 00:00:00+00:00,102163.50718955848
2023-06-06 04:00:00+00:00,102163.50718955848
2023-06-06 08:00:00+00:00,102163.50718955848
2023-06-06 12:00:00+00:00,102163.50718955848
2023-06-06 16:00:00+00:00,102163.50718955848
2023-06-06 20:00:00+00:00,102163.50718955848
2023-06-07 00:00:00+00:00,102163.50718955848
2023-06-07 04:00:00+00:00,102163.50718955848
2023-06-07 08:00:00+00:00,102163.50718955848
2023-06-07 12:00:00+00:00,102163.50718955848
2023-06-07 16:00:00+00:00,102163.50718955848
2023-06-07 20:00:00+00:00,102163.50718955848
2023-06-08 00:00:00+00:00,102163.50718955848
2023-06-08 04:00:00+00:00,102163.50718955848
2023-06-08 08:00:00+00:00,102163.50718955848
2023-06-08 12:00:00+00:00,102163.50718955848
2023-06-08 16:00:00+00:00,102163.50718955848
2023-06-08 20:00:00+00:00,102163.50718955848
2023-06-09 00:00:00+00:00,102163.50718955848
2023-06-09 04:00:00+00:00,102163.50718955848
2023-06-09 08:00:00+00:00,102163.50718955848
2023-06-09 12:00:00+00:00,102163.50718955848
2023-06-09 16:00:00+00:00,102163.50718955848
2023-06-09 20:00:00+00:00,102163.50718955848
2023-06-10 00:00:00+00:00,102163.50718955848
2023-06-10 04:00:00+00:00,102163.50718955848
2023-06-10 08:00:00+00:00,102163.50718955848
2023-06-10 12:00:00+00:00,102163.50718955848
2023-06-10 16:00:00+00:00,102163.50718955848
2023-06-10 20:00:00+00:00,102163.50718955848
2023-06-11 00:00:00+00:00,102163.50718955848
2023-06-11 04:00:00+00:00,102163.50718955848
2023-06-11 08:00:00+00:00,102163.50718955848
2023-06-11 12:00:00+00:00,102163.50718955848
2023-06-11 16:00:00+00:00,102163.50718955848
2023-06-11 20:00:00+00:00,102163.50718955848
2023-06-12 00:00:00+00:00,102163.50718955848
2023-06-12 04:00:00+00:00,102163.50718955848
2023-06-12 08:00:00+00:00,102163.50718955848
2023-06-12 12:00:00+00:00,102163.50718955848
2023-06-12 16:00:00+00:00,102163.50718955848
2023-06-12 20:00:00+00:00,102163.50718955848
2023-06-13 00:00:00+00:00,102163.50718955848
2023-06-13 04:00:00+00:00,102163.50718955848
2023-06-13 08:00:00+00:00,102163.50718955848
2023-06-13 12:00:00+00:00,102163.50718955848
2023-06-13 16:00:00+00:00,102163.50718955848
2023-06-13 20:00:00+00:00,102163.50718955848
2023-06-14 00:00:00+00:00,102163.50718955848
2023-06-14 04:00:00+00:00,102163.50718955848
2023-06-14 08:00:00+00:00,102163.50718955848
2023-06-14 12:00:00+00:00,102163.50718955848
2023-06-14 16:00:00+00:00,102163.50718955848
2023-06-14 20:00:00+00:00,102163.50718955848
2023-06-15 00:00:00+00:00,102163.50718955848
2023-06-15 04:00:00+00:00,102163.50718955848
2023-06-15 08:00:00+00:00,102163.50718955848
2023-06-15 12:00:00+00:00,102163.50718955848
2023-06-15 16:00:00+00:00,102163.50718955848
2023-06-15 20:00:00+00:00,102163.50718955848
2023-06-16 00:00:00+00:00,102163.50718955848
2023-06-16 04:00:00+00:00,102163.50718955848
2023-06-16 08:00:00+00:00,102163.50718955848
2023-06-16 12:00:00+00:00,102163.50718955848
2023-06-16 16:00:00+00:00,102163.50718955848
2023-06-16 20:00:00+00:00,102163.50718955848
2023-06-17 00:00:00+00:00,102163.50718955848
2023-06-17 04:00:00+00:00,102163.50718955848
2023-06-17 08:00:00+00:00,102163.50718955848
2023-06-17 12:00:00+00:00,102163.50718955848
2023-06-17 16:00:00+00:00,102163.50718955848
2023-06-17 20:00:00+00:00,102163.50718955848
2023-06-18 00:00:00+00:00,102163.50718955848
2023-06-18 04:00:00+00:00,102163.50718955848
2023-06-18 08:00:00+00:00,102163.50718955848
2023-06-18 12:00:00+00:00,102163.50718955848
2023-06-18 16:00:00+00:00,102163.50718955848
2023-06-18 20:00:00+00:00,102163.50718955848
2023-06-19 00:00:00+00:00,102163.50718955848
2023-06-19 04:00:00+00:00,102163.50718955848
2023-06-19 08:00:00+00:00,102163.50718955848
2023-06-19 12:00:00+00:00,102163.50718955848
2023-06-19 16:00:00+00:00,102163.50718955848
2023-06-19 20:00:00+00:00,102163.50718955848
2023-06-20 00:00:00+00:00,102163.50718955848
2023-06-20 04:00:00+00:00,102163.50718955848
2023-06-20 08:00:00+00:00,102163.50718955848
2023-06-20 12:00:00+00:00,102163.50718955848
2023-06-20 16:00:00+00:00,102163.50718955848
2023-06-20 20:00:00+00:00,102187.67412339355
2023-06-21 00:00:00+00:00,102222.34626402792
2023-06-21 04:00:00+00:00,102239.78065619641
2023-06-21 08:00:00+00:00,102262.21738939494
2023-06-21 12:00:00+00:00,102373.65045502203
2023-06-21 16:00:00+00:00,102453.32158585984
2023-06-21 20:00:00+00:00,102461.59201790813
2023-06-22 00:00:00+00:00,102545.73761769116
2023-06-22 04:00:00+00:00,102507.57323394428
2023-06-22 08:00:00+00:00,102421.54148827805
2023-06-22 12:00:00+00:00,102407.53662205503
2023-06-22 16:00:00+00:00,102457.498308167
2023-06-22 20:00:00+00:00,102383.58960424415
2023-06-23 00:00:00+00:00,102418.33377163202
2023-06-23 04:00:00+00:00,102409.12616723365
2023-06-23 08:00:00+00:00,102412.19541641277
2023-06-23 12:00:00+00:00,102550.45924434604
2023-06-23 16:00:00+00:00,102499.33857665905
2023-06-23 20:00:00+00:00,102463.09717749414
2023-06-24 00:00:00+00:00,102479.03951918035
2023-06-24 04:00:00+00:00,102435.99326840599
2023-06-24 08:00:00+00:00,102454.37082355135
2023-06-24 12:00:00+00:00,102368.65033305352
2023-06-24 16:00:00+00:00,102388.96266914104
2023-06-24 20:00:00+00:00,102365.3694428641
2023-06-25 00:00:00+00:00,102408.61996437318
2023-06-25 04:00:00+00:00,102427.63079786014
2023-06-25 08:00:00+00:00,102434.35198855028
2023-06-25 12:00:00+00:00,102383.77544036343
2023-06-25 16:00:00+00:00,102381.04761891588
2023-06-25 20:00:00+00:00,102389.28366552359
2023-06-26 00:00:00+00:00,102327.20989001694
2023-06-26 04:00:00+00:00,102323.73089220627
2023-06-26 08:00:00+00:00,102323.73089220627
2023-06-26 12:00:00+00:00,102323.73089220627
2023-06-26 16:00:00+00:00,102323.73089220627
2023-06-26 20:00:00+00:00,102323.73089220627
2023-06-27 00:00:00+00:00,102323.73089220627
2023-06-27 04:00:00+00:00,102323.73089220627
2023-06-27 08:00:00+00:00,102323.73089220627
2023-06-27 12:00:00+00:00,102323.73089220627
2023-06-27 16:00:00+00:00,102323.73089220627
2023-06-27 20:00:00+00:00,102323.73089220627
2023-06-28 00:00:00+00:00,102323.73089220627
2023-06-28 04:00:00+00:00,102323.73089220627
2023-06-28 08:00:00+00:00,102323.73089220627
2023-06-28 12:00:00+00:00,102323.73089220627
2023-06-28 16:00:00+00:00,102323.73089220627
2023-06-28 20:00:00+00:00,102323.73089220627
2023-06-29 00:00:00+00:00,102323.73089220627
2023-06-29 04:00:00+00:00,102323.73089220627
2023-06-29 08:00:00+00:00,102323.73089220627
2023-06-29 12:00:00+00:00,102323.73089220627
2023-06-29 16:00:00+00:00,102323.73089220627
2023-06-29 20:00:00+00:00,102323.73089220627
2023-06-30 00:00:00+00:00,102323.73089220627
2023-06-30 04:00:00+00:00,102323.73089220627
2023-06-30 08:00:00+00:00,102323.73089220627
2023-06-30 12:00:00+00:00,102323.73089220627
2023-06-30 16:00:00+00:00,102323.73089220627
2023-06-30 20:00:00+00:00,102323.73089220627
2023-07-01 00:00:00+00:00,102323.73089220627
2023-07-01 04:00:00+00:00,102323.73089220627
2023-07-01 08:00:00+00:00,102323.73089220627
2023-07-01 12:00:00+00:00,102323.73089220627
2023-07-01 16:00:00+00:00,102323.73089220627
2023-07-01 20:00:00+00:00,102323.73089220627
2023-07-02 00:00:00+00:00,102323.73089220627
2023-07-02 04:00:00+00:00,102323.73089220627
2023-07-02 08:00:00+00:00,102323.73089220627
2023-07-02 12:00:00+00:00,102323.73089220627
2023-07-02 16:00:00+00:00,102323.73089220627
2023-07-02 20:00:00+00:00,102323.73089220627
2023-07-03 00:00:00+00:00,102323.73089220627
2023-07-03 04:00:00+00:00,102323.73089220627
2023-07-03 08:00:00+00:00,102315.30008848807
2023-07-03 12:00:00+00:00,102321.31611124986
2023-07-03 16:00:00+00:00,102320.71562099268
2023-07-03 20:00:00+00:00,102307.79396027327
2023-07-04 00:00:00+00:00,102316.12298254421
2023-07-04 04:00:00+00:00,102277.43255333121
2023-07-04 08:00:00+00:00,102296.36857586201
2023-07-04 12:00:00+00:00,102275.284979321
2023-07-04 16:00:00+00:00,102244.4944899682
2023-07-04 20:00:00+00:00,102243.21605913875
2023-07-05 00:00:00+00:00,102252.46135263637
2023-07-05 04:00:00+00:00,102256.35410779325
2023-07-05 08:00:00+00:00,102212.83841451455
2023-07-05 12:00:00+00:00,102212.83841451455
2023-07-05 16:00:00+00:00,102212.83841451455
2023-07-05 20:00:00+00:00,102212.83841451455
2023-07-06 00:00:00+00:00,102212.83841451455
2023-07-06 04:00:00+00:00,102212.83841451455
2023-07-06 08:00:00+00:00,102212.83841451455
2023-07-06 12:00:00+00:00,102212.83841451455
2023-07-06 16:00:00+00:00,102212.83841451455
2023-07-06 20:00:00+00:00,102212.83841451455
2023-07-07 00:00:00+00:00,102212.83841451455
2023-07-07 04:00:00+00:00,102212.83841451455
2023-07-07 08:00:00+00:00,102212.83841451455
2023-07-07 12:00:00+00:00,102212.83841451455
2023-07-07 16:00:00+00:00,102218.83995185328
2023-07-07 20:00:00+00:00,102221.33844511972
2023-07-08 00:00:00+00:00,102228.47699730954
2023-07-08 04:00:00+00:00,102238.82789798477
2023-07-08 08:00:00+00:00,102237.40018754681
2023-07-08 12:00:00+00:00,102222.0523003387
2023-07-08 16:00:00+00:00,102225.62157643361
2023-07-08 20:00:00+00:00,102233.11705623292
2023-07-09 00:00:00+00:00,102227.40621448106
2023-07-09 04:00:00+00:00,102223.48001077666
2023-07-09 08:00:00+00:00,102225.26464882412
2023-07-09 12:00:00+00:00,102212.77218249194
2023-07-09 16:00:00+00:00,102214.1998929299
2023-07-09 20:00:00+00:00,102214.91374814889
2023-07-10 00:00:00+00:00,102212.05832727296
2023-07-10 04:00:00+00:00,102193.85501918892
2023-07-10 08:00:00+00:00,102192.74552274268
2023-07-10 12:00:00+00:00,102192.74552274268
2023-07-10 16:00:00+00:00,102192.74552274268
2023-07-10 20:00:00+00:00,102192.74552274268
2023-07-11 00:00:00+00:00,102192.74552274268
2023-07-11 04:00:00+00:00,102192.74552274268
2023-07-11 08:00:00+00:00,102192.74552274268
2023-07-11 12:00:00+00:00,102192.74552274268
2023-07-11 16:00:00+00:00,102192.74552274268
2023-07-11 20:00:00+00:00,102192.74552274268
2023-07-12 00:00:00+00:00,102192.74552274268
2023-07-12 04:00:00+00:00,102192.74552274268
2023-07-12 08:00:00+00:00,102192.74552274268
2023-07-12 12:00:00+00:00,102192.74552274268
2023-07-12 16:00:00+00:00,102192.74552274268
2023-07-12 20:00:00+00:00,102192.74552274268
2023-07-13 00:00:00+00:00,102192.74552274268
2023-07-13 04:00:00+00:00,102192.74552274268
2023-07-13 08:00:00+00:00,102192.74552274268
2023-07-13 12:00:00+00:00,102192.74552274268
2023-07-13 16:00:00+00:00,102275.19556913969
2023-07-13 20:00:00+00:00,102265.92239328336
2023-07-14 00:00:00+00:00,102364.44988675688
2023-07-14 04:00:00+00:00,102371.79115097648
2023-07-14 08:00:00+00:00,102345.13077038951
2023-07-14 12:00:00+00:00,102350.54012297238
2023-07-14 16:00:00+00:00,102269.01345190212
2023-07-14 20:00:00+00:00,102292.19639154297
2023-07-15 00:00:00+00:00,102310.35636092827
2023-07-15 04:00:00+00:00,102371.40476864912
2023-07-15 08:00:00+00:00,102390.13534906568
2023-07-15 12:00:00+00:00,102320.89484170653
2023-07-15 16:00:00+00:00,102326.53415838622
2023-07-15 20:00:00+00:00,102302.3242052905
2023-07-16 00:00:00+00:00,102266.38598559826
2023-07-16 04:00:00+00:00,102296.51886717993
2023-07-16 08:00:00+00:00,102313.68104776515
2023-07-16 12:00:00+00:00,102316.06780929287
2023-07-16 16:00:00+00:00,102260.41928930578
2023-07-16 20:00:00+00:00,102260.77362527957
2023-07-17 00:00:00+00:00,102283.57018259304
2023-07-17 04:00:00+00:00,102269.2740364812
2023-07-17 08:00:00+00:00,102249.5685377865
2023-07-17 12:00:00+00:00,102247.99667903299
2023-07-17 16:00:00+00:00,102247.99667903299
2023-07-17 20:00:00+00:00,102247.99667903299
2023-07-18 00:00:00+00:00,102247.99667903299
2023-07-18 04:00:00+00:00,102247.99667903299
2023-07-18 08:00:00+00:00,102247.99667903299
2023-07-18 12:00:00+00:00,102247.99667903299
2023-07-18 16:00:00+00:00,102247.99667903299
2023-07-18 20:00:00+00:00,102247.99667903299
2023-07-19 00:00:00+00:00,102247.99667903299
2023-07-19 04:00:00+00:00,102247.99667903299
2023-07-19 08:00:00+00:00,102247.99667903299
2023-07-19 12:00:00+00:00,102247.99667903299
2023-07-19 16:00:00+00:00,102247.99667903299
2023-07-19 20:00:00+00:00,102234.1572164707
2023-07-20 00:00:00+00:00,102245.26208920097
2023-07-20 04:00:00+00:00,102232.24856647021
2023-07-20 08:00:00+00:00,102224.0934255589
2023-07-20 12:00:00+00:00,102206.0480073722
2023-07-20 16:00:00+00:00,102210.9063891917
2023-07-20 20:00:00+00:00,102212.12098464656
2023-07-21 00:00:00+00:00,102211.25341646453
2023-07-21 04:00:00+00:00,102198.93394827937
2023-07-21 08:00:00+00:00,102197.92040268461
2023-07-21 12:00:00+00:00,102197.92040268461
2023-07-21 16:00:00+00:00,102197.92040268461
2023-07-21 20:00:00+00:00,102197.92040268461
2023-07-22 00:00:00+00:00,102197.92040268461
2023-07-22 04:00:00+00:00,102197.92040268461
2023-07-22 08:00:00+00:00,102197.92040268461
2023-07-22 12:00:00+00:00,102197.92040268461
2023-07-22 16:00:00+00:00,102197.92040268461
2023-07-22 20:00:00+00:00,102197.92040268461
2023-07-23 00:00:00+00:00,102197.92040268461
2023-07-23 04:00:00+00:00,102197.92040268461
2023-07-23 08:00:00+00:00,102197.92040268461
2023-07-23 12:00:00+00:00,102197.92040268461
2023-07-23 16:00:00+00:00,102197.92040268461
2023-07-23 20:00:00+00:00,102197.92040268461
2023-07-24 00:00:00+00:00,102197.92040268461
2023-07-24 04:00:00+00:00,102197.92040268461
2023-07-24 08:00:00+00:00,102197.92040268461
2023-07-24 12:00:00+00:00,102197.92040268461
2023-07-24 16:00:00+00:00,102197.92040268461
2023-07-24 20:00:00+00:00,102197.92040268461
2023-07-25 00:00:00+00:00,102197.92040268461
2023-07-25 04:00:00+00:00,102197.92040268461
2023-07-25 08:00:00+00:00,102197.92040268461
2023-07-25 12:00:00+00:00,102197.92040268461
2023-07-25 16:00:00+00:00,102197.92040268461
2023-07-25 20:00:00+00:00,102196.59985599895
2023-07-26 00:00:00+00:00,102178.21761122587
2023-07-26 04:00:00+00:00,102179.388454842
2023-07-26 08:00:00+00:00,102161.35746315378
2023-07-26 12:00:00+00:00,102160.77204134571
2023-07-26 16:00:00+00:00,102159.13286028315
2023-07-26 20:00:00+00:00,102151.28820805515
2023-07-27 00:00:00+00:00,102153.16155784094
2023-07-27 04:00:00+00:00,102161.00621006894
2023-07-27 08:00:00+00:00,102170.84129644433
2023-07-27 12:00:00+00:00,102160.18661953765
2023-07-27 16:00:00+00:00,102144.02897763521
2023-07-27 20:00:00+00:00,102142.67095915337
2023-07-28 00:00:00+00:00,102142.67095915337
2023-07-28 04:00:00+00:00,102142.67095915337
2023-07-28 08:00:00+00:00,102142.67095915337
2023-07-28 12:00:00+00:00,102142.67095915337
2023-07-28 16:00:00+00:00,102142.67095915337
2023-07-28 20:00:00+00:00,102142.67095915337
2023-07-29 00:00:00+00:00,102142.67095915337
2023-07-29 04:00:00+00:00,102142.67095915337
2023-07-29 08:00:00+00:00,102142.67095915337
2023-07-29 12:00:00+00:00,102142.67095915337
2023-07-29 16:00:00+00:00,102142.67095915337
2023-07-29 20:00:00+00:00,102142.67095915337
2023-07-30 00:00:00+00:00,102148.88452104297
2023-07-30 04:00:00+00:00,102142.63195486397
2023-07-30 08:00:00+00:00,102145.75823795349
2023-07-30 12:00:00+00:00,102146.53980872587
2023-07-30 16:00:00+00:00,102107.72179369784
2023-07-30 20:00:00+00:00,102067.34710911648
2023-07-31 00:00:00+00:00,102067.34710911648
2023-07-31 04:00:00+00:00,102067.34710911648
2023-07-31 08:00:00+00:00,102067.34710911648
2023-07-31 12:00:00+00:00,102067.34710911648
2023-07-31 16:00:00+00:00,102067.34710911648
2023-07-31 20:00:00+00:00,102067.34710911648
2023-08-01 00:00:00+00:00,102067.34710911648
2023-08-01 04:00:00+00:00,102067.34710911648
2023-08-01 08:00:00+00:00,102067.34710911648
2023-08-01 12:00:00+00:00,102067.34710911648
2023-08-01 16:00:00+00:00,102067.34710911648
2023-08-01 20:00:00+00:00,102067.34710911648
2023-08-02 00:00:00+00:00,102067.34710911648
2023-08-02 04:00:00+00:00,102067.34710911648
2023-08-02 08:00:00+00:00,102067.34710911648
2023-08-02 12:00:00+00:00,102067.34710911648
2023-08-02 16:00:00+00:00,102067.34710911648
2023-08-02 20:00:00+00:00,102067.34710911648
2023-08-03 00:00:00+00:00,102067.34710911648
2023-08-03 04:00:00+00:00,102067.34710911648
2023-08-03 08:00:00+00:00,102067.34710911648
2023-08-03 12:00:00+00:00,102067.34710911648
2023-08-03 16:00:00+00:00,102067.34710911648
2023-08-03 20:00:00+00:00,102067.34710911648
2023-08-04 00:00:00+00:00,102067.34710911648
2023-08-04 04:00:00+00:00,102067.34710911648
2023-08-04 08:00:00+00:00,102067.34710911648
2023-08-04 12:00:00+00:00,102067.34710911648
2023-08-04 16:00:00+00:00,102067.34710911648
2023-08-04 20:00:00+00:00,102067.34710911648
2023-08-05 00:00:00+00:00,102067.34710911648
2023-08-05 04:00:00+00:00,102067.34710911648
2023-08-05 08:00:00+00:00,102067.34710911648
2023-08-05 12:00:00+00:00,102067.34710911648
2023-08-05 16:00:00+00:00,102067.34710911648
2023-08-05 20:00:00+00:00,102067.34710911648
2023-08-06 00:00:00+00:00,102067.34710911648
2023-08-06 04:00:00+00:00,102067.34710911648
2023-08-06 08:00:00+00:00,102067.34710911648
2023-08-06 12:00:00+00:00,102067.34710911648
2023-08-06 16:00:00+00:00,102067.34710911648
2023-08-06 20:00:00+00:00,102067.34710911648
2023-08-07 00:00:00+00:00,102067.34710911648
2023-08-07 04:00:00+00:00,102067.34710911648
2023-08-07 08:00:00+00:00,102067.34710911648
2023-08-07 12:00:00+00:00,102067.34710911648
2023-08-07 16:00:00+00:00,102067.34710911648
2023-08-07 20:00:00+00:00,102067.34710911648
2023-08-08 00:00:00+00:00,102067.34710911648
2023-08-08 04:00:00+00:00,102067.34710911648
2023-08-08 08:00:00+00:00,102067.34710911648
2023-08-08 12:00:00+00:00,102067.34710911648
2023-08-08 16:00:00+00:00,102067.34710911648
2023-08-08 20:00:00+00:00,102067.34710911648
2023-08-09 00:00:00+00:00,102067.34710911648
2023-08-09 04:00:00+00:00,102067.34710911648
2023-08-09 08:00:00+00:00,102067.34710911648
2023-08-09 12:00:00+00:00,102045.49949393261
2023-08-09 16:00:00+00:00,102028.65888016115
2023-08-09 20:00:00+00:00,102034.48832338974
2023-08-10 00:00:00+00:00,102024.12486876115
2023-08-10 04:00:00+00:00,102029.95431198973
2023-08-10 08:00:00+00:00,102035.13603930402
2023-08-10 12:00:00+00:00,102044.85177801833
2023-08-10 16:00:00+00:00,102048.09035758977
2023-08-10 20:00:00+00:00,102050.03350533263
2023-08-11 00:00:00+00:00,102053.91980081834
2023-08-11 04:00:00+00:00,102041.6131984469
2023-08-11 08:00:00+00:00,102043.55634618975
2023-08-11 12:00:00+00:00,102044.85177801833
2023-08-11 16:00:00+00:00,102038.37461887546
2023-08-11 20:00:00+00:00,102050.03350533263
2023-08-12 00:00:00+00:00,102040.31776661832
2023-08-12 04:00:00+00:00,102044.85177801833
2023-08-12 08:00:00+00:00,102044.20406210404
2023-08-12 12:00:00+00:00,102052.62436898977
2023-08-12 16:00:00+00:00,102057.15838038978
2023-08-12 20:00:00+00:00,102068.81726684695
2023-08-13 00:00:00+00:00,102068.16955093265
2023-08-13 04:00:00+00:00,102058.45381221836
2023-08-13 08:00:00+00:00,102054.56751673263
2023-08-13 12:00:00+00:00,102046.79492576119
2023-08-13 16:00:00+00:00,102051.97665307549
2023-08-13 20:00:00+00:00,102023.47715284686
2023-08-14 00:00:00+00:00,102021.12478531423
2023-08-14 04:00:00+00:00,102021.12478531423
2023-08-14 08:00:00+00:00,102021.12478531423
2023-08-14 12:00:00+00:00,102021.12478531423
2023-08-14 16:00:00+00:00,102021.12478531423
2023-08-14 20:00:00+00:00,102021.12478531423
2023-08-15 00:00:00+00:00,102021.12478531423
2023-08-15 04:00:00+00:00,102021.12478531423
2023-08-15 08:00:00+00:00,102021.12478531423
2023-08-15 12:00:00+00:00,102021.12478531423
2023-08-15 16:00:00+00:00,102021.12478531423
2023-08-15 20:00:00+00:00,102021.12478531423
2023-08-16 00:00:00+00:00,102021.12478531423
2023-08-16 04:00:00+00:00,102021.12478531423
2023-08-16 08:00:00+00:00,102021.12478531423
2023-08-16 12:00:00+00:00,102021.12478531423
2023-08-16 16:00:00+00:00,102021.12478531423
2023-08-16 20:00:00+00:00,102021.12478531423
2023-08-17 00:00:00+00:00,102021.12478531423
2023-08-17 04:00:00+00:00,102021.12478531423
2023-08-17 08:00:00+00:00,102021.12478531423
2023-08-17 12:00:00+00:00,102021.12478531423
2023-08-17 16:00:00+00:00,102021.12478531423
2023-08-17 20:00:00+00:00,102021.12478531423
2023-08-18 00:00:00+00:00,102021.12478531423
2023-08-18 04:00:00+00:00,102021.12478531423
2023-08-18 08:00:00+00:00,102021.12478531423
2023-08-18 12:00:00+00:00,102021.12478531423
2023-08-18 16:00:00+00:00,102021.12478531423
2023-08-18 20:00:00+00:00,102021.12478531423
2023-08-19 00:00:00+00:00,102021.12478531423
2023-08-19 04:00:00+00:00,102021.12478531423
2023-08-19 08:00:00+00:00,102021.12478531423
2023-08-19 12:00:00+00:00,102021.12478531423
2023-08-19 16:00:00+00:00,102021.12478531423
2023-08-19 20:00:00+00:00,102021.12478531423
2023-08-20 00:00:00+00:00,102021.12478531423
2023-08-20 04:00:00+00:00,102021.12478531423
2023-08-20 08:00:00+00:00,102021.12478531423
2023-08-20 12:00:00+00:00,102021.12478531423
2023-08-20 16:00:00+00:00,102021.12478531423
2023-08-20 20:00:00+00:00,102021.12478531423
2023-08-21 00:00:00+00:00,102021.12478531423
2023-08-21 04:00:00+00:00,102021.12478531423
2023-08-21 08:00:00+00:00,102021.12478531423
2023-08-21 12:00:00+00:00,102021.12478531423
2023-08-21 16:00:00+00:00,102021.12478531423
2023-08-21 20:00:00+00:00,102021.12478531423
2023-08-22 00:00:00+00:00,102021.12478531423
2023-08-22 04:00:00+00:00,102021.12478531423
2023-08-22 08:00:00+00:00,102021.12478531423
2023-08-22 12:00:00+00:00,102021.12478531423
2023-08-22 16:00:00+00:00,102021.12478531423
2023-08-22 20:00:00+00:00,102021.12478531423
2023-08-23 00:00:00+00:00,102021.12478531423
2023-08-23 04:00:00+00:00,102021.12478531423
2023-08-23 08:00:00+00:00,102021.12478531423
2023-08-23 12:00:00+00:00,102021.12478531423
2023-08-23 16:00:00+00:00,102021.12478531423
2023-08-23 20:00:00+00:00,102021.12478531423
2023-08-24 00:00:00+00:00,102021.12478531423
2023-08-24 04:00:00+00:00,102021.12478531423
2023-08-24 08:00:00+00:00,102021.12478531423
2023-08-24 12:00:00+00:00,102021.12478531423
2023-08-24 16:00:00+00:00,102021.12478531423
2023-08-24 20:00:00+00:00,102021.12478531423
2023-08-25 00:00:00+00:00,102021.12478531423
2023-08-25 04:00:00+00:00,102021.12478531423
2023-08-25 08:00:00+00:00,102021.12478531423
2023-08-25 12:00:00+00:00,102021.12478531423
2023-08-25 16:00:00+00:00,102021.12478531423
2023-08-25 20:00:00+00:00,102021.12478531423
2023-08-26 00:00:00+00:00,102021.12478531423
2023-08-26 04:00:00+00:00,102021.12478531423
2023-08-26 08:00:00+00:00,102021.12478531423
2023-08-26 12:00:00+00:00,102021.12478531423
2023-08-26 16:00:00+00:00,102021.12478531423
2023-08-26 20:00:00+00:00,102021.12478531423
2023-08-27 00:00:00+00:00,102021.12478531423
2023-08-27 04:00:00+00:00,102021.12478531423
2023-08-27 08:00:00+00:00,102021.12478531423
2023-08-27 12:00:00+00:00,102021.12478531423
2023-08-27 16:00:00+00:00,102021.12478531423
2023-08-27 20:00:00+00:00,102021.12478531423
2023-08-28 00:00:00+00:00,102021.12478531423
2023-08-28 04:00:00+00:00,102021.12478531423
2023-08-28 08:00:00+00:00,102021.12478531423
2023-08-28 12:00:00+00:00,102021.12478531423
2023-08-28 16:00:00+00:00,102021.12478531423
2023-08-28 20:00:00+00:00,102021.12478531423
2023-08-29 00:00:00+00:00,102021.12478531423
2023-08-29 04:00:00+00:00,102021.12478531423
2023-08-29 08:00:00+00:00,102021.12478531423
2023-08-29 12:00:00+00:00,102021.12478531423
2023-08-29 16:00:00+00:00,102021.12478531423
2023-08-29 20:00:00+00:00,102021.12478531423
2023-08-30 00:00:00+00:00,102021.12478531423
2023-08-30 04:00:00+00:00,102021.12478531423
2023-08-30 08:00:00+00:00,102021.12478531423
2023-08-30 12:00:00+00:00,102021.12478531423
2023-08-30 16:00:00+00:00,102021.12478531423
2023-08-30 20:00:00+00:00,102021.12478531423
2023-08-31 00:00:00+00:00,102021.12478531423
2023-08-31 04:00:00+00:00,102021.12478531423
2023-08-31 08:00:00+00:00,102021.12478531423
2023-08-31 12:00:00+00:00,102021.12478531423
2023-08-31 16:00:00+00:00,102021.12478531423
2023-08-31 20:00:00+00:00,102021.12478531423
2023-09-01 00:00:00+00:00,102021.12478531423
2023-09-01 04:00:00+00:00,102021.12478531423
2023-09-01 08:00:00+00:00,102021.12478531423
2023-09-01 12:00:00+00:00,102021.12478531423
2023-09-01 16:00:00+00:00,102021.12478531423
2023-09-01 20:00:00+00:00,102021.12478531423
2023-09-02 00:00:00+00:00,102021.12478531423
2023-09-02 04:00:00+00:00,102021.12478531423
2023-09-02 08:00:00+00:00,102021.12478531423
2023-09-02 12:00:00+00:00,102021.12478531423
2023-09-02 16:00:00+00:00,102021.12478531423
2023-09-02 20:00:00+00:00,102021.12478531423
2023-09-03 00:00:00+00:00,102021.12478531423
2023-09-03 04:00:00+00:00,102021.12478531423
2023-09-03 08:00:00+00:00,102021.12478531423
2023-09-03 12:00:00+00:00,102021.12478531423
2023-09-03 16:00:00+00:00,102021.12478531423
2023-09-03 20:00:00+00:00,102021.12478531423
2023-09-04 00:00:00+00:00,102021.12478531423
2023-09-04 04:00:00+00:00,102021.12478531423
2023-09-04 08:00:00+00:00,102021.12478531423
2023-09-04 12:00:00+00:00,102021.12478531423
2023-09-04 16:00:00+00:00,102021.12478531423
2023-09-04 20:00:00+00:00,102021.12478531423
2023-09-05 00:00:00+00:00,102021.12478531423
2023-09-05 04:00:00+00:00,102021.12478531423
2023-09-05 08:00:00+00:00,102021.12478531423
2023-09-05 12:00:00+00:00,102021.12478531423
2023-09-05 16:00:00+00:00,102021.12478531423
2023-09-05 20:00:00+00:00,102021.12478531423
2023-09-06 00:00:00+00:00,102021.12478531423
2023-09-06 04:00:00+00:00,102021.12478531423
2023-09-06 08:00:00+00:00,102021.12478531423
2023-09-06 12:00:00+00:00,102021.12478531423
2023-09-06 16:00:00+00:00,102021.12478531423
2023-09-06 20:00:00+00:00,102021.12478531423
2023-09-07 00:00:00+00:00,102021.12478531423
2023-09-07 04:00:00+00:00,102021.12478531423
2023-09-07 08:00:00+00:00,102021.12478531423
2023-09-07 12:00:00+00:00,102021.12478531423
2023-09-07 16:00:00+00:00,102021.12478531423
2023-09-07 20:00:00+00:00,102021.12478531423
2023-09-08 00:00:00+00:00,102021.12478531423
2023-09-08 04:00:00+00:00,102021.12478531423
2023-09-08 08:00:00+00:00,102021.12478531423
2023-09-08 12:00:00+00:00,102021.12478531423
2023-09-08 16:00:00+00:00,102021.12478531423
2023-09-08 20:00:00+00:00,102021.12478531423
2023-09-09 00:00:00+00:00,102021.12478531423
2023-09-09 04:00:00+00:00,102021.12478531423
2023-09-09 08:00:00+00:00,102021.12478531423
2023-09-09 12:00:00+00:00,102021.12478531423
2023-09-09 16:00:00+00:00,102021.12478531423
2023-09-09 20:00:00+00:00,102021.12478531423
2023-09-10 00:00:00+00:00,102021.12478531423
2023-09-10 04:00:00+00:00,102021.12478531423
2023-09-10 08:00:00+00:00,102021.12478531423
2023-09-10 12:00:00+00:00,102021.12478531423
2023-09-10 16:00:00+00:00,102021.12478531423
2023-09-10 20:00:00+00:00,102021.12478531423
2023-09-11 00:00:00+00:00,102021.12478531423
2023-09-11 04:00:00+00:00,102021.12478531423
2023-09-11 08:00:00+00:00,102021.12478531423
2023-09-11 12:00:00+00:00,102021.12478531423
2023-09-11 16:00:00+00:00,102021.12478531423
2023-09-11 20:00:00+00:00,102021.12478531423
2023-09-12 00:00:00+00:00,102021.12478531423
2023-09-12 04:00:00+00:00,102021.12478531423
2023-09-12 08:00:00+00:00,102021.12478531423
2023-09-12 12:00:00+00:00,102021.12478531423
2023-09-12 16:00:00+00:00,102021.12478531423
2023-09-12 20:00:00+00:00,102021.12478531423
2023-09-13 00:00:00+00:00,102021.12478531423
2023-09-13 04:00:00+00:00,102021.12478531423
2023-09-13 08:00:00+00:00,102021.12478531423
2023-09-13 12:00:00+00:00,102021.12478531423
2023-09-13 16:00:00+00:00,102021.12478531423
2023-09-13 20:00:00+00:00,102021.12478531423
2023-09-14 00:00:00+00:00,102021.12478531423
2023-09-14 04:00:00+00:00,102021.12478531423
2023-09-14 08:00:00+00:00,102021.12478531423
2023-09-14 12:00:00+00:00,102021.12478531423
2023-09-14 16:00:00+00:00,102015.9078076985
2023-09-14 20:00:00+00:00,102001.6383389082
2023-09-15 00:00:00+00:00,102010.14036988831
2023-09-15 04:00:00+00:00,102005.66752986709
2023-09-15 08:00:00+00:00,101992.80636723893
2023-09-15 12:00:00+00:00,101982.5539729415
2023-09-15 16:00:00+00:00,101989.61973668411
2023-09-15 20:00:00+00:00,102008.90821850092
2023-09-16 00:00:00+00:00,102014.31638878383
2023-09-16 04:00:00+00:00,101988.24043812059
2023-09-16 08:00:00+00:00,101976.58494605459
2023-09-16 12:00:00+00:00,101962.7262597618
2023-09-16 16:00:00+00:00,101969.61444327708
2023-09-16 20:00:00+00:00,101989.28196940597
2023-09-17 00:00:00+00:00,101953.89331851338
2023-09-17 04:00:00+00:00,101943.45473344103
2023-09-17 08:00:00+00:00,101947.16883947662
2023-09-17 12:00:00+00:00,101945.27121449576
2023-09-17 16:00:00+00:00,101941.20008192385
2023-09-17 20:00:00+00:00,101943.25242485502
2023-09-18 00:00:00+00:00,101955.91879199154
2023-09-18 04:00:00+00:00,101960.90611579931
2023-09-18 08:00:00+00:00,102005.88336958204
2023-09-18 12:00:00+00:00,102012.59123156007
2023-09-18 16:00:00+00:00,101970.46693949957
2023-09-18 20:00:00+00:00,101965.51130491054
2023-09-19 00:00:00+00:00,101970.87703527146
2023-09-19 04:00:00+00:00,101973.26211499938
2023-09-19 08:00:00+00:00,102009.79792013195
2023-09-19 12:00:00+00:00,102026.76376862246
2023-09-19 16:00:00+00:00,102005.1386729417
2023-09-19 20:00:00+00:00,102006.6513671185
2023-09-20 00:00:00+00:00,101998.77286811886
2023-09-20 04:00:00+00:00,101997.08308713148
2023-09-20 08:00:00+00:00,101996.74941829889
2023-09-20 12:00:00+00:00,102004.47040324067
2023-09-20 16:00:00+00:00,101980.81160534565
2023-09-20 20:00:00+00:00,101998.80362530175
2023-09-21 00:00:00+00:00,101990.61382632982
2023-09-21 04:00:00+00:00,101986.31434497582
2023-09-21 08:00:00+00:00,101950.93248334841
2023-09-21 12:00:00+00:00,101950.93248334841
2023-09-21 16:00:00+00:00,101950.93248334841
2023-09-21 20:00:00+00:00,101950.93248334841
2023-09-22 00:00:00+00:00,101950.93248334841
2023-09-22 04:00:00+00:00,101950.93248334841
2023-09-22 08:00:00+00:00,101950.93248334841
2023-09-22 12:00:00+00:00,101950.93248334841
2023-09-22 16:00:00+00:00,101950.93248334841
2023-09-22 20:00:00+00:00,101950.93248334841
2023-09-23 00:00:00+00:00,101950.93248334841
2023-09-23 04:00:00+00:00,101950.93248334841
2023-09-23 08:00:00+00:00,101950.93248334841
2023-09-23 12:00:00+00:00,101950.93248334841
2023-09-23 16:00:00+00:00,101950.93248334841
2023-09-23 20:00:00+00:00,101950.93248334841
2023-09-24 00:00:00+00:00,101950.93248334841
2023-09-24 04:00:00+00:00,101950.93248334841
2023-09-24 08:00:00+00:00,101950.93248334841
2023-09-24 12:00:00+00:00,101950.93248334841
2023-09-24 16:00:00+00:00,101950.93248334841
2023-09-24 20:00:00+00:00,101950.93248334841
2023-09-25 00:00:00+00:00,101950.93248334841
2023-09-25 04:00:00+00:00,101950.93248334841
2023-09-25 08:00:00+00:00,101950.93248334841
2023-09-25 12:00:00+00:00,101950.93248334841
2023-09-25 16:00:00+00:00,101950.93248334841
2023-09-25 20:00:00+00:00,101950.93248334841
2023-09-26 00:00:00+00:00,101950.93248334841
2023-09-26 04:00:00+00:00,101950.93248334841
2023-09-26 08:00:00+00:00,101950.93248334841
2023-09-26 12:00:00+00:00,101950.93248334841
2023-09-26 16:00:00+00:00,101950.93248334841
2023-09-26 20:00:00+00:00,101950.93248334841
2023-09-27 00:00:00+00:00,101950.93248334841
2023-09-27 04:00:00+00:00,101950.93248334841
2023-09-27 08:00:00+00:00,101950.93248334841
2023-09-27 12:00:00+00:00,101950.93248334841
2023-09-27 16:00:00+00:00,101950.93248334841
2023-09-27 20:00:00+00:00,101950.93248334841
2023-09-28 00:00:00+00:00,101950.93248334841
2023-09-28 04:00:00+00:00,101950.93248334841
2023-09-28 08:00:00+00:00,101950.93248334841
2023-09-28 12:00:00+00:00,101950.93248334841
2023-09-28 16:00:00+00:00,101955.89884655045
2023-09-28 20:00:00+00:00,101947.40493148883
2023-09-29 00:00:00+00:00,101945.09752936578
2023-09-29 04:00:00+00:00,102003.66875861953
2023-09-29 08:00:00+00:00,101973.78957315665
2023-09-29 12:00:00+00:00,101979.70856121142
2023-09-29 16:00:00+00:00,101968.07122876476
2023-09-29 20:00:00+00:00,101971.51561164409
2023-09-30 00:00:00+00:00,101976.44810168972
2023-09-30 04:00:00+00:00,101979.6584002957
2023-09-30 08:00:00+00:00,101986.02883659193
2023-09-30 12:00:00+00:00,101998.184498501
2023-09-30 16:00:00+00:00,101991.12852968996
2023-09-30 20:00:00+00:00,101977.28411695169
2023-10-01 00:00:00+00:00,101983.20310500645
2023-10-01 04:00:00+00:00,101990.04170984939
2023-10-01 08:00:00+00:00,102007.3472257722
2023-10-01 12:00:00+00:00,101975.63651649303
2023-10-01 16:00:00+00:00,101961.12723836821
2023-10-01 20:00:00+00:00,102111.41587295296
2023-10-02 00:00:00+00:00,102104.81657342757
2023-10-02 04:00:00+00:00,102119.7717127504
2023-10-02 08:00:00+00:00,102123.6851873905
2023-10-02 12:00:00+00:00,101990.02748613729
2023-10-02 16:00:00+00:00,101855.57497812726
2023-10-02 20:00:00+00:00,101829.4442622328
2023-10-03 00:00:00+00:00,101865.25302105115
2023-10-03 04:00:00+00:00,101866.22082534352
2023-10-03 08:00:00+00:00,101847.83254378817
2023-10-03 12:00:00+00:00,101856.54278241965
2023-10-03 16:00:00+00:00,101833.31547940236
2023-10-03 20:00:00+00:00,101829.5495569203
2023-10-04 00:00:00+00:00,101829.5495569203
2023-10-04 04:00:00+00:00,101829.5495569203
2023-10-04 08:00:00+00:00,101829.5495569203
2023-10-04 12:00:00+00:00,101829.5495569203
2023-10-04 16:00:00+00:00,101829.5495569203
2023-10-04 20:00:00+00:00,101829.5495569203
2023-10-05 00:00:00+00:00,101829.5495569203
2023-10-05 04:00:00+00:00,101829.5495569203
2023-10-05 08:00:00+00:00,101829.5495569203
2023-10-05 12:00:00+00:00,101829.5495569203
2023-10-05 16:00:00+00:00,101829.5495569203
2023-10-05 20:00:00+00:00,101829.5495569203
2023-10-06 00:00:00+00:00,101829.5495569203
2023-10-06 04:00:00+00:00,101829.5495569203
2023-10-06 08:00:00+00:00,101829.5495569203
2023-10-06 12:00:00+00:00,101829.5495569203
2023-10-06 16:00:00+00:00,101829.5495569203
2023-10-06 20:00:00+00:00,101829.5495569203
2023-10-07 00:00:00+00:00,101829.5495569203
2023-10-07 04:00:00+00:00,101829.5495569203
2023-10-07 08:00:00+00:00,101829.5495569203
2023-10-07 12:00:00+00:00,101829.5495569203
2023-10-07 16:00:00+00:00,101829.5495569203
2023-10-07 20:00:00+00:00,101829.5495569203
2023-10-08 00:00:00+00:00,101829.5495569203
2023-10-08 04:00:00+00:00,101829.5495569203
2023-10-08 08:00:00+00:00,101829.5495569203
2023-10-08 12:00:00+00:00,101829.5495569203
2023-10-08 16:00:00+00:00,101829.5495569203
2023-10-08 20:00:00+00:00,101829.5495569203
2023-10-09 00:00:00+00:00,101829.5495569203
2023-10-09 04:00:00+00:00,101829.5495569203
2023-10-09 08:00:00+00:00,101829.5495569203
2023-10-09 12:00:00+00:00,101829.5495569203
2023-10-09 16:00:00+00:00,101829.5495569203
2023-10-09 20:00:00+00:00,101829.5495569203
2023-10-10 00:00:00+00:00,101829.5495569203
2023-10-10 04:00:00+00:00,101829.5495569203
2023-10-10 08:00:00+00:00,101829.5495569203
2023-10-10 12:00:00+00:00,101829.5495569203
2023-10-10 16:00:00+00:00,101829.5495569203
2023-10-10 20:00:00+00:00,101829.5495569203
2023-10-11 00:00:00+00:00,101829.5495569203
2023-10-11 04:00:00+00:00,101829.5495569203
2023-10-11 08:00:00+00:00,101829.5495569203
2023-10-11 12:00:00+00:00,101829.5495569203
2023-10-11 16:00:00+00:00,101829.5495569203
2023-10-11 20:00:00+00:00,101829.5495569203
2023-10-12 00:00:00+00:00,101829.5495569203
2023-10-12 04:00:00+00:00,101829.5495569203
2023-10-12 08:00:00+00:00,101829.5495569203
2023-10-12 12:00:00+00:00,101829.5495569203
2023-10-12 16:00:00+00:00,101829.5495569203
2023-10-12 20:00:00+00:00,101829.5495569203
2023-10-13 00:00:00+00:00,101829.5495569203
2023-10-13 04:00:00+00:00,101829.5495569203
2023-10-13 08:00:00+00:00,101829.5495569203
2023-10-13 12:00:00+00:00,101829.5495569203
2023-10-13 16:00:00+00:00,101829.5495569203
2023-10-13 20:00:00+00:00,101829.5495569203
2023-10-14 00:00:00+00:00,101829.5495569203
2023-10-14 04:00:00+00:00,101829.5495569203
2023-10-14 08:00:00+00:00,101829.5495569203
2023-10-14 12:00:00+00:00,101829.5495569203
2023-10-14 16:00:00+00:00,101829.5495569203
2023-10-14 20:00:00+00:00,101829.5495569203
2023-10-15 00:00:00+00:00,101829.5495569203
2023-10-15 04:00:00+00:00,101829.5495569203
2023-10-15 08:00:00+00:00,101829.5495569203
2023-10-15 12:00:00+00:00,101829.5495569203
2023-10-15 16:00:00+00:00,101829.5495569203
2023-10-15 20:00:00+00:00,101829.5495569203
2023-10-16 00:00:00+00:00,101829.5495569203
2023-10-16 04:00:00+00:00,101829.5495569203
2023-10-16 08:00:00+00:00,101829.5495569203
2023-10-16 12:00:00+00:00,101829.5495569203
2023-10-16 16:00:00+00:00,101829.5495569203
2023-10-16 20:00:00+00:00,101829.5495569203
2023-10-17 00:00:00+00:00,101829.5495569203
2023-10-17 04:00:00+00:00,101829.5495569203
2023-10-17 08:00:00+00:00,101829.5495569203
2023-10-17 12:00:00+00:00,101829.5495569203
2023-10-17 16:00:00+00:00,101829.5495569203
2023-10-17 20:00:00+00:00,101829.5495569203
2023-10-18 00:00:00+00:00,101829.5495569203
2023-10-18 04:00:00+00:00,101829.5495569203
2023-10-18 08:00:00+00:00,101829.5495569203
2023-10-18 12:00:00+00:00,101829.5495569203
2023-10-18 16:00:00+00:00,101829.5495569203
2023-10-18 20:00:00+00:00,101829.5495569203
2023-10-19 00:00:00+00:00,101829.5495569203
2023-10-19 04:00:00+00:00,101829.5495569203
2023-10-19 08:00:00+00:00,101829.5495569203
2023-10-19 12:00:00+00:00,101829.5495569203
2023-10-19 16:00:00+00:00,101829.5495569203
2023-10-19 20:00:00+00:00,101829.5495569203
2023-10-20 00:00:00+00:00,101829.5495569203
2023-10-20 04:00:00+00:00,101829.5495569203
2023-10-20 08:00:00+00:00,101829.5495569203
2023-10-20 12:00:00+00:00,101829.5495569203
2023-10-20 16:00:00+00:00,101829.5495569203
2023-10-20 20:00:00+00:00,101829.5495569203
2023-10-21 00:00:00+00:00,101829.5495569203
2023-10-21 04:00:00+00:00,101829.5495569203
2023-10-21 08:00:00+00:00,101829.5495569203
2023-10-21 12:00:00+00:00,101829.5495569203
2023-10-21 16:00:00+00:00,101829.5495569203
2023-10-21 20:00:00+00:00,101814.71890928599
2023-10-22 00:00:00+00:00,101816.05889379806
2023-10-22 04:00:00+00:00,101817.51761111499
2023-10-22 08:00:00+00:00,101814.32878721286
2023-10-22 12:00:00+00:00,101809.6812459938
2023-10-22 16:00:00+00:00,101825.33701440693
2023-10-22 20:00:00+00:00,101874.15315903646
2023-10-23 00:00:00+00:00,101945.12259820792
2023-10-23 04:00:00+00:00,101830.97048289077
2023-10-23 08:00:00+00:00,101952.0089394207
2023-10-23 12:00:00+00:00,101900.22289903692
2023-10-23 16:00:00+00:00,102106.85667405927
2023-10-23 20:00:00+00:00,102664.95597581554
2023-10-24 00:00:00+00:00,102838.76716257748
2023-10-24 04:00:00+00:00,102730.4586679078
2023-10-24 08:00:00+00:00,103036.66589587509
2023-10-24 12:00:00+00:00,102605.73391284115
2023-10-24 16:00:00+00:00,102676.46085801108
2023-10-24 20:00:00+00:00,102704.55011472762
2023-10-25 00:00:00+00:00,102715.9752480576
2023-10-25 04:00:00+00:00,102565.30989656382
2023-10-25 08:00:00+00:00,102716.3392183363
2023-10-25 12:00:00+00:00,103059.1994072449
2023-10-25 16:00:00+00:00,102909.75773538163
2023-10-25 20:00:00+00:00,102887.46298943713
2023-10-26 00:00:00+00:00,103213.1895399511
2023-10-26 04:00:00+00:00,103354.55673532691
2023-10-26 08:00:00+00:00,103203.16553082714
2023-10-26 12:00:00+00:00,102845.67663206019
2023-10-26 16:00:00+00:00,102908.60119420623
2023-10-26 20:00:00+00:00,103021.42719765585
2023-10-27 00:00:00+00:00,102955.26676060201
2023-10-27 04:00:00+00:00,102803.83350471291
2023-10-27 08:00:00+00:00,102902.16266061708
2023-10-27 12:00:00+00:00,102892.01550292225
2023-10-27 16:00:00+00:00,102726.79626909843
2023-10-27 20:00:00+00:00,102716.00846108896
2023-10-28 00:00:00+00:00,102770.12252205865
2023-10-28 04:00:00+00:00,102746.91220907538
2023-10-28 08:00:00+00:00,102739.45175133075
2023-10-28 12:00:00+00:00,102744.42538982717
2023-10-28 16:00:00+00:00,102719.55719734509
2023-10-28 20:00:00+00:00,102728.67553458852
2023-10-29 00:00:00+00:00,102722.0440165933
2023-10-29 04:00:00+00:00,102737.79387183195
2023-10-29 08:00:00+00:00,102762.66206431403
2023-10-29 12:00:00+00:00,102773.43828105627
2023-10-29 16:00:00+00:00,102773.43828105627
2023-10-29 20:00:00+00:00,102764.31994381284
2023-10-30 00:00:00+00:00,102750.22796807298
2023-10-30 04:00:00+00:00,102750.22796807298
2023-10-30 08:00:00+00:00,102808.25375053118
2023-10-30 12:00:00+00:00,102816.5431480252
2023-10-30 16:00:00+00:00,102811.56950952878
2023-10-30 20:00:00+00:00,102827.31936476743
2023-10-31 00:00:00+00:00,102799.96435303715
2023-10-31 04:00:00+00:00,102770.76119887384
2023-10-31 08:00:00+00:00,102830.16333084524
2023-10-31 12:00:00+00:00,102697.58360916715
2023-10-31 16:00:00+00:00,102711.42380161435
2023-10-31 20:00:00+00:00,102776.77690102556
2023-11-01 00:00:00+00:00,102756.64304558211
2023-11-01 04:00:00+00:00,102775.0437554729
2023-11-01 08:00:00+00:00,102811.31931095693
2023-11-01 12:00:00+00:00,102839.45627426746
2023-11-01 16:00:00+00:00,102906.6436784201
2023-11-01 20:00:00+00:00,102878.91643703387
2023-11-02 00:00:00+00:00,102929.93780481796
2023-11-02 04:00:00+00:00,102932.07567790008
2023-11-02 08:00:00+00:00,102998.52173235727
2023-11-02 12:00:00+00:00,102835.8406961892
2023-11-02 16:00:00+00:00,102891.2077316651
2023-11-02 20:00:00+00:00,102844.7318981401
2023-11-03 00:00:00+00:00,102796.44609620165
2023-11-03 04:00:00+00:00,102784.35155205365
2023-11-03 08:00:00+00:00,102782.38614120585
2023-11-03 12:00:00+00:00,102782.38614120585
2023-11-03 16:00:00+00:00,102782.38614120585
2023-11-03 20:00:00+00:00,102782.38614120585
2023-11-04 00:00:00+00:00,102782.38614120585
2023-11-04 04:00:00+00:00,102782.38614120585
2023-11-04 08:00:00+00:00,102782.38614120585
2023-11-04 12:00:00+00:00,102782.38614120585
2023-11-04 16:00:00+00:00,102782.38614120585
2023-11-04 20:00:00+00:00,102782.38614120585
2023-11-05 00:00:00+00:00,102782.38614120585
2023-11-05 04:00:00+00:00,102779.26745305827
2023-11-05 08:00:00+00:00,102781.08658371316
2023-11-05 12:00:00+00:00,102757.66527653139
2023-11-05 16:00:00+00:00,102789.7274543239
2023-11-05 20:00:00+00:00,102784.72484502295
2023-11-06 00:00:00+00:00,102786.54397567784
2023-11-06 04:00:00+00:00,102791.31919364695
2023-11-06 08:00:00+00:00,102809.5105001959
2023-11-06 12:00:00+00:00,102830.57230654923
2023-11-06 16:00:00+00:00,102896.1200146346
2023-11-06 20:00:00+00:00,102883.70883358194
2023-11-07 00:00:00+00:00,102834.36628165515
2023-11-07 04:00:00+00:00,102828.36870367912
2023-11-07 08:00:00+00:00,102785.934662143
2023-11-07 12:00:00+00:00,102750.31378879776
2023-11-07 16:00:00+00:00,102788.16001386882
2023-11-07 20:00:00+00:00,102783.83957856343
2023-11-08 00:00:00+00:00,102770.65088131547
2023-11-08 04:00:00+00:00,102788.38740520069
2023-11-08 08:00:00+00:00,102783.3847958997
2023-11-08 12:00:00+00:00,102778.38218659876
2023-11-08 16:00:00+00:00,102793.6174058335
2023-11-08 20:00:00+00:00,102775.19870795269
2023-11-09 00:00:00+00:00,102806.8061030815
2023-11-09 04:00:00+00:00,102807.6569362464
2023-11-09 08:00:00+00:00,102827.14110458613
2023-11-09 12:00:00+00:00,102835.84868692323
2023-11-09 16:00:00+00:00,102630.22249231568
2023-11-09 20:00:00+00:00,102651.72344552017
2023-11-10 00:00:00+00:00,102653.53815574781
2023-11-10 04:00:00+00:00,102634.32273179726
2023-11-10 08:00:00+00:00,102675.58241190639
2023-11-10 12:00:00+00:00,102677.94668410567
2023-11-10 16:00:00+00:00,102729.54458412318
2023-11-10 20:00:00+00:00,102767.12085032911
2023-11-11 00:00:00+00:00,102738.44930340847
2023-11-11 04:00:00+00:00,102716.14633219253
2023-11-11 08:00:00+00:00,102728.12652956092
2023-11-11 12:00:00+00:00,102804.48305354103
2023-11-11 16:00:00+00:00,102806.11176517257
2023-11-11 20:00:00+00:00,102735.08749475278
2023-11-12 00:00:00+00:00,102728.97369113418
2023-11-12 04:00:00+00:00,102804.64340247063
2023-11-12 08:00:00+00:00,102782.85926450868
2023-11-12 12:00:00+00:00,102769.07800279857
2023-11-12 16:00:00+00:00,102719.31304118199
2023-11-12 20:00:00+00:00,102727.35623741831
2023-11-13 00:00:00+00:00,102709.95618863417
2023-11-13 04:00:00+00:00,102727.31058868852
2023-11-13 08:00:00+00:00,102701.76341022103
2023-11-13 12:00:00+00:00,102680.49166771253
2023-11-13 16:00:00+00:00,102679.4159414987
2023-11-13 20:00:00+00:00,102679.4159414987
2023-11-14 00:00:00+00:00,102679.4159414987
2023-11-14 04:00:00+00:00,102679.4159414987
2023-11-14 08:00:00+00:00,102679.4159414987
2023-11-14 12:00:00+00:00,102679.4159414987
2023-11-14 16:00:00+00:00,102679.4159414987
2023-11-14 20:00:00+00:00,102679.4159414987
2023-11-15 00:00:00+00:00,102679.4159414987
2023-11-15 04:00:00+00:00,102679.4159414987
2023-11-15 08:00:00+00:00,102679.4159414987
2023-11-15 12:00:00+00:00,102679.4159414987
2023-11-15 16:00:00+00:00,102679.4159414987
2023-11-15 20:00:00+00:00,102679.4159414987
2023-11-16 00:00:00+00:00,102679.4159414987
2023-11-16 04:00:00+00:00,102679.4159414987
2023-11-16 08:00:00+00:00,102679.4159414987
2023-11-16 12:00:00+00:00,102679.4159414987
2023-11-16 16:00:00+00:00,102679.4159414987
2023-11-16 20:00:00+00:00,102679.4159414987
2023-11-17 00:00:00+00:00,102679.4159414987
2023-11-17 04:00:00+00:00,102679.4159414987
2023-11-17 08:00:00+00:00,102679.4159414987
2023-11-17 12:00:00+00:00,102679.4159414987
2023-11-17 16:00:00+00:00,102679.4159414987
2023-11-17 20:00:00+00:00,102679.4159414987
2023-11-18 00:00:00+00:00,102679.4159414987
2023-11-18 04:00:00+00:00,102679.4159414987
2023-11-18 08:00:00+00:00,102679.4159414987
2023-11-18 12:00:00+00:00,102679.4159414987
2023-11-18 16:00:00+00:00,102679.4159414987
2023-11-18 20:00:00+00:00,102679.4159414987
2023-11-19 00:00:00+00:00,102679.4159414987
2023-11-19 04:00:00+00:00,102679.4159414987
2023-11-19 08:00:00+00:00,102679.4159414987
2023-11-19 12:00:00+00:00,102679.4159414987
2023-11-19 16:00:00+00:00,102679.4159414987
2023-11-19 20:00:00+00:00,102679.4159414987
2023-11-20 00:00:00+00:00,102679.4159414987
2023-11-20 04:00:00+00:00,102679.4159414987
2023-11-20 08:00:00+00:00,102679.4159414987
2023-11-20 12:00:00+00:00,102679.4159414987
2023-11-20 16:00:00+00:00,102679.4159414987
2023-11-20 20:00:00+00:00,102679.4159414987
2023-11-21 00:00:00+00:00,102679.4159414987
2023-11-21 04:00:00+00:00,102679.4159414987
2023-11-21 08:00:00+00:00,102679.4159414987
2023-11-21 12:00:00+00:00,102679.4159414987
2023-11-21 16:00:00+00:00,102679.4159414987
2023-11-21 20:00:00+00:00,102679.4159414987
2023-11-22 00:00:00+00:00,102679.4159414987
2023-11-22 04:00:00+00:00,102679.4159414987
2023-11-22 08:00:00+00:00,102679.4159414987
2023-11-22 12:00:00+00:00,102679.4159414987
2023-11-22 16:00:00+00:00,102679.4159414987
2023-11-22 20:00:00+00:00,102679.4159414987
2023-11-23 00:00:00+00:00,102679.4159414987
2023-11-23 04:00:00+00:00,102679.4159414987
2023-11-23 08:00:00+00:00,102679.4159414987
2023-11-23 12:00:00+00:00,102679.4159414987
2023-11-23 16:00:00+00:00,102679.4159414987
2023-11-23 20:00:00+00:00,102679.4159414987
2023-11-24 00:00:00+00:00,102679.4159414987
2023-11-24 04:00:00+00:00,102679.4159414987
2023-11-24 08:00:00+00:00,102679.4159414987
2023-11-24 12:00:00+00:00,102679.4159414987
2023-11-24 16:00:00+00:00,102648.70173301101
2023-11-24 20:00:00+00:00,102645.53928873038
2023-11-25 00:00:00+00:00,102650.62911133307
2023-11-25 04:00:00+00:00,102650.8257087464
2023-11-25 08:00:00+00:00,102641.84494592655
2023-11-25 12:00:00+00:00,102644.96879439599
2023-11-25 16:00:00+00:00,102652.06559918135
2023-11-25 20:00:00+00:00,102649.77397289105
2023-11-26 00:00:00+00:00,102646.77435468893
2023-11-26 04:00:00+00:00,102649.96574582798
2023-11-26 08:00:00+00:00,102643.51361170165
2023-11-26 12:00:00+00:00,102628.97324288961
2023-11-26 16:00:00+00:00,102625.58767167402
2023-11-26 20:00:00+00:00,102625.58767167402
2023-11-27 00:00:00+00:00,102625.58767167402
2023-11-27 04:00:00+00:00,102625.58767167402
2023-11-27 08:00:00+00:00,102625.58767167402
2023-11-27 12:00:00+00:00,102625.58767167402
2023-11-27 16:00:00+00:00,102625.58767167402
2023-11-27 20:00:00+00:00,102625.58767167402
2023-11-28 00:00:00+00:00,102625.58767167402
2023-11-28 04:00:00+00:00,102625.58767167402
2023-11-28 08:00:00+00:00,102625.58767167402
2023-11-28 12:00:00+00:00,102625.58767167402
2023-11-28 16:00:00+00:00,102625.58767167402
2023-11-28 20:00:00+00:00,102625.58767167402
2023-11-29 00:00:00+00:00,102625.58767167402
2023-11-29 04:00:00+00:00,102625.58767167402
2023-11-29 08:00:00+00:00,102625.58767167402
2023-11-29 12:00:00+00:00,102625.58767167402
2023-11-29 16:00:00+00:00,102625.58767167402
2023-11-29 20:00:00+00:00,102625.58767167402
2023-11-30 00:00:00+00:00,102625.58767167402
2023-11-30 04:00:00+00:00,102625.58767167402
2023-11-30 08:00:00+00:00,102625.58767167402
2023-11-30 12:00:00+00:00,102625.58767167402
2023-11-30 16:00:00+00:00,102625.58767167402
2023-11-30 20:00:00+00:00,102610.27546286419
2023-12-01 00:00:00+00:00,102622.74037349041
2023-12-01 04:00:00+00:00,102626.44089383257
2023-12-01 08:00:00+00:00,102618.06603200558
2023-12-01 12:00:00+00:00,102601.12154412305
2023-12-01 16:00:00+00:00,102610.85975554978
2023-12-01 20:00:00+00:00,102618.65032469117
2023-12-02 00:00:00+00:00,102626.05136537549
2023-12-02 04:00:00+00:00,102616.50791817729
2023-12-02 08:00:00+00:00,102619.33418416276
2023-12-02 12:00:00+00:00,102623.48185719387
2023-12-02 16:00:00+00:00,102672.8482878034
2023-12-02 20:00:00+00:00,102695.79293938112
2023-12-03 00:00:00+00:00,102694.12416527166
2023-12-03 04:00:00+00:00,102687.06176608859
2023-12-03 08:00:00+00:00,102660.65600382641
2023-12-03 12:00:00+00:00,102636.05890364184
2023-12-03 16:00:00+00:00,102669.52295805051
2023-12-03 20:00:00+00:00,102704.11472742366
2023-12-04 00:00:00+00:00,102758.69379907954
2023-12-04 04:00:00+00:00,102881.83669661409
2023-12-04 08:00:00+00:00,102748.5273217562
2023-12-04 12:00:00+00:00,102694.49777624731
2023-12-04 16:00:00+00:00,102721.12386575143
2023-12-04 20:00:00+00:00,102834.45802754114
2023-12-05 00:00:00+00:00,102737.94524616083
2023-12-05 04:00:00+00:00,102643.19007053893
2023-12-05 08:00:00+00:00,102651.80130482254
2023-12-05 12:00:00+00:00,102717.69044607303
2023-12-05 16:00:00+00:00,102954.12033530104
2023-12-05 20:00:00+00:00,102986.17853181502
2023-12-06 00:00:00+00:00,102984.38233954569
2023-12-06 04:00:00+00:00,103137.99681138768
2023-12-06 08:00:00+00:00,103109.80890615423
2023-12-06 12:00:00+00:00,103187.53642873064
2023-12-06 16:00:00+00:00,103155.76457218072
2023-12-06 20:00:00+00:00,103015.17301042992
2023-12-07 00:00:00+00:00,103082.78491654599
2023-12-07 04:00:00+00:00,103115.91468411536
2023-12-07 08:00:00+00:00,102972.91367041992
2023-12-07 12:00:00+00:00,103044.82554885758
2023-12-07 16:00:00+00:00,103042.27144721118
2023-12-07 20:00:00+00:00,103057.0445913982
2023-12-08 00:00:00+00:00,103139.97994708834
2023-12-08 04:00:00+00:00,103194.23524256279
2023-12-08 08:00:00+00:00,103434.18047679745
2023-12-08 12:00:00+00:00,103560.01025694779
2023-12-08 16:00:00+00:00,103509.32085524364
2023-12-08 20:00:00+00:00,103608.21437066706
2023-12-09 00:00:00+00:00,103762.70801369565
2023-12-09 04:00:00+00:00,104058.87803488341
2023-12-09 08:00:00+00:00,104041.2415992622
2023-12-09 12:00:00+00:00,103961.05156727061
2023-12-09 16:00:00+00:00,103816.30773818653
2023-12-09 20:00:00+00:00,103708.22536241636
2023-12-10 00:00:00+00:00,103796.22055886863
2023-12-10 04:00:00+00:00,103781.28927163617
2023-12-10 08:00:00+00:00,103747.66611984825
2023-12-10 12:00:00+00:00,103761.17019279794
2023-12-10 16:00:00+00:00,103785.50252691511
2023-12-10 20:00:00+00:00,103764.57671957435
2023-12-11 00:00:00+00:00,103576.86158109173
2023-12-11 04:00:00+00:00,103576.86158109173
2023-12-11 08:00:00+00:00,103576.86158109173
2023-12-11 12:00:00+00:00,103576.86158109173
2023-12-11 16:00:00+00:00,103576.86158109173
2023-12-11 20:00:00+00:00,103576.86158109173
2023-12-12 00:00:00+00:00,103576.86158109173
2023-12-12 04:00:00+00:00,103576.86158109173
2023-12-12 08:00:00+00:00,103576.86158109173
2023-12-12 12:00:00+00:00,103576.86158109173
2023-12-12 16:00:00+00:00,103576.86158109173
2023-12-12 20:00:00+00:00,103576.86158109173
2023-12-13 00:00:00+00:00,103576.86158109173
2023-12-13 04:00:00+00:00,103576.86158109173
2023-12-13 08:00:00+00:00,103576.86158109173
2023-12-13 12:00:00+00:00,103576.86158109173
2023-12-13 16:00:00+00:00,103576.86158109173
2023-12-13 20:00:00+00:00,103576.86158109173
2023-12-14 00:00:00+00:00,103576.86158109173
2023-12-14 04:00:00+00:00,103576.86158109173
2023-12-14 08:00:00+00:00,103576.86158109173
2023-12-14 12:00:00+00:00,103576.86158109173
2023-12-14 16:00:00+00:00,103576.86158109173
2023-12-14 20:00:00+00:00,103576.86158109173
2023-12-15 00:00:00+00:00,103576.86158109173
2023-12-15 04:00:00+00:00,103576.86158109173
2023-12-15 08:00:00+00:00,103576.86158109173
2023-12-15 12:00:00+00:00,103576.86158109173
2023-12-15 16:00:00+00:00,103576.86158109173
2023-12-15 20:00:00+00:00,103576.86158109173
2023-12-16 00:00:00+00:00,103576.86158109173
2023-12-16 04:00:00+00:00,103576.86158109173
2023-12-16 08:00:00+00:00,103576.86158109173
2023-12-16 12:00:00+00:00,103576.86158109173
2023-12-16 16:00:00+00:00,103576.86158109173
2023-12-16 20:00:00+00:00,103576.86158109173
2023-12-17 00:00:00+00:00,103576.86158109173
2023-12-17 04:00:00+00:00,103576.86158109173
2023-12-17 08:00:00+00:00,103576.86158109173
2023-12-17 12:00:00+00:00,103576.86158109173
2023-12-17 16:00:00+00:00,103576.86158109173
2023-12-17 20:00:00+00:00,103576.86158109173
2023-12-18 00:00:00+00:00,103576.86158109173
2023-12-18 04:00:00+00:00,103576.86158109173
2023-12-18 08:00:00+00:00,103576.86158109173
2023-12-18 12:00:00+00:00,103576.86158109173
2023-12-18 16:00:00+00:00,103576.86158109173
2023-12-18 20:00:00+00:00,103576.86158109173
2023-12-19 00:00:00+00:00,103576.86158109173
2023-12-19 04:00:00+00:00,103576.86158109173
2023-12-19 08:00:00+00:00,103576.86158109173
2023-12-19 12:00:00+00:00,103576.86158109173
2023-12-19 16:00:00+00:00,103576.86158109173
2023-12-19 20:00:00+00:00,103576.86158109173
2023-12-20 00:00:00+00:00,103576.86158109173
2023-12-20 04:00:00+00:00,103576.86158109173
2023-12-20 08:00:00+00:00,103576.86158109173
2023-12-20 12:00:00+00:00,103576.86158109173
2023-12-20 16:00:00+00:00,103562.48688545183
2023-12-20 20:00:00+00:00,103571.3641776015
2023-12-21 00:00:00+00:00,103582.78827458041
2023-12-21 04:00:00+00:00,103624.5637800443
2023-12-21 08:00:00+00:00,103634.65160430153
2023-12-21 12:00:00+00:00,103634.35451865487
2023-12-21 16:00:00+00:00,103680.44124690077
2023-12-21 20:00:00+00:00,103703.45881787817
2023-12-22 00:00:00+00:00,103751.98069723113
2023-12-22 04:00:00+00:00,103689.66920349588
2023-12-22 08:00:00+00:00,103697.81967335069
2023-12-22 12:00:00+00:00,103720.44386719684
2023-12-22 16:00:00+00:00,103725.79426263913
2023-12-22 20:00:00+00:00,103751.31763438084
2023-12-23 00:00:00+00:00,103686.18099746438
2023-12-23 04:00:00+00:00,103705.62550049243
2023-12-23 08:00:00+00:00,103709.88893803564
2023-12-23 12:00:00+00:00,103729.23882601531
2023-12-23 16:00:00+00:00,103791.60678692692
2023-12-23 20:00:00+00:00,103844.5645224535
2023-12-24 00:00:00+00:00,103939.25378069747
2023-12-24 04:00:00+00:00,103911.34670915143
2023-12-24 08:00:00+00:00,103867.39974778681
2023-12-24 12:00:00+00:00,103903.10039165709
2023-12-24 16:00:00+00:00,103917.49402845703
2023-12-24 20:00:00+00:00,103885.29725206835
2023-12-25 00:00:00+00:00,103881.06422916387
2023-12-25 04:00:00+00:00,103891.2234841346
2023-12-25 08:00:00+00:00,103878.84189213903
2023-12-25 12:00:00+00:00,103998.42478919041
2023-12-25 16:00:00+00:00,103979.48201169289
2023-12-25 20:00:00+00:00,103975.24898878841
2023-12-26 00:00:00+00:00,103958.95185060619
2023-12-26 04:00:00+00:00,103895.98563490214
2023-12-26 08:00:00+00:00,103910.90704064042
2023-12-26 12:00:00+00:00,103865.71952113515
2023-12-26 16:00:00+00:00,103801.48163772379
2023-12-26 20:00:00+00:00,103801.48163772379
2023-12-27 00:00:00+00:00,103801.48163772379
2023-12-27 04:00:00+00:00,103801.48163772379
2023-12-27 08:00:00+00:00,103801.48163772379
2023-12-27 12:00:00+00:00,103804.66906650571
2023-12-27 16:00:00+00:00,103800.66265871844
2023-12-27 20:00:00+00:00,103812.49110075705
2023-12-28 00:00:00+00:00,103807.34000503056
2023-12-28 04:00:00+00:00,103822.60251088683
2023-12-28 08:00:00+00:00,103834.81251557186
2023-12-28 12:00:00+00:00,103796.27468828477
2023-12-28 16:00:00+00:00,103820.5039163316
2023-12-28 20:00:00+00:00,103822.79329221004
2023-12-29 00:00:00+00:00,103835.95720351108
2023-12-29 04:00:00+00:00,103802.37969062728
2023-12-29 08:00:00+00:00,103817.83297780676
2023-12-29 12:00:00+00:00,103803.7151598897
2023-12-29 16:00:00+00:00,103767.05673150675
2023-12-29 20:00:00+00:00,103767.05673150675
2023-12-30 00:00:00+00:00,103767.05673150675
2023-12-30 04:00:00+00:00,103767.05673150675
2023-12-30 08:00:00+00:00,103767.05673150675
2023-12-30 12:00:00+00:00,103767.05673150675
2023-12-30 16:00:00+00:00,103767.05673150675
2023-12-30 20:00:00+00:00,103767.05673150675
2023-12-31 00:00:00+00:00,103767.05673150675
2023-12-31 04:00:00+00:00,103767.05673150675
2023-12-31 08:00:00+00:00,103767.05673150675
2023-12-31 12:00:00+00:00,103767.05673150675
2023-12-31 16:00:00+00:00,103767.05673150675
2023-12-31 20:00:00+00:00,103767.05673150675
2024-01-01 00:00:00+00:00,103486.35419910145
2024-01-01 04:00:00+00:00,103486.35419910145
2024-01-01 08:00:00+00:00,103486.35419910145
2024-01-01 12:00:00+00:00,103486.35419910145
2024-01-01 16:00:00+00:00,103486.35419910145
2024-01-01 20:00:00+00:00,103486.35419910145
2024-01-02 00:00:00+00:00,103486.35419910145
2024-01-02 04:00:00+00:00,103486.35419910145
2024-01-02 08:00:00+00:00,103486.35419910145
2024-01-02 12:00:00+00:00,103486.35419910145
2024-01-02 16:00:00+00:00,103486.35419910145
2024-01-02 20:00:00+00:00,103486.35419910145
2024-01-03 00:00:00+00:00,103486.35419910145
2024-01-03 04:00:00+00:00,103486.35419910145
2024-01-03 08:00:00+00:00,103486.35419910145
2024-01-03 12:00:00+00:00,103486.35419910145
2024-01-03 16:00:00+00:00,103486.35419910145
2024-01-03 20:00:00+00:00,103486.35419910145
2024-01-04 00:00:00+00:00,103486.35419910145
2024-01-04 04:00:00+00:00,103486.35419910145
2024-01-04 08:00:00+00:00,103486.35419910145
2024-01-04 12:00:00+00:00,103486.35419910145
2024-01-04 16:00:00+00:00,103486.35419910145
2024-01-04 20:00:00+00:00,103486.35419910145
2024-01-05 00:00:00+00:00,103486.35419910145
2024-01-05 04:00:00+00:00,103486.35419910145
2024-01-05 08:00:00+00:00,103486.35419910145
2024-01-05 12:00:00+00:00,103486.35419910145
2024-01-05 16:00:00+00:00,103486.35419910145
2024-01-05 20:00:00+00:00,103486.35419910145
2024-01-06 00:00:00+00:00,103486.35419910145
2024-01-06 04:00:00+00:00,103486.35419910145
2024-01-06 08:00:00+00:00,103486.35419910145
2024-01-06 12:00:00+00:00,103486.35419910145
2024-01-06 16:00:00+00:00,103486.35419910145
2024-01-06 20:00:00+00:00,103486.35419910145
2024-01-07 00:00:00+00:00,103486.35419910145
2024-01-07 04:00:00+00:00,103486.35419910145
2024-01-07 08:00:00+00:00,103486.35419910145
2024-01-07 12:00:00+00:00,103486.35419910145
2024-01-07 16:00:00+00:00,103486.35419910145
2024-01-07 20:00:00+00:00,103486.35419910145
2024-01-08 00:00:00+00:00,103486.35419910145
2024-01-08 04:00:00+00:00,103486.35419910145
2024-01-08 08:00:00+00:00,103486.35419910145
2024-01-08 12:00:00+00:00,103486.35419910145
2024-01-08 16:00:00+00:00,103486.35419910145
2024-01-08 20:00:00+00:00,103486.35419910145
2024-01-09 00:00:00+00:00,103486.35419910145
2024-01-09 04:00:00+00:00,103486.35419910145
2024-01-09 08:00:00+00:00,103486.35419910145
2024-01-09 12:00:00+00:00,103486.35419910145
2024-01-09 16:00:00+00:00,103486.35419910145
2024-01-09 20:00:00+00:00,103486.35419910145
2024-01-10 00:00:00+00:00,103486.35419910145
2024-01-10 04:00:00+00:00,103486.35419910145
2024-01-10 08:00:00+00:00,103486.35419910145
2024-01-10 12:00:00+00:00,103486.35419910145
2024-01-10 16:00:00+00:00,103500.00902442652
2024-01-10 20:00:00+00:00,103558.57629537741
2024-01-11 00:00:00+00:00,103574.25442186187
2024-01-11 04:00:00+00:00,103561.4443796114
2024-01-11 08:00:00+00:00,103598.76250441412
2024-01-11 12:00:00+00:00,103574.42507562628
2024-01-11 16:00:00+00:00,103579.41807447508
2024-01-11 20:00:00+00:00,103577.11700113572
2024-01-12 00:00:00+00:00,103561.49942921282
2024-01-12 04:00:00+00:00,103564.89598962045
2024-01-12 08:00:00+00:00,103593.30158395325
2024-01-12 12:00:00+00:00,103582.70033906496
2024-01-12 16:00:00+00:00,103529.76965412092
2024-01-12 20:00:00+00:00,103499.62288478839
2024-01-13 00:00:00+00:00,103492.45925763594
2024-01-13 04:00:00+00:00,103492.72958318886
2024-01-13 08:00:00+00:00,103478.2671661075
2024-01-13 12:00:00+00:00,103486.91758380103
2024-01-13 16:00:00+00:00,103486.10660714227
2024-01-13 20:00:00+00:00,103486.78242102456
2024-01-14 00:00:00+00:00,103479.21330554274
2024-01-14 04:00:00+00:00,103477.76558670819
2024-01-14 08:00:00+00:00,103477.76558670819
2024-01-14 12:00:00+00:00,103477.76558670819
2024-01-14 16:00:00+00:00,103477.76558670819
2024-01-14 20:00:00+00:00,103477.76558670819
2024-01-15 00:00:00+00:00,103477.76558670819
2024-01-15 04:00:00+00:00,103477.76558670819
2024-01-15 08:00:00+00:00,103477.76558670819
2024-01-15 12:00:00+00:00,103477.76558670819
2024-01-15 16:00:00+00:00,103477.76558670819
2024-01-15 20:00:00+00:00,103477.76558670819
2024-01-16 00:00:00+00:00,103477.76558670819
2024-01-16 04:00:00+00:00,103477.76558670819
2024-01-16 08:00:00+00:00,103477.76558670819
2024-01-16 12:00:00+00:00,103477.76558670819
2024-01-16 16:00:00+00:00,103477.76558670819
2024-01-16 20:00:00+00:00,103477.76558670819
2024-01-17 00:00:00+00:00,103477.76558670819
2024-01-17 04:00:00+00:00,103477.76558670819
2024-01-17 08:00:00+00:00,103477.76558670819
2024-01-17 12:00:00+00:00,103477.76558670819
2024-01-17 16:00:00+00:00,103477.76558670819
2024-01-17 20:00:00+00:00,103477.76558670819
2024-01-18 00:00:00+00:00,103477.76558670819
2024-01-18 04:00:00+00:00,103477.76558670819
2024-01-18 08:00:00+00:00,103477.76558670819
2024-01-18 12:00:00+00:00,103477.76558670819
2024-01-18 16:00:00+00:00,103477.76558670819
2024-01-18 20:00:00+00:00,103477.76558670819
2024-01-19 00:00:00+00:00,103477.76558670819
2024-01-19 04:00:00+00:00,103477.76558670819
2024-01-19 08:00:00+00:00,103477.76558670819
2024-01-19 12:00:00+00:00,103477.76558670819
2024-01-19 16:00:00+00:00,103477.76558670819
2024-01-19 20:00:00+00:00,103477.76558670819
2024-01-20 00:00:00+00:00,103477.76558670819
2024-01-20 04:00:00+00:00,103477.76558670819
2024-01-20 08:00:00+00:00,103477.76558670819
2024-01-20 12:00:00+00:00,103477.76558670819
2024-01-20 16:00:00+00:00,103477.76558670819
2024-01-20 20:00:00+00:00,103477.76558670819
2024-01-21 00:00:00+00:00,103477.76558670819
2024-01-21 04:00:00+00:00,103477.76558670819
2024-01-21 08:00:00+00:00,103477.76558670819
2024-01-21 12:00:00+00:00,103477.76558670819
2024-01-21 16:00:00+00:00,103477.76558670819
2024-01-21 20:00:00+00:00,103477.76558670819
2024-01-22 00:00:00+00:00,103477.76558670819
2024-01-22 04:00:00+00:00,103477.76558670819
2024-01-22 08:00:00+00:00,103477.76558670819
2024-01-22 12:00:00+00:00,103477.76558670819
2024-01-22 16:00:00+00:00,103477.76558670819
2024-01-22 20:00:00+00:00,103477.76558670819
2024-01-23 00:00:00+00:00,103477.76558670819
2024-01-23 04:00:00+00:00,103477.76558670819
2024-01-23 08:00:00+00:00,103477.76558670819
2024-01-23 12:00:00+00:00,103477.76558670819
2024-01-23 16:00:00+00:00,103477.76558670819
2024-01-23 20:00:00+00:00,103477.76558670819
2024-01-24 00:00:00+00:00,103477.76558670819
2024-01-24 04:00:00+00:00,103477.76558670819
2024-01-24 08:00:00+00:00,103477.76558670819
2024-01-24 12:00:00+00:00,103477.76558670819
2024-01-24 16:00:00+00:00,103477.76558670819
2024-01-24 20:00:00+00:00,103477.76558670819
2024-01-25 00:00:00+00:00,103477.76558670819
2024-01-25 04:00:00+00:00,103477.76558670819
2024-01-25 08:00:00+00:00,103477.76558670819
2024-01-25 12:00:00+00:00,103477.76558670819
2024-01-25 16:00:00+00:00,103477.76558670819
2024-01-25 20:00:00+00:00,103477.76558670819
2024-01-26 00:00:00+00:00,103477.76558670819
2024-01-26 04:00:00+00:00,103477.76558670819
2024-01-26 08:00:00+00:00,103477.76558670819
2024-01-26 12:00:00+00:00,103477.76558670819
2024-01-26 16:00:00+00:00,103477.76558670819
2024-01-26 20:00:00+00:00,103477.76558670819
2024-01-27 00:00:00+00:00,103477.76558670819
2024-01-27 04:00:00+00:00,103477.76558670819
2024-01-27 08:00:00+00:00,103477.76558670819
2024-01-27 12:00:00+00:00,103477.76558670819
2024-01-27 16:00:00+00:00,103477.76558670819
2024-01-27 20:00:00+00:00,103477.76558670819
2024-01-28 00:00:00+00:00,103477.76558670819
2024-01-28 04:00:00+00:00,103465.3850415094
2024-01-28 08:00:00+00:00,103498.91227330476
2024-01-28 12:00:00+00:00,103468.86036431846
2024-01-28 16:00:00+00:00,103407.62456758447
2024-01-28 20:00:00+00:00,103441.16899510188
2024-01-29 00:00:00+00:00,103483.17542663583
2024-01-29 04:00:00+00:00,103451.78670365714
2024-01-29 08:00:00+00:00,103472.74806106316
2024-01-29 12:00:00+00:00,103528.45670650904
2024-01-29 16:00:00+00:00,103558.52447151423
2024-01-29 20:00:00+00:00,103591.60902010757
2024-01-30 00:00:00+00:00,103610.74919910298
2024-01-30 04:00:00+00:00,103610.52292823714
2024-01-30 08:00:00+00:00,103659.6312366063
2024-01-30 12:00:00+00:00,103634.28471608271
2024-01-30 16:00:00+00:00,103651.27591997827
2024-01-30 20:00:00+00:00,103565.75445925033
2024-01-31 00:00:00+00:00,103561.30192900907
2024-01-31 04:00:00+00:00,103575.31398172991
2024-01-31 08:00:00+00:00,103518.7297425039
2024-01-31 12:00:00+00:00,103512.84926533382
2024-01-31 16:00:00+00:00,103512.84926533382
2024-01-31 20:00:00+00:00,103512.84926533382
2024-02-01 00:00:00+00:00,103512.84926533382
2024-02-01 04:00:00+00:00,103512.84926533382
2024-02-01 08:00:00+00:00,103512.84926533382
2024-02-01 12:00:00+00:00,103512.84926533382
2024-02-01 16:00:00+00:00,103512.84926533382
2024-02-01 20:00:00+00:00,103512.84926533382
2024-02-02 00:00:00+00:00,103512.84926533382
2024-02-02 04:00:00+00:00,103512.84926533382
2024-02-02 08:00:00+00:00,103512.84926533382
2024-02-02 12:00:00+00:00,103512.84926533382
2024-02-02 16:00:00+00:00,103512.84926533382
2024-02-02 20:00:00+00:00,103512.84926533382
2024-02-03 00:00:00+00:00,103512.84926533382
2024-02-03 04:00:00+00:00,103512.84926533382
2024-02-03 08:00:00+00:00,103512.84926533382
2024-02-03 12:00:00+00:00,103512.84926533382
2024-02-03 16:00:00+00:00,103512.84926533382
2024-02-03 20:00:00+00:00,103512.84926533382
2024-02-04 00:00:00+00:00,103512.84926533382
2024-02-04 04:00:00+00:00,103512.84926533382
2024-02-04 08:00:00+00:00,103512.84926533382
2024-02-04 12:00:00+00:00,103512.84926533382
2024-02-04 16:00:00+00:00,103512.84926533382
2024-02-04 20:00:00+00:00,103512.84926533382
2024-02-05 00:00:00+00:00,103512.84926533382
2024-02-05 04:00:00+00:00,103512.84926533382
2024-02-05 08:00:00+00:00,103512.84926533382
2024-02-05 12:00:00+00:00,103512.84926533382
2024-02-05 16:00:00+00:00,103512.84926533382
2024-02-05 20:00:00+00:00,103512.84926533382
2024-02-06 00:00:00+00:00,103512.84926533382
2024-02-06 04:00:00+00:00,103512.84926533382
2024-02-06 08:00:00+00:00,103512.84926533382
2024-02-06 12:00:00+00:00,103512.84926533382
2024-02-06 16:00:00+00:00,103512.84926533382
2024-02-06 20:00:00+00:00,103512.84926533382
2024-02-07 00:00:00+00:00,103512.84926533382
2024-02-07 04:00:00+00:00,103512.84926533382
2024-02-07 08:00:00+00:00,103512.84926533382
2024-02-07 12:00:00+00:00,103512.84926533382
2024-02-07 16:00:00+00:00,103512.84926533382
2024-02-07 20:00:00+00:00,103514.56309053252
2024-02-08 00:00:00+00:00,103523.2833924705
2024-02-08 04:00:00+00:00,103510.41601011151
2024-02-08 08:00:00+00:00,103514.46954736515
2024-02-08 12:00:00+00:00,103544.32021144836
2024-02-08 16:00:00+00:00,103511.02923754219
2024-02-08 20:00:00+00:00,103508.72183941319
2024-02-09 00:00:00+00:00,103565.90811951959
2024-02-09 04:00:00+00:00,103554.91776475176
2024-02-09 08:00:00+00:00,103605.31379067831
2024-02-09 12:00:00+00:00,103596.48065347949
2024-02-09 16:00:00+00:00,103580.58582803517
2024-02-09 20:00:00+00:00,103578.15523758705
2024-02-10 00:00:00+00:00,103612.96802886506
2024-02-10 04:00:00+00:00,103588.61868809556
2024-02-10 08:00:00+00:00,103561.57304351925
2024-02-10 12:00:00+00:00,103573.06098303793
2024-02-10 16:00:00+00:00,103589.79022060352
2024-02-10 20:00:00+00:00,103598.24466267464
2024-02-11 00:00:00+00:00,103725.1510638007
2024-02-11 04:00:00+00:00,103703.14376021072
2024-02-11 08:00:00+00:00,103679.17847007129
2024-02-11 12:00:00+00:00,103592.29355393935
2024-02-11 16:00:00+00:00,103597.88357903724
2024-02-11 20:00:00+00:00,103547.37680227237
2024-02-12 00:00:00+00:00,103463.44416348939
2024-02-12 04:00:00+00:00,103465.72417087446
2024-02-12 08:00:00+00:00,103417.89358700381
2024-02-12 12:00:00+00:00,103512.99631701055
2024-02-12 16:00:00+00:00,103492.81070780911
2024-02-12 20:00:00+00:00,103512.79787013412
2024-02-13 00:00:00+00:00,103506.31883403726
2024-02-13 04:00:00+00:00,103516.47066386277
2024-02-13 08:00:00+00:00,103516.05392542222
2024-02-13 12:00:00+00:00,103452.01613606984
2024-02-13 16:00:00+00:00,103467.66036482956
2024-02-13 20:00:00+00:00,103501.59579837788
2024-02-14 00:00:00+00:00,103491.93805039092
2024-02-14 04:00:00+00:00,103508.31907678419
2024-02-14 08:00:00+00:00,103595.89063033037
2024-02-14 12:00:00+00:00,103601.73527608719
2024-02-14 16:00:00+00:00,103605.4547738237
2024-02-14 20:00:00+00:00,103629.97597036391
2024-02-15 00:00:00+00:00,103677.51101061571
2024-02-15 04:00:00+00:00,103606.74165173904
2024-02-15 08:00:00+00:00,103658.92180714093
2024-02-15 12:00:00+00:00,103662.82951155622
2024-02-15 16:00:00+00:00,103676.51474941894
2024-02-15 20:00:00+00:00,103674.10878446067
2024-02-16 00:00:00+00:00,103711.4412227945
2024-02-16 04:00:00+00:00,103613.95154727458
2024-02-16 08:00:00+00:00,103644.31508303537
2024-02-16 12:00:00+00:00,103573.446695775
2024-02-16 16:00:00+00:00,103557.94279531682
2024-02-16 20:00:00+00:00,103624.9501382526
2024-02-17 00:00:00+00:00,103593.81496462807
2024-02-17 04:00:00+00:00,103594.05265509695
2024-02-17 08:00:00+00:00,103558.63669657194
2024-02-17 12:00:00+00:00,103497.81182526943
2024-02-17 16:00:00+00:00,103495.14021730685
2024-02-17 20:00:00+00:00,103495.14021730685
2024-02-18 00:00:00+00:00,103495.14021730685
2024-02-18 04:00:00+00:00,103495.14021730685
2024-02-18 08:00:00+00:00,103495.14021730685
2024-02-18 12:00:00+00:00,103495.14021730685
2024-02-18 16:00:00+00:00,103495.14021730685
2024-02-18 20:00:00+00:00,103495.14021730685
2024-02-19 00:00:00+00:00,103495.14021730685
2024-02-19 04:00:00+00:00,103495.14021730685
2024-02-19 08:00:00+00:00,103495.14021730685
2024-02-19 12:00:00+00:00,103495.14021730685
2024-02-19 16:00:00+00:00,103495.14021730685
2024-02-19 20:00:00+00:00,103495.14021730685
2024-02-20 00:00:00+00:00,103495.14021730685
2024-02-20 04:00:00+00:00,103495.14021730685
2024-02-20 08:00:00+00:00,103495.14021730685
2024-02-20 12:00:00+00:00,103495.14021730685
2024-02-20 16:00:00+00:00,103495.14021730685
2024-02-20 20:00:00+00:00,103495.14021730685
2024-02-21 00:00:00+00:00,103487.86768829515
2024-02-21 04:00:00+00:00,103453.46055004271
2024-02-21 08:00:00+00:00,103431.51592333362
2024-02-21 12:00:00+00:00,103417.22332485694
2024-02-21 16:00:00+00:00,103417.22332485694
2024-02-21 20:00:00+00:00,103417.22332485694
2024-02-22 00:00:00+00:00,103417.22332485694
2024-02-22 04:00:00+00:00,103417.22332485694
2024-02-22 08:00:00+00:00,103417.22332485694
2024-02-22 12:00:00+00:00,103417.22332485694
2024-02-22 16:00:00+00:00,103417.22332485694
2024-02-22 20:00:00+00:00,103417.22332485694
2024-02-23 00:00:00+00:00,103417.22332485694
2024-02-23 04:00:00+00:00,103417.22332485694
2024-02-23 08:00:00+00:00,103417.22332485694
2024-02-23 12:00:00+00:00,103417.22332485694
2024-02-23 16:00:00+00:00,103417.22332485694
2024-02-23 20:00:00+00:00,103417.22332485694
2024-02-24 00:00:00+00:00,103417.22332485694
2024-02-24 04:00:00+00:00,103417.22332485694
2024-02-24 08:00:00+00:00,103417.22332485694
2024-02-24 12:00:00+00:00,103417.22332485694
2024-02-24 16:00:00+00:00,103417.22332485694
2024-02-24 20:00:00+00:00,103417.22332485694
2024-02-25 00:00:00+00:00,103417.22332485694
2024-02-25 04:00:00+00:00,103417.22332485694
2024-02-25 08:00:00+00:00,103417.22332485694
2024-02-25 12:00:00+00:00,103417.22332485694
2024-02-25 16:00:00+00:00,103417.22332485694
2024-02-25 20:00:00+00:00,103434.11594477652
2024-02-26 00:00:00+00:00,103430.5617272106
2024-02-26 04:00:00+00:00,103418.09067860345
2024-02-26 08:00:00+00:00,103399.30588787656
2024-02-26 12:00:00+00:00,103454.90311159687
2024-02-26 16:00:00+00:00,103475.45249625613
2024-02-26 20:00:00+00:00,103468.98755167474
2024-02-27 00:00:00+00:00,103552.6792521586
2024-02-27 04:00:00+00:00,103571.66785354509
2024-02-27 08:00:00+00:00,103663.11989388129
2024-02-27 12:00:00+00:00,103689.66891051072
2024-02-27 16:00:00+00:00,103785.79700897473
2024-02-27 20:00:00+00:00,103743.15383364428
2024-02-28 00:00:00+00:00,103682.79439803716
2024-02-28 04:00:00+00:00,103825.83180002429
2024-02-28 08:00:00+00:00,103863.89969756176
2024-02-28 12:00:00+00:00,104047.83996091365
2024-02-28 16:00:00+00:00,104266.26632077435
2024-02-28 20:00:00+00:00,104440.80254314447
2024-02-29 00:00:00+00:00,104607.45016079461
2024-02-29 04:00:00+00:00,104788.76842061686
2024-02-29 08:00:00+00:00,104875.54818151596
2024-02-29 12:00:00+00:00,104962.10850462694
2024-02-29 16:00:00+00:00,104702.45562925085
2024-02-29 20:00:00+00:00,104427.99010464335
2024-03-01 00:00:00+00:00,104549.85114898343
2024-03-01 04:00:00+00:00,104526.32993787517
2024-03-01 08:00:00+00:00,104660.45734379726
2024-03-01 12:00:00+00:00,104641.39338937929
2024-03-01 16:00:00+00:00,104926.3685438861
2024-03-01 20:00:00+00:00,104997.27403593868
2024-03-02 00:00:00+00:00,105083.27042434867
2024-03-02 04:00:00+00:00,105122.53246149007
2024-03-02 08:00:00+00:00,105013.99701335019
2024-03-02 12:00:00+00:00,104919.15550153615
2024-03-02 16:00:00+00:00,105070.29437145029
2024-03-02 20:00:00+00:00,105103.53543735541
2024-03-03 00:00:00+00:00,105048.68203760442
2024-03-03 04:00:00+00:00,104574.99033267467
2024-03-03 08:00:00+00:00,104606.67580004764
2024-03-03 12:00:00+00:00,104616.6511808521
2024-03-03 16:00:00+00:00,104647.36848953663
2024-03-03 20:00:00+00:00,104668.79173062305
2024-03-04 00:00:00+00:00,104719.25891720607
2024-03-04 04:00:00+00:00,104781.05563499007
2024-03-04 08:00:00+00:00,104840.14357632268
2024-03-04 12:00:00+00:00,104905.54538461933
2024-03-04 16:00:00+00:00,104929.36643618852
2024-03-04 20:00:00+00:00,104951.7731483025
2024-03-05 00:00:00+00:00,104948.46072630108
2024-03-05 04:00:00+00:00,104818.72414827078
2024-03-05 08:00:00+00:00,104874.23462080324
2024-03-05 12:00:00+00:00,104847.32541214267
2024-03-05 16:00:00+00:00,104465.8214582928
2024-03-05 20:00:00+00:00,104465.8214582928
2024-03-06 00:00:00+00:00,104465.8214582928
2024-03-06 04:00:00+00:00,104465.8214582928
2024-03-06 08:00:00+00:00,104465.8214582928
2024-03-06 12:00:00+00:00,104465.8214582928
2024-03-06 16:00:00+00:00,104465.8214582928
2024-03-06 20:00:00+00:00,104465.8214582928
2024-03-07 00:00:00+00:00,104465.8214582928
2024-03-07 04:00:00+00:00,104465.8214582928
2024-03-07 08:00:00+00:00,104465.8214582928
2024-03-07 12:00:00+00:00,104465.8214582928
2024-03-07 16:00:00+00:00,104465.8214582928
2024-03-07 20:00:00+00:00,104465.8214582928
2024-03-08 00:00:00+00:00,104465.8214582928
2024-03-08 04:00:00+00:00,104465.8214582928
2024-03-08 08:00:00+00:00,104465.8214582928
2024-03-08 12:00:00+00:00,104449.30697593115
2024-03-08 16:00:00+00:00,104457.61433464763
2024-03-08 20:00:00+00:00,104444.2603947977
2024-03-09 00:00:00+00:00,104455.87544876029
2024-03-09 04:00:00+00:00,104456.63199607721
2024-03-09 08:00:00+00:00,104452.82873301499
2024-03-09 12:00:00+00:00,104453.97821576009
2024-03-09 16:00:00+00:00,104443.84986524588
2024-03-09 20:00:00+00:00,104450.65292639034
2024-03-10 00:00:00+00:00,104459.39427349018
2024-03-10 04:00:00+00:00,104462.37647744875
2024-03-10 08:00:00+00:00,104458.90457038193
2024-03-10 12:00:00+00:00,104444.37768895537
2024-03-10 16:00:00+00:00,104448.60027863123
2024-03-10 20:00:00+00:00,104428.06576961555
2024-03-11 00:00:00+00:00,104428.06576961555
2024-03-11 04:00:00+00:00,104428.06576961555
2024-03-11 08:00:00+00:00,104428.06576961555
2024-03-11 12:00:00+00:00,104428.06576961555
2024-03-11 16:00:00+00:00,104428.06576961555
2024-03-11 20:00:00+00:00,104428.06576961555
2024-03-12 00:00:00+00:00,104428.06576961555
2024-03-12 04:00:00+00:00,104428.06576961555
2024-03-12 08:00:00+00:00,104428.06576961555
2024-03-12 12:00:00+00:00,104428.06576961555
2024-03-12 16:00:00+00:00,104428.06576961555
2024-03-12 20:00:00+00:00,104428.06576961555
2024-03-13 00:00:00+00:00,104428.06576961555
2024-03-13 04:00:00+00:00,104428.06576961555
2024-03-13 08:00:00+00:00,104428.06576961555
2024-03-13 12:00:00+00:00,104428.06576961555
2024-03-13 16:00:00+00:00,104449.77569697746
2024-03-13 20:00:00+00:00,104463.02938225691
2024-03-14 00:00:00+00:00,104482.47177181972
2024-03-14 04:00:00+00:00,104487.45559562315
2024-03-14 08:00:00+00:00,104513.47006053115
2024-03-14 12:00:00+00:00,104483.5671177106
2024-03-14 16:00:00+00:00,104455.19765913724
2024-03-14 20:00:00+00:00,104533.18628656669
2024-03-15 00:00:00+00:00,104529.35257594867
2024-03-15 04:00:00+00:00,104529.95501618864
2024-03-15 08:00:00+00:00,104496.54696651732
2024-03-15 12:00:00+00:00,104561.33667596188
2024-03-15 16:00:00+00:00,104569.66130473244
2024-03-15 20:00:00+00:00,104573.27594617229
2024-03-16 00:00:00+00:00,104592.77310302964
2024-03-16 04:00:00+00:00,104621.74500184298
2024-03-16 08:00:00+00:00,104620.7591905412
2024-03-16 12:00:00+00:00,104633.62950475885
2024-03-16 16:00:00+00:00,104551.80716671137
2024-03-16 20:00:00+00:00,104562.65109103092
2024-03-17 00:00:00+00:00,104587.02253710262
2024-03-17 04:00:00+00:00,104561.55574514005
2024-03-17 08:00:00+00:00,104616.59687615592
2024-03-17 12:00:00+00:00,104636.8607751369
2024-03-17 16:00:00+00:00,104637.13461160961
2024-03-17 20:00:00+00:00,104670.76173045911
2024-03-18 00:00:00+00:00,104682.37239690225
2024-03-18 04:00:00+00:00,104678.59345357878
2024-03-18 08:00:00+00:00,104705.31989331584
2024-03-18 12:00:00+00:00,104681.98902584045
2024-03-18 16:00:00+00:00,104652.03131572535
2024-03-18 20:00:00+00:00,104638.3942593841
2024-03-19 00:00:00+00:00,104574.75466312494
2024-03-19 04:00:00+00:00,104573.24129019504
2024-03-19 08:00:00+00:00,104573.24129019504
2024-03-19 12:00:00+00:00,104573.24129019504
2024-03-19 16:00:00+00:00,104573.24129019504
2024-03-19 20:00:00+00:00,104573.24129019504
2024-03-20 00:00:00+00:00,104573.24129019504
2024-03-20 04:00:00+00:00,104573.24129019504
2024-03-20 08:00:00+00:00,104573.24129019504
2024-03-20 12:00:00+00:00,104573.24129019504
2024-03-20 16:00:00+00:00,104573.24129019504
2024-03-20 20:00:00+00:00,104573.24129019504
2024-03-21 00:00:00+00:00,104573.24129019504
2024-03-21 04:00:00+00:00,104573.24129019504
2024-03-21 08:00:00+00:00,104573.24129019504
2024-03-21 12:00:00+00:00,104573.24129019504
2024-03-21 16:00:00+00:00,104573.24129019504
2024-03-21 20:00:00+00:00,104573.24129019504
2024-03-22 00:00:00+00:00,104573.24129019504
2024-03-22 04:00:00+00:00,104573.24129019504
2024-03-22 08:00:00+00:00,104573.24129019504
2024-03-22 12:00:00+00:00,104573.24129019504
2024-03-22 16:00:00+00:00,104573.24129019504
2024-03-22 20:00:00+00:00,104573.24129019504
2024-03-23 00:00:00+00:00,104573.24129019504
2024-03-23 04:00:00+00:00,104573.24129019504
2024-03-23 08:00:00+00:00,104573.24129019504
2024-03-23 12:00:00+00:00,104573.24129019504
2024-03-23 16:00:00+00:00,104573.24129019504
2024-03-23 20:00:00+00:00,104573.24129019504
2024-03-24 00:00:00+00:00,104573.24129019504
2024-03-24 04:00:00+00:00,104573.24129019504
2024-03-24 08:00:00+00:00,104573.24129019504
2024-03-24 12:00:00+00:00,104573.24129019504
2024-03-24 16:00:00+00:00,104573.24129019504
2024-03-24 20:00:00+00:00,104573.24129019504
2024-03-25 00:00:00+00:00,104573.24129019504
2024-03-25 04:00:00+00:00,104573.24129019504
2024-03-25 08:00:00+00:00,104573.24129019504
2024-03-25 12:00:00+00:00,104573.24129019504
2024-03-25 16:00:00+00:00,104560.78686405749
2024-03-25 20:00:00+00:00,104532.25728499152
2024-03-26 00:00:00+00:00,104545.76743284
2024-03-26 04:00:00+00:00,104552.61635522434
2024-03-26 08:00:00+00:00,104575.57305546965
2024-03-26 12:00:00+00:00,104525.06039111949
2024-03-26 16:00:00+00:00,104496.33323269692
2024-03-26 20:00:00+00:00,104521.99903654019
2024-03-27 00:00:00+00:00,104530.52630033756
2024-03-27 04:00:00+00:00,104524.81345365557
2024-03-27 08:00:00+00:00,104540.10371977498
2024-03-27 12:00:00+00:00,104544.64039214008
2024-03-27 16:00:00+00:00,104523.97332914353
2024-03-27 20:00:00+00:00,104556.78019133926
2024-03-28 00:00:00+00:00,104574.67484344603
2024-03-28 04:00:00+00:00,104596.89613678989
2024-03-28 08:00:00+00:00,104668.60076389377
2024-03-28 12:00:00+00:00,104669.69292575945
2024-03-28 16:00:00+00:00,104710.73300817332
2024-03-28 20:00:00+00:00,104680.57253819056
2024-03-29 00:00:00+00:00,104672.33931797242
2024-03-29 04:00:00+00:00,104636.92806978931
2024-03-29 08:00:00+00:00,104653.77256625601
2024-03-29 12:00:00+00:00,104633.18951571066
2024-03-29 16:00:00+00:00,104655.53682773132
2024-03-29 20:00:00+00:00,104650.87413668942
2024-03-30 00:00:00+00:00,104646.42147677553
2024-03-30 04:00:00+00:00,104622.22589082834
2024-03-30 08:00:00+00:00,104620.92751227299
2024-03-30 12:00:00+00:00,104620.92751227299
2024-03-30 16:00:00+00:00,104620.92751227299
2024-03-30 20:00:00+00:00,104620.92751227299
2024-03-31 00:00:00+00:00,104620.92751227299
2024-03-31 04:00:00+00:00,104620.92751227299
2024-03-31 08:00:00+00:00,104620.92751227299
2024-03-31 12:00:00+00:00,104620.92751227299
2024-03-31 16:00:00+00:00,104620.92751227299
2024-03-31 20:00:00+00:00,104633.5874126182
2024-04-01 00:00:00+00:00,104634.57670441233
2024-04-01 04:00:00+00:00,104604.17246993951
2024-04-01 08:00:00+00:00,104585.44187863737
2024-04-01 12:00:00+00:00,104543.65909283653
2024-04-01 16:00:00+00:00,104543.65909283653
2024-04-01 20:00:00+00:00,104543.65909283653
2024-04-02 00:00:00+00:00,104543.65909283653
2024-04-02 04:00:00+00:00,104543.65909283653
2024-04-02 08:00:00+00:00,104543.65909283653
2024-04-02 12:00:00+00:00,104543.65909283653
2024-04-02 16:00:00+00:00,104543.65909283653
2024-04-02 20:00:00+00:00,104543.65909283653
2024-04-03 00:00:00+00:00,104543.65909283653
2024-04-03 04:00:00+00:00,104543.65909283653
2024-04-03 08:00:00+00:00,104543.65909283653
2024-04-03 12:00:00+00:00,104543.65909283653
2024-04-03 16:00:00+00:00,104543.65909283653
2024-04-03 20:00:00+00:00,104543.65909283653
2024-04-04 00:00:00+00:00,104543.65909283653
2024-04-04 04:00:00+00:00,104543.65909283653
2024-04-04 08:00:00+00:00,104543.65909283653
2024-04-04 12:00:00+00:00,104543.65909283653
2024-04-04 16:00:00+00:00,104543.65909283653
2024-04-04 20:00:00+00:00,104543.65909283653
2024-04-05 00:00:00+00:00,104543.65909283653
2024-04-05 04:00:00+00:00,104543.65909283653
2024-04-05 08:00:00+00:00,104543.65909283653
2024-04-05 12:00:00+00:00,104543.65909283653
2024-04-05 16:00:00+00:00,104543.65909283653
2024-04-05 20:00:00+00:00,104543.65909283653
2024-04-06 00:00:00+00:00,104543.65909283653
2024-04-06 04:00:00+00:00,104543.65909283653
2024-04-06 08:00:00+00:00,104543.65909283653
2024-04-06 12:00:00+00:00,104543.65909283653
2024-04-06 16:00:00+00:00,104543.65909283653
2024-04-06 20:00:00+00:00,104543.65909283653
2024-04-07 00:00:00+00:00,104543.65909283653
2024-04-07 04:00:00+00:00,104543.65909283653
2024-04-07 08:00:00+00:00,104543.65909283653
2024-04-07 12:00:00+00:00,104543.65909283653
2024-04-07 16:00:00+00:00,104543.65909283653
2024-04-07 20:00:00+00:00,104543.65909283653
2024-04-08 00:00:00+00:00,104543.65909283653
2024-04-08 04:00:00+00:00,104543.65909283653
2024-04-08 08:00:00+00:00,104543.65909283653
2024-04-08 12:00:00+00:00,104522.22638259117
2024-04-08 16:00:00+00:00,104522.0589442404
2024-04-08 20:00:00+00:00,104512.10386662783
2024-04-09 00:00:00+00:00,104500.88630159141
2024-04-09 04:00:00+00:00,104451.71142161098
2024-04-09 08:00:00+00:00,104424.33193413945
2024-04-09 12:00:00+00:00,104379.78945684638
2024-04-09 16:00:00+00:00,104379.78945684638
2024-04-09 20:00:00+00:00,104379.78945684638
2024-04-10 00:00:00+00:00,104379.78945684638
2024-04-10 04:00:00+00:00,104379.78945684638
2024-04-10 08:00:00+00:00,104379.78945684638
2024-04-10 12:00:00+00:00,104379.78945684638
2024-04-10 16:00:00+00:00,104379.78945684638
2024-04-10 20:00:00+00:00,104379.78945684638
2024-04-11 00:00:00+00:00,104379.78945684638
2024-04-11 04:00:00+00:00,104379.78945684638
2024-04-11 08:00:00+00:00,104379.78945684638
2024-04-11 12:00:00+00:00,104379.78945684638
2024-04-11 16:00:00+00:00,104379.78945684638
2024-04-11 20:00:00+00:00,104379.78945684638
2024-04-12 00:00:00+00:00,104379.78945684638
2024-04-12 04:00:00+00:00,104379.78945684638
2024-04-12 08:00:00+00:00,104379.78945684638
2024-04-12 12:00:00+00:00,104379.78945684638
2024-04-12 16:00:00+00:00,104379.78945684638
2024-04-12 20:00:00+00:00,104379.78945684638
2024-04-13 00:00:00+00:00,104379.78945684638
2024-04-13 04:00:00+00:00,104379.78945684638
2024-04-13 08:00:00+00:00,104379.78945684638
2024-04-13 12:00:00+00:00,104379.78945684638
2024-04-13 16:00:00+00:00,104379.78945684638
2024-04-13 20:00:00+00:00,104379.78945684638
2024-04-14 00:00:00+00:00,104379.78945684638
2024-04-14 04:00:00+00:00,104379.78945684638
2024-04-14 08:00:00+00:00,104379.78945684638
2024-04-14 12:00:00+00:00,104379.78945684638
2024-04-14 16:00:00+00:00,104379.78945684638
2024-04-14 20:00:00+00:00,104379.78945684638
2024-04-15 00:00:00+00:00,104379.78945684638
2024-04-15 04:00:00+00:00,104379.78945684638
2024-04-15 08:00:00+00:00,104379.78945684638
2024-04-15 12:00:00+00:00,104379.78945684638
2024-04-15 16:00:00+00:00,104379.78945684638
2024-04-15 20:00:00+00:00,104379.78945684638
2024-04-16 00:00:00+00:00,104379.78945684638
2024-04-16 04:00:00+00:00,104379.78945684638
2024-04-16 08:00:00+00:00,104379.78945684638
2024-04-16 12:00:00+00:00,104379.78945684638
2024-04-16 16:00:00+00:00,104379.78945684638
2024-04-16 20:00:00+00:00,104379.78945684638
2024-04-17 00:00:00+00:00,104379.78945684638
2024-04-17 04:00:00+00:00,104379.78945684638
2024-04-17 08:00:00+00:00,104379.78945684638
2024-04-17 12:00:00+00:00,104379.78945684638
2024-04-17 16:00:00+00:00,104379.78945684638
2024-04-17 20:00:00+00:00,104379.78945684638
2024-04-18 00:00:00+00:00,104379.78945684638
2024-04-18 04:00:00+00:00,104379.78945684638
2024-04-18 08:00:00+00:00,104379.78945684638
2024-04-18 12:00:00+00:00,104379.78945684638
2024-04-18 16:00:00+00:00,104379.78945684638
2024-04-18 20:00:00+00:00,104379.78945684638
2024-04-19 00:00:00+00:00,104379.78945684638
2024-04-19 04:00:00+00:00,104379.78945684638
2024-04-19 08:00:00+00:00,104379.78945684638
2024-04-19 12:00:00+00:00,104379.78945684638
2024-04-19 16:00:00+00:00,104379.78945684638
2024-04-19 20:00:00+00:00,104379.78945684638
2024-04-20 00:00:00+00:00,104379.78945684638
2024-04-20 04:00:00+00:00,104379.78945684638
2024-04-20 08:00:00+00:00,104379.78945684638
2024-04-20 12:00:00+00:00,104379.78945684638
2024-04-20 16:00:00+00:00,104379.78945684638
2024-04-20 20:00:00+00:00,104379.78945684638
2024-04-21 00:00:00+00:00,104379.78945684638
2024-04-21 04:00:00+00:00,104379.78945684638
2024-04-21 08:00:00+00:00,104379.78945684638
2024-04-21 12:00:00+00:00,104379.78945684638
2024-04-21 16:00:00+00:00,104379.78945684638
2024-04-21 20:00:00+00:00,104379.78945684638
2024-04-22 00:00:00+00:00,104379.78945684638
2024-04-22 04:00:00+00:00,104379.78945684638
2024-04-22 08:00:00+00:00,104379.78945684638
2024-04-22 12:00:00+00:00,104379.78945684638
2024-04-22 16:00:00+00:00,104379.78945684638
2024-04-22 20:00:00+00:00,104388.64682861211
2024-04-23 00:00:00+00:00,104361.31772872787
2024-04-23 04:00:00+00:00,104350.97285155367
2024-04-23 08:00:00+00:00,104340.22158363243
2024-04-23 12:00:00+00:00,104370.9734901197
2024-04-23 16:00:00+00:00,104386.19099749379
2024-04-23 20:00:00+00:00,104346.7005460923
2024-04-24 00:00:00+00:00,104363.67313375082
2024-04-24 04:00:00+00:00,104377.12793934559
2024-04-24 08:00:00+00:00,104369.25691067777
2024-04-24 12:00:00+00:00,104203.99688646752
2024-04-24 16:00:00+00:00,104193.7905097862
2024-04-24 20:00:00+00:00,104191.48876629474
2024-04-25 00:00:00+00:00,104191.48876629474
2024-04-25 04:00:00+00:00,104191.48876629474
2024-04-25 08:00:00+00:00,104191.48876629474
2024-04-25 12:00:00+00:00,104191.48876629474
2024-04-25 16:00:00+00:00,104191.48876629474
2024-04-25 20:00:00+00:00,104191.48876629474
2024-04-26 00:00:00+00:00,104191.48876629474
2024-04-26 04:00:00+00:00,104191.48876629474
2024-04-26 08:00:00+00:00,104191.48876629474
2024-04-26 12:00:00+00:00,104191.48876629474
2024-04-26 16:00:00+00:00,104191.48876629474
2024-04-26 20:00:00+00:00,104191.48876629474
2024-04-27 00:00:00+00:00,104191.48876629474
2024-04-27 04:00:00+00:00,104191.48876629474
2024-04-27 08:00:00+00:00,104191.48876629474
2024-04-27 12:00:00+00:00,104191.48876629474
2024-04-27 16:00:00+00:00,104191.48876629474
2024-04-27 20:00:00+00:00,104191.48876629474
2024-04-28 00:00:00+00:00,104191.48876629474
2024-04-28 04:00:00+00:00,104191.48876629474
2024-04-28 08:00:00+00:00,104191.48876629474
2024-04-28 12:00:00+00:00,104191.48876629474
2024-04-28 16:00:00+00:00,104191.48876629474
2024-04-28 20:00:00+00:00,104191.48876629474
2024-04-29 00:00:00+00:00,104191.48876629474
2024-04-29 04:00:00+00:00,104191.48876629474
2024-04-29 08:00:00+00:00,104191.48876629474
2024-04-29 12:00:00+00:00,104191.48876629474
2024-04-29 16:00:00+00:00,104191.48876629474
2024-04-29 20:00:00+00:00,104191.48876629474
2024-04-30 00:00:00+00:00,104191.48876629474
2024-04-30 04:00:00+00:00,104191.48876629474
2024-04-30 08:00:00+00:00,104191.48876629474
2024-04-30 12:00:00+00:00,104191.48876629474
2024-04-30 16:00:00+00:00,104191.48876629474
2024-04-30 20:00:00+00:00,104191.48876629474
2024-05-01 00:00:00+00:00,104191.48876629474
2024-05-01 04:00:00+00:00,104191.48876629474
2024-05-01 08:00:00+00:00,104191.48876629474
2024-05-01 12:00:00+00:00,104191.48876629474
2024-05-01 16:00:00+00:00,104191.48876629474
2024-05-01 20:00:00+00:00,104191.48876629474
2024-05-02 00:00:00+00:00,104191.48876629474
2024-05-02 04:00:00+00:00,104191.48876629474
2024-05-02 08:00:00+00:00,104191.48876629474
2024-05-02 12:00:00+00:00,104191.48876629474
2024-05-02 16:00:00+00:00,104191.48876629474
2024-05-02 20:00:00+00:00,104191.48876629474
2024-05-03 00:00:00+00:00,104191.48876629474
2024-05-03 04:00:00+00:00,104191.48876629474
2024-05-03 08:00:00+00:00,104191.48876629474
2024-05-03 12:00:00+00:00,104191.48876629474
2024-05-03 16:00:00+00:00,104191.48876629474
2024-05-03 20:00:00+00:00,104191.48876629474
2024-05-04 00:00:00+00:00,104191.48876629474
2024-05-04 04:00:00+00:00,104191.48876629474
2024-05-04 08:00:00+00:00,104191.48876629474
2024-05-04 12:00:00+00:00,104191.48876629474
2024-05-04 16:00:00+00:00,104191.48876629474
2024-05-04 20:00:00+00:00,104191.48876629474
2024-05-05 00:00:00+00:00,104191.48876629474
2024-05-05 04:00:00+00:00,104191.48876629474
2024-05-05 08:00:00+00:00,104191.48876629474
2024-05-05 12:00:00+00:00,104191.48876629474
2024-05-05 16:00:00+00:00,104191.48876629474
2024-05-05 20:00:00+00:00,104191.48876629474
2024-05-06 00:00:00+00:00,104191.48876629474
2024-05-06 04:00:00+00:00,104191.48876629474
2024-05-06 08:00:00+00:00,104191.48876629474
2024-05-06 12:00:00+00:00,104188.37295390897
2024-05-06 16:00:00+00:00,104146.9861302705
2024-05-06 20:00:00+00:00,104122.80963333345
2024-05-07 00:00:00+00:00,104114.67181019526
2024-05-07 04:00:00+00:00,104124.30489151971
2024-05-07 08:00:00+00:00,104123.13959942402
2024-05-07 12:00:00+00:00,104120.80901523262
2024-05-07 16:00:00+00:00,104093.61886633292
2024-05-07 20:00:00+00:00,104069.1477323232
2024-05-08 00:00:00+00:00,104067.42320893753
2024-05-08 04:00:00+00:00,104067.42320893753
2024-05-08 08:00:00+00:00,104067.42320893753
2024-05-08 12:00:00+00:00,104067.42320893753
2024-05-08 16:00:00+00:00,104067.42320893753
2024-05-08 20:00:00+00:00,104067.42320893753
2024-05-09 00:00:00+00:00,104067.42320893753
2024-05-09 04:00:00+00:00,104067.42320893753
2024-05-09 08:00:00+00:00,104067.42320893753
2024-05-09 12:00:00+00:00,104067.42320893753
2024-05-09 16:00:00+00:00,104067.42320893753
2024-05-09 20:00:00+00:00,104067.42320893753
2024-05-10 00:00:00+00:00,104067.42320893753
2024-05-10 04:00:00+00:00,104067.42320893753
2024-05-10 08:00:00+00:00,104067.42320893753
2024-05-10 12:00:00+00:00,104067.42320893753
2024-05-10 16:00:00+00:00,104067.42320893753
2024-05-10 20:00:00+00:00,104067.42320893753
2024-05-11 00:00:00+00:00,104067.42320893753
2024-05-11 04:00:00+00:00,104067.42320893753
2024-05-11 08:00:00+00:00,104067.42320893753
2024-05-11 12:00:00+00:00,104067.42320893753
2024-05-11 16:00:00+00:00,104067.42320893753
2024-05-11 20:00:00+00:00,104067.42320893753
2024-05-12 00:00:00+00:00,104067.42320893753
2024-05-12 04:00:00+00:00,104067.42320893753
2024-05-12 08:00:00+00:00,104067.42320893753
2024-05-12 12:00:00+00:00,104067.42320893753
2024-05-12 16:00:00+00:00,104067.42320893753
2024-05-12 20:00:00+00:00,104067.42320893753
2024-05-13 00:00:00+00:00,104067.42320893753
2024-05-13 04:00:00+00:00,104067.42320893753
2024-05-13 08:00:00+00:00,104067.42320893753
2024-05-13 12:00:00+00:00,104067.42320893753
2024-05-13 16:00:00+00:00,104067.42320893753
2024-05-13 20:00:00+00:00,104067.42320893753
2024-05-14 00:00:00+00:00,104067.42320893753
2024-05-14 04:00:00+00:00,104067.42320893753
2024-05-14 08:00:00+00:00,104067.42320893753
2024-05-14 12:00:00+00:00,104067.42320893753
2024-05-14 16:00:00+00:00,104067.42320893753
2024-05-14 20:00:00+00:00,104067.42320893753
2024-05-15 00:00:00+00:00,104067.42320893753
2024-05-15 04:00:00+00:00,104067.42320893753
2024-05-15 08:00:00+00:00,104067.42320893753
2024-05-15 12:00:00+00:00,104067.42320893753
2024-05-15 16:00:00+00:00,104067.42320893753
2024-05-15 20:00:00+00:00,104067.42320893753
2024-05-16 00:00:00+00:00,104067.42320893753
2024-05-16 04:00:00+00:00,104067.42320893753
2024-05-16 08:00:00+00:00,104067.42320893753
2024-05-16 12:00:00+00:00,104067.42320893753
2024-05-16 16:00:00+00:00,104067.42320893753
2024-05-16 20:00:00+00:00,104067.42320893753
2024-05-17 00:00:00+00:00,104067.42320893753
2024-05-17 04:00:00+00:00,104067.42320893753
2024-05-17 08:00:00+00:00,104061.46979321004
2024-05-17 12:00:00+00:00,104081.45704576891
2024-05-17 16:00:00+00:00,104056.89117736963
2024-05-17 20:00:00+00:00,104073.11212650748
2024-05-18 00:00:00+00:00,104112.45147691625
2024-05-18 04:00:00+00:00,104086.55505444176
2024-05-18 08:00:00+00:00,104119.80383010324
2024-05-18 12:00:00+00:00,104079.62545826836
2024-05-18 16:00:00+00:00,104092.3993409288
2024-05-18 20:00:00+00:00,104082.85570152228
2024-05-19 00:00:00+00:00,104114.81719561611
2024-05-19 04:00:00+00:00,104102.08207951588
2024-05-19 08:00:00+00:00,104068.8764787905
2024-05-19 12:00:00+00:00,103988.05060816757
2024-05-19 16:00:00+00:00,103961.88538746591
2024-05-19 20:00:00+00:00,103961.88538746591
2024-05-20 00:00:00+00:00,103961.88538746591
2024-05-20 04:00:00+00:00,103961.88538746591
2024-05-20 08:00:00+00:00,103961.88538746591
2024-05-20 12:00:00+00:00,103961.88538746591
2024-05-20 16:00:00+00:00,103961.88538746591
2024-05-20 20:00:00+00:00,103961.88538746591
2024-05-21 00:00:00+00:00,103961.88538746591
2024-05-21 04:00:00+00:00,103961.88538746591
2024-05-21 08:00:00+00:00,103961.88538746591
2024-05-21 12:00:00+00:00,103961.88538746591
2024-05-21 16:00:00+00:00,103961.88538746591
2024-05-21 20:00:00+00:00,103961.88538746591
2024-05-22 00:00:00+00:00,103961.88538746591
2024-05-22 04:00:00+00:00,103961.88538746591
2024-05-22 08:00:00+00:00,103961.88538746591
2024-05-22 12:00:00+00:00,103961.88538746591
2024-05-22 16:00:00+00:00,103961.88538746591
2024-05-22 20:00:00+00:00,103961.88538746591
2024-05-23 00:00:00+00:00,103961.88538746591
2024-05-23 04:00:00+00:00,103961.88538746591
2024-05-23 08:00:00+00:00,103961.88538746591
2024-05-23 12:00:00+00:00,103925.21433431495
2024-05-23 16:00:00+00:00,103918.03455327865
2024-05-23 20:00:00+00:00,103885.26590988904
2024-05-24 00:00:00+00:00,103885.26590988904
2024-05-24 04:00:00+00:00,103885.26590988904
2024-05-24 08:00:00+00:00,103885.26590988904
2024-05-24 12:00:00+00:00,103885.26590988904
2024-05-24 16:00:00+00:00,103885.26590988904
2024-05-24 20:00:00+00:00,103885.26590988904
2024-05-25 00:00:00+00:00,103885.26590988904
2024-05-25 04:00:00+00:00,103885.26590988904
2024-05-25 08:00:00+00:00,103885.26590988904
2024-05-25 12:00:00+00:00,103885.26590988904
2024-05-25 16:00:00+00:00,103885.26590988904
2024-05-25 20:00:00+00:00,103885.26590988904
2024-05-26 00:00:00+00:00,103885.26590988904
2024-05-26 04:00:00+00:00,103885.26590988904
2024-05-26 08:00:00+00:00,103885.26590988904
2024-05-26 12:00:00+00:00,103885.26590988904
2024-05-26 16:00:00+00:00,103885.26590988904
2024-05-26 20:00:00+00:00,103885.26590988904
2024-05-27 00:00:00+00:00,103885.26590988904
2024-05-27 04:00:00+00:00,103885.26590988904
2024-05-27 08:00:00+00:00,103885.26590988904
2024-05-27 12:00:00+00:00,103885.26590988904
2024-05-27 16:00:00+00:00,103885.26590988904
2024-05-27 20:00:00+00:00,103885.26590988904
2024-05-28 00:00:00+00:00,103885.26590988904
2024-05-28 04:00:00+00:00,103885.26590988904
2024-05-28 08:00:00+00:00,103885.26590988904
2024-05-28 12:00:00+00:00,103885.26590988904
2024-05-28 16:00:00+00:00,103885.26590988904
2024-05-28 20:00:00+00:00,103885.26590988904
2024-05-29 00:00:00+00:00,103885.26590988904
2024-05-29 04:00:00+00:00,103885.26590988904
2024-05-29 08:00:00+00:00,103885.26590988904
2024-05-29 12:00:00+00:00,103885.26590988904
2024-05-29 16:00:00+00:00,103885.26590988904
2024-05-29 20:00:00+00:00,103885.26590988904
2024-05-30 00:00:00+00:00,103885.26590988904
2024-05-30 04:00:00+00:00,103885.26590988904
2024-05-30 08:00:00+00:00,103885.26590988904
2024-05-30 12:00:00+00:00,103885.26590988904
2024-05-30 16:00:00+00:00,103885.26590988904
2024-05-30 20:00:00+00:00,103885.26590988904
2024-05-31 00:00:00+00:00,103885.26590988904
2024-05-31 04:00:00+00:00,103885.26590988904
2024-05-31 08:00:00+00:00,103885.26590988904
2024-05-31 12:00:00+00:00,103885.26590988904
2024-05-31 16:00:00+00:00,103885.26590988904
2024-05-31 20:00:00+00:00,103885.26590988904
2024-06-01 00:00:00+00:00,103885.26590988904
2024-06-01 04:00:00+00:00,103885.26590988904
2024-06-01 08:00:00+00:00,103885.26590988904
2024-06-01 12:00:00+00:00,103885.26590988904
2024-06-01 16:00:00+00:00,103885.26590988904
2024-06-01 20:00:00+00:00,103885.26590988904
2024-06-02 00:00:00+00:00,103885.26590988904
2024-06-02 04:00:00+00:00,103885.26590988904
2024-06-02 08:00:00+00:00,103885.26590988904
2024-06-02 12:00:00+00:00,103885.26590988904
2024-06-02 16:00:00+00:00,103885.26590988904
2024-06-02 20:00:00+00:00,103885.26590988904
2024-06-03 00:00:00+00:00,103885.26590988904
2024-06-03 04:00:00+00:00,103885.26590988904
2024-06-03 08:00:00+00:00,103885.26590988904
2024-06-03 12:00:00+00:00,103885.26590988904
2024-06-03 16:00:00+00:00,103885.26590988904
2024-06-03 20:00:00+00:00,103885.26590988904
2024-06-04 00:00:00+00:00,103885.26590988904
2024-06-04 04:00:00+00:00,103885.26590988904
2024-06-04 08:00:00+00:00,103885.26590988904
2024-06-04 12:00:00+00:00,103885.26590988904
2024-06-04 16:00:00+00:00,103885.26590988904
2024-06-04 20:00:00+00:00,103885.26590988904
2024-06-05 00:00:00+00:00,103885.26590988904
2024-06-05 04:00:00+00:00,103885.26590988904
2024-06-05 08:00:00+00:00,103885.26590988904
2024-06-05 12:00:00+00:00,103885.26590988904
2024-06-05 16:00:00+00:00,103869.53400813982
2024-06-05 20:00:00+00:00,103862.7924131355
2024-06-06 00:00:00+00:00,103860.46068109991
2024-06-06 04:00:00+00:00,103859.45909267222
2024-06-06 08:00:00+00:00,103864.99015990256
2024-06-06 12:00:00+00:00,103870.38957204296
2024-06-06 16:00:00+00:00,103838.4385516731
2024-06-06 20:00:00+00:00,103850.62577402638
2024-06-07 00:00:00+00:00,103858.20196132659
2024-06-07 04:00:00+00:00,103862.53648185445
2024-06-07 08:00:00+00:00,103885.96681587171
2024-06-07 12:00:00+00:00,103862.37414607982
2024-06-07 16:00:00+00:00,103815.8250868011
2024-06-07 20:00:00+00:00,103815.8250868011
2024-06-08 00:00:00+00:00,103815.8250868011
2024-06-08 04:00:00+00:00,103815.8250868011
2024-06-08 08:00:00+00:00,103815.8250868011
2024-06-08 12:00:00+00:00,103815.8250868011
2024-06-08 16:00:00+00:00,103815.8250868011
2024-06-08 20:00:00+00:00,103815.8250868011
2024-06-09 00:00:00+00:00,103815.8250868011
2024-06-09 04:00:00+00:00,103815.8250868011
2024-06-09 08:00:00+00:00,103815.8250868011
2024-06-09 12:00:00+00:00,103815.8250868011
2024-06-09 16:00:00+00:00,103815.8250868011
2024-06-09 20:00:00+00:00,103815.8250868011
2024-06-10 00:00:00+00:00,103815.8250868011
2024-06-10 04:00:00+00:00,103815.8250868011
2024-06-10 08:00:00+00:00,103815.8250868011
2024-06-10 12:00:00+00:00,103815.8250868011
2024-06-10 16:00:00+00:00,103815.8250868011
2024-06-10 20:00:00+00:00,103815.8250868011
2024-06-11 00:00:00+00:00,103815.8250868011
2024-06-11 04:00:00+00:00,103815.8250868011
2024-06-11 08:00:00+00:00,103815.8250868011
2024-06-11 12:00:00+00:00,103815.8250868011
2024-06-11 16:00:00+00:00,103815.8250868011
2024-06-11 20:00:00+00:00,103815.8250868011
2024-06-12 00:00:00+00:00,103815.8250868011
2024-06-12 04:00:00+00:00,103815.8250868011
2024-06-12 08:00:00+00:00,103815.8250868011
2024-06-12 12:00:00+00:00,103815.8250868011
2024-06-12 16:00:00+00:00,103815.8250868011
2024-06-12 20:00:00+00:00,103815.8250868011
2024-06-13 00:00:00+00:00,103815.8250868011
2024-06-13 04:00:00+00:00,103815.8250868011
2024-06-13 08:00:00+00:00,103815.8250868011
2024-06-13 12:00:00+00:00,103815.8250868011
2024-06-13 16:00:00+00:00,103815.8250868011
2024-06-13 20:00:00+00:00,103815.8250868011
2024-06-14 00:00:00+00:00,103815.8250868011
2024-06-14 04:00:00+00:00,103815.8250868011
2024-06-14 08:00:00+00:00,103815.8250868011
2024-06-14 12:00:00+00:00,103815.8250868011
2024-06-14 16:00:00+00:00,103815.8250868011
2024-06-14 20:00:00+00:00,103815.8250868011
2024-06-15 00:00:00+00:00,103815.8250868011
2024-06-15 04:00:00+00:00,103815.8250868011
2024-06-15 08:00:00+00:00,103815.8250868011
2024-06-15 12:00:00+00:00,103815.8250868011
2024-06-15 16:00:00+00:00,103815.8250868011
2024-06-15 20:00:00+00:00,103815.8250868011
2024-06-16 00:00:00+00:00,103815.8250868011
2024-06-16 04:00:00+00:00,103815.8250868011
2024-06-16 08:00:00+00:00,103815.8250868011
2024-06-16 12:00:00+00:00,103815.8250868011
2024-06-16 16:00:00+00:00,103815.8250868011
2024-06-16 20:00:00+00:00,103815.8250868011
2024-06-17 00:00:00+00:00,103815.8250868011
2024-06-17 04:00:00+00:00,103815.8250868011
2024-06-17 08:00:00+00:00,103815.8250868011
2024-06-17 12:00:00+00:00,103815.8250868011
2024-06-17 16:00:00+00:00,103815.8250868011
2024-06-17 20:00:00+00:00,103815.8250868011
2024-06-18 00:00:00+00:00,103815.8250868011
2024-06-18 04:00:00+00:00,103815.8250868011
2024-06-18 08:00:00+00:00,103815.8250868011
2024-06-18 12:00:00+00:00,103815.8250868011
2024-06-18 16:00:00+00:00,103815.8250868011
2024-06-18 20:00:00+00:00,103815.8250868011
2024-06-19 00:00:00+00:00,103815.8250868011
2024-06-19 04:00:00+00:00,103815.8250868011
2024-06-19 08:00:00+00:00,103815.8250868011
2024-06-19 12:00:00+00:00,103815.8250868011
2024-06-19 16:00:00+00:00,103815.8250868011
2024-06-19 20:00:00+00:00,103815.8250868011
2024-06-20 00:00:00+00:00,103815.8250868011
2024-06-20 04:00:00+00:00,103815.8250868011
2024-06-20 08:00:00+00:00,103815.8250868011
2024-06-20 12:00:00+00:00,103815.8250868011
2024-06-20 16:00:00+00:00,103815.8250868011
2024-06-20 20:00:00+00:00,103815.8250868011
2024-06-21 00:00:00+00:00,103815.8250868011
2024-06-21 04:00:00+00:00,103815.8250868011
2024-06-21 08:00:00+00:00,103815.8250868011
2024-06-21 12:00:00+00:00,103815.8250868011
2024-06-21 16:00:00+00:00,103815.8250868011
2024-06-21 20:00:00+00:00,103815.8250868011
2024-06-22 00:00:00+00:00,103815.8250868011
2024-06-22 04:00:00+00:00,103815.8250868011
2024-06-22 08:00:00+00:00,103815.8250868011
2024-06-22 12:00:00+00:00,103815.8250868011
2024-06-22 16:00:00+00:00,103815.8250868011
2024-06-22 20:00:00+00:00,103815.8250868011
2024-06-23 00:00:00+00:00,103815.8250868011
2024-06-23 04:00:00+00:00,103815.8250868011
2024-06-23 08:00:00+00:00,103815.8250868011
2024-06-23 12:00:00+00:00,103815.8250868011
2024-06-23 16:00:00+00:00,103815.8250868011
2024-06-23 20:00:00+00:00,103815.8250868011
2024-06-24 00:00:00+00:00,103815.8250868011
2024-06-24 04:00:00+00:00,103815.8250868011
2024-06-24 08:00:00+00:00,103815.8250868011
2024-06-24 12:00:00+00:00,103815.8250868011
2024-06-24 16:00:00+00:00,103815.8250868011
2024-06-24 20:00:00+00:00,103815.8250868011
2024-06-25 00:00:00+00:00,103815.8250868011
2024-06-25 04:00:00+00:00,103815.8250868011
2024-06-25 08:00:00+00:00,103815.8250868011
2024-06-25 12:00:00+00:00,103815.8250868011
2024-06-25 16:00:00+00:00,103815.8250868011
2024-06-25 20:00:00+00:00,103815.8250868011
2024-06-26 00:00:00+00:00,103815.8250868011
2024-06-26 04:00:00+00:00,103815.8250868011
2024-06-26 08:00:00+00:00,103815.8250868011
2024-06-26 12:00:00+00:00,103815.8250868011
2024-06-26 16:00:00+00:00,103815.8250868011
2024-06-26 20:00:00+00:00,103815.8250868011
2024-06-27 00:00:00+00:00,103815.8250868011
2024-06-27 04:00:00+00:00,103815.8250868011
2024-06-27 08:00:00+00:00,103815.8250868011
2024-06-27 12:00:00+00:00,103815.8250868011
2024-06-27 16:00:00+00:00,103819.26674470119
2024-06-27 20:00:00+00:00,103828.23339351558
2024-06-28 00:00:00+00:00,103812.65200377256
2024-06-28 04:00:00+00:00,103796.62963130095
2024-06-28 08:00:00+00:00,103797.58509387953
2024-06-28 12:00:00+00:00,103780.75425307221
2024-06-28 16:00:00+00:00,103764.29089787204
2024-06-28 20:00:00+00:00,103757.30867133626
2024-06-29 00:00:00+00:00,103755.7654156393
2024-06-29 04:00:00+00:00,103755.7654156393
2024-06-29 08:00:00+00:00,103755.7654156393
2024-06-29 12:00:00+00:00,103755.7654156393
2024-06-29 16:00:00+00:00,103755.7654156393
2024-06-29 20:00:00+00:00,103734.0454905676
2024-06-30 00:00:00+00:00,103747.2230525235
2024-06-30 04:00:00+00:00,103749.95801821246
2024-06-30 08:00:00+00:00,103735.28865678984
2024-06-30 12:00:00+00:00,103728.82419243411
2024-06-30 16:00:00+00:00,103728.57555918966
2024-06-30 20:00:00+00:00,103743.99082034564
2024-07-01 00:00:00+00:00,105801.64026900592
2024-07-01 04:00:00+00:00,105794.95481807251
2024-07-01 08:00:00+00:00,105785.16540777718
2024-07-01 12:00:00+00:00,105781.58391620571
2024-07-01 16:00:00+00:00,105781.10638399619
2024-07-01 20:00:00+00:00,105774.18216695801
2024-07-02 00:00:00+00:00,105777.04736021519
2024-07-02 04:00:00+00:00,105795.43235028205
2024-07-02 08:00:00+00:00,105798.77507574875
2024-07-02 12:00:00+00:00,105741.66491389138
2024-07-02 16:00:00+00:00,105774.05369759777
2024-07-02 20:00:00+00:00,105812.80961337835
2024-07-03 00:00:00+00:00,105761.22724736667
2024-07-03 04:00:00+00:00,105754.52730207352
2024-07-03 08:00:00+00:00,105688.60081377943
2024-07-03 12:00:00+00:00,105634.97859720749
2024-07-03 16:00:00+00:00,105622.18625188214
2024-07-03 20:00:00+00:00,105636.3492056352
2024-07-04 00:00:00+00:00,105595.77795717884
2024-07-04 04:00:00+00:00,105595.77795717884
2024-07-04 08:00:00+00:00,105595.77795717884
2024-07-04 12:00:00+00:00,105595.77795717884
2024-07-04 16:00:00+00:00,105595.77795717884
2024-07-04 20:00:00+00:00,105595.77795717884
2024-07-05 00:00:00+00:00,105595.77795717884
2024-07-05 04:00:00+00:00,105595.77795717884
2024-07-05 08:00:00+00:00,105595.77795717884
2024-07-05 12:00:00+00:00,105595.77795717884
2024-07-05 16:00:00+00:00,105595.77795717884
2024-07-05 20:00:00+00:00,105595.77795717884
2024-07-06 00:00:00+00:00,105595.77795717884
2024-07-06 04:00:00+00:00,105595.77795717884
2024-07-06 08:00:00+00:00,105595.77795717884
2024-07-06 12:00:00+00:00,105595.77795717884
2024-07-06 16:00:00+00:00,105595.77795717884
2024-07-06 20:00:00+00:00,105595.77795717884
2024-07-07 00:00:00+00:00,105595.77795717884
2024-07-07 04:00:00+00:00,105595.77795717884
2024-07-07 08:00:00+00:00,105595.77795717884
2024-07-07 12:00:00+00:00,105595.77795717884
2024-07-07 16:00:00+00:00,105595.77795717884
2024-07-07 20:00:00+00:00,105595.77795717884
2024-07-08 00:00:00+00:00,105595.77795717884
2024-07-08 04:00:00+00:00,105595.77795717884
2024-07-08 08:00:00+00:00,105595.77795717884
2024-07-08 12:00:00+00:00,105595.77795717884
2024-07-08 16:00:00+00:00,105595.77795717884
2024-07-08 20:00:00+00:00,105595.77795717884
2024-07-09 00:00:00+00:00,105595.77795717884
2024-07-09 04:00:00+00:00,105595.77795717884
2024-07-09 08:00:00+00:00,105595.77795717884
2024-07-09 12:00:00+00:00,105595.77795717884
2024-07-09 16:00:00+00:00,105595.77795717884
2024-07-09 20:00:00+00:00,105595.77795717884
2024-07-10 00:00:00+00:00,105595.77795717884
2024-07-10 04:00:00+00:00,105595.77795717884
2024-07-10 08:00:00+00:00,105594.08897800907
2024-07-10 12:00:00+00:00,105601.44783594283
2024-07-10 16:00:00+00:00,105604.09702479899
2024-07-10 20:00:00+00:00,105612.04459136745
2024-07-11 00:00:00+00:00,105612.04459136745
2024-07-11 04:00:00+00:00,105624.40747269618
2024-07-11 08:00:00+00:00,105633.53245653406
2024-07-11 12:00:00+00:00,105625.87924428294
2024-07-11 16:00:00+00:00,105633.23810221671
2024-07-11 20:00:00+00:00,105633.53245653406
2024-07-12 00:00:00+00:00,105640.00825151577
2024-07-12 04:00:00+00:00,105641.77437741988
2024-07-12 08:00:00+00:00,105665.82901348903
2024-07-12 12:00:00+00:00,105666.86516861804
2024-07-12 16:00:00+00:00,105711.25209399321
2024-07-12 20:00:00+00:00,105728.95707227977
2024-07-13 00:00:00+00:00,105771.13042525655
2024-07-13 04:00:00+00:00,105878.70761184304
2024-07-13 08:00:00+00:00,105836.50322265585
2024-07-13 12:00:00+00:00,105963.85181577875
2024-07-13 16:00:00+00:00,106075.04519517458
2024-07-13 20:00:00+00:00,105946.61516225136
2024-07-14 00:00:00+00:00,105896.6854891647
2024-07-14 04:00:00+00:00,105926.28354941221
2024-07-14 08:00:00+00:00,105920.26909478143
2024-07-14 12:00:00+00:00,105909.18287416821
2024-07-14 16:00:00+00:00,105935.25925003711
2024-07-14 20:00:00+00:00,105902.58790832394
2024-07-15 00:00:00+00:00,105952.08924717864
2024-07-15 04:00:00+00:00,105972.04138809309
2024-07-15 08:00:00+00:00,105937.22203048623
2024-07-15 12:00:00+00:00,105940.10602930724
2024-07-15 16:00:00+00:00,106040.73129467161
2024-07-15 20:00:00+00:00,106146.19387663725
2024-07-16 00:00:00+00:00,106296.43949843406
2024-07-16 04:00:00+00:00,106034.1642331936
2024-07-16 08:00:00+00:00,106078.90869649663
2024-07-16 12:00:00+00:00,106292.86339803683
2024-07-16 16:00:00+00:00,106278.57659041675
2024-07-16 20:00:00+00:00,106251.22093868308
2024-07-17 00:00:00+00:00,106287.0170886696
2024-07-17 04:00:00+00:00,106350.06906245531
2024-07-17 08:00:00+00:00,106329.98823461824
2024-07-17 12:00:00+00:00,106270.92904994593
2024-07-17 16:00:00+00:00,106313.14951913503
2024-07-17 20:00:00+00:00,106311.29572866841
2024-07-18 00:00:00+00:00,106297.69539260927
2024-07-18 04:00:00+00:00,106177.7705514192
2024-07-18 08:00:00+00:00,106188.84578157649
2024-07-18 12:00:00+00:00,106070.56605176882
2024-07-18 16:00:00+00:00,106071.30776129744
2024-07-18 20:00:00+00:00,106071.92338175683
2024-07-19 00:00:00+00:00,106029.75338028852
2024-07-19 04:00:00+00:00,106009.74571535831
2024-07-19 08:00:00+00:00,106007.20989681008
2024-07-19 12:00:00+00:00,106007.20989681008
2024-07-19 16:00:00+00:00,106017.4186120315
2024-07-19 20:00:00+00:00,106007.77876354875
2024-07-20 00:00:00+00:00,106011.41224489994
2024-07-20 04:00:00+00:00,106003.70036611373
2024-07-20 08:00:00+00:00,105999.69612135936
2024-07-20 12:00:00+00:00,106008.8910537583
2024-07-20 16:00:00+00:00,106032.17499547818
2024-07-20 20:00:00+00:00,106041.07331715457
2024-07-21 00:00:00+00:00,106037.51398848402
2024-07-21 04:00:00+00:00,106024.01820060816
2024-07-21 08:00:00+00:00,106035.73432414874
2024-07-21 12:00:00+00:00,106054.64325771105
2024-07-21 16:00:00+00:00,106073.92295467657
2024-07-21 20:00:00+00:00,106121.82558636779
2024-07-22 00:00:00+00:00,106095.57553742244
2024-07-22 04:00:00+00:00,106076.66660386013
2024-07-22 08:00:00+00:00,106092.90604091952
2024-07-22 12:00:00+00:00,106087.34458987179
2024-07-22 16:00:00+00:00,106109.73869942402
2024-07-22 20:00:00+00:00,106080.37423789194
2024-07-23 00:00:00+00:00,106081.63483346277
2024-07-23 04:00:00+00:00,106045.95887919991
2024-07-23 08:00:00+00:00,106045.95887919991
2024-07-23 12:00:00+00:00,106045.95887919991
2024-07-23 16:00:00+00:00,106045.95887919991
2024-07-23 20:00:00+00:00,106045.95887919991
2024-07-24 00:00:00+00:00,106045.95887919991
2024-07-24 04:00:00+00:00,106045.95887919991
2024-07-24 08:00:00+00:00,106045.95887919991
2024-07-24 12:00:00+00:00,106045.95887919991
2024-07-24 16:00:00+00:00,106045.95887919991
2024-07-24 20:00:00+00:00,106045.95887919991
2024-07-25 00:00:00+00:00,106045.95887919991
2024-07-25 04:00:00+00:00,106045.95887919991
2024-07-25 08:00:00+00:00,106045.95887919991
2024-07-25 12:00:00+00:00,106045.95887919991
2024-07-25 16:00:00+00:00,106045.95887919991
2024-07-25 20:00:00+00:00,106045.95887919991
2024-07-26 00:00:00+00:00,106045.95887919991
2024-07-26 04:00:00+00:00,106045.95887919991
2024-07-26 08:00:00+00:00,106045.95887919991
2024-07-26 12:00:00+00:00,106045.95887919991
2024-07-26 16:00:00+00:00,106045.95887919991
2024-07-26 20:00:00+00:00,106045.95887919991
2024-07-27 00:00:00+00:00,106045.95887919991
2024-07-27 04:00:00+00:00,106045.95887919991
2024-07-27 08:00:00+00:00,106045.95887919991
2024-07-27 12:00:00+00:00,106045.95887919991
2024-07-27 16:00:00+00:00,106045.95887919991
2024-07-27 20:00:00+00:00,106045.95887919991
2024-07-28 00:00:00+00:00,106045.95887919991
2024-07-28 04:00:00+00:00,106045.95887919991
2024-07-28 08:00:00+00:00,106045.95887919991
2024-07-28 12:00:00+00:00,106045.95887919991
2024-07-28 16:00:00+00:00,106045.95887919991
2024-07-28 20:00:00+00:00,106045.95887919991
2024-07-29 00:00:00+00:00,106045.95887919991
2024-07-29 04:00:00+00:00,106044.42887039507
2024-07-29 08:00:00+00:00,106034.25118185382
2024-07-29 12:00:00+00:00,106008.33825115996
2024-07-29 16:00:00+00:00,106007.93650029649
2024-07-29 20:00:00+00:00,105979.27827203558
2024-07-30 00:00:00+00:00,105977.44489067473
2024-07-30 04:00:00+00:00,105977.44489067473
2024-07-30 08:00:00+00:00,105977.44489067473
2024-07-30 12:00:00+00:00,105977.44489067473
2024-07-30 16:00:00+00:00,105977.44489067473
2024-07-30 20:00:00+00:00,105977.44489067473
2024-07-31 00:00:00+00:00,105977.44489067473
2024-07-31 04:00:00+00:00,105977.44489067473
2024-07-31 08:00:00+00:00,105977.44489067473
2024-07-31 12:00:00+00:00,105977.44489067473
2024-07-31 16:00:00+00:00,105977.44489067473
2024-07-31 20:00:00+00:00,105977.44489067473
2024-08-01 00:00:00+00:00,105977.44489067473
2024-08-01 04:00:00+00:00,105977.44489067473
2024-08-01 08:00:00+00:00,105977.44489067473
2024-08-01 12:00:00+00:00,105977.44489067473
2024-08-01 16:00:00+00:00,105977.44489067473
2024-08-01 20:00:00+00:00,105977.44489067473
2024-08-02 00:00:00+00:00,105977.44489067473
2024-08-02 04:00:00+00:00,105977.44489067473
2024-08-02 08:00:00+00:00,105977.44489067473
2024-08-02 12:00:00+00:00,105977.44489067473
2024-08-02 16:00:00+00:00,105977.44489067473
2024-08-02 20:00:00+00:00,105977.44489067473
2024-08-03 00:00:00+00:00,105977.44489067473
2024-08-03 04:00:00+00:00,105977.44489067473
2024-08-03 08:00:00+00:00,105977.44489067473
2024-08-03 12:00:00+00:00,105977.44489067473
2024-08-03 16:00:00+00:00,105977.44489067473
2024-08-03 20:00:00+00:00,105977.44489067473
2024-08-04 00:00:00+00:00,105977.44489067473
2024-08-04 04:00:00+00:00,105977.44489067473
2024-08-04 08:00:00+00:00,105977.44489067473
2024-08-04 12:00:00+00:00,105977.44489067473
2024-08-04 16:00:00+00:00,105977.44489067473
2024-08-04 20:00:00+00:00,105977.44489067473
2024-08-05 00:00:00+00:00,105977.44489067473
2024-08-05 04:00:00+00:00,105977.44489067473
2024-08-05 08:00:00+00:00,105977.44489067473
2024-08-05 12:00:00+00:00,105977.44489067473
2024-08-05 16:00:00+00:00,105977.44489067473
2024-08-05 20:00:00+00:00,105977.44489067473
2024-08-06 00:00:00+00:00,105977.44489067473
2024-08-06 04:00:00+00:00,105977.44489067473
2024-08-06 08:00:00+00:00,105977.44489067473
2024-08-06 12:00:00+00:00,105977.44489067473
2024-08-06 16:00:00+00:00,105977.44489067473
2024-08-06 20:00:00+00:00,105977.44489067473
2024-08-07 00:00:00+00:00,105977.44489067473
2024-08-07 04:00:00+00:00,105977.44489067473
2024-08-07 08:00:00+00:00,105977.44489067473
2024-08-07 12:00:00+00:00,105977.44489067473
2024-08-07 16:00:00+00:00,105977.44489067473
2024-08-07 20:00:00+00:00,105977.44489067473
2024-08-08 00:00:00+00:00,105977.44489067473
2024-08-08 04:00:00+00:00,105977.44489067473
2024-08-08 08:00:00+00:00,105977.44489067473
2024-08-08 12:00:00+00:00,105977.44489067473
2024-08-08 16:00:00+00:00,105977.44489067473
2024-08-08 20:00:00+00:00,105977.44489067473
2024-08-09 00:00:00+00:00,105977.44489067473
2024-08-09 04:00:00+00:00,105977.44489067473
2024-08-09 08:00:00+00:00,105977.44489067473
2024-08-09 12:00:00+00:00,105977.44489067473
2024-08-09 16:00:00+00:00,105977.44489067473
2024-08-09 20:00:00+00:00,105977.44489067473
2024-08-10 00:00:00+00:00,105977.44489067473
2024-08-10 04:00:00+00:00,105977.44489067473
2024-08-10 08:00:00+00:00,105977.44489067473
2024-08-10 12:00:00+00:00,105977.44489067473
2024-08-10 16:00:00+00:00,105977.44489067473
2024-08-10 20:00:00+00:00,105977.44489067473
2024-08-11 00:00:00+00:00,105977.44489067473
2024-08-11 04:00:00+00:00,105977.44489067473
2024-08-11 08:00:00+00:00,105977.44489067473
2024-08-11 12:00:00+00:00,105977.44489067473
2024-08-11 16:00:00+00:00,105977.44489067473
2024-08-11 20:00:00+00:00,105977.44489067473
2024-08-12 00:00:00+00:00,105977.44489067473
2024-08-12 04:00:00+00:00,105977.44489067473
2024-08-12 08:00:00+00:00,105977.44489067473
2024-08-12 12:00:00+00:00,105977.44489067473
2024-08-12 16:00:00+00:00,105977.44489067473
2024-08-12 20:00:00+00:00,105977.44489067473
2024-08-13 00:00:00+00:00,105977.44489067473
2024-08-13 04:00:00+00:00,105977.44489067473
2024-08-13 08:00:00+00:00,105977.44489067473
2024-08-13 12:00:00+00:00,105977.44489067473
2024-08-13 16:00:00+00:00,105977.44489067473
2024-08-13 20:00:00+00:00,105977.44489067473
2024-08-14 00:00:00+00:00,105977.44489067473
2024-08-14 04:00:00+00:00,105977.44489067473
2024-08-14 08:00:00+00:00,105977.44489067473
2024-08-14 12:00:00+00:00,105977.44489067473
2024-08-14 16:00:00+00:00,105978.3164706701
2024-08-14 20:00:00+00:00,105973.73528049646
2024-08-15 00:00:00+00:00,105980.30829248473
2024-08-15 04:00:00+00:00,105972.14182304477
2024-08-15 08:00:00+00:00,105997.63714227194
2024-08-15 12:00:00+00:00,106011.18153061139
2024-08-15 16:00:00+00:00,105977.51974194424
2024-08-15 20:00:00+00:00,105999.03141754218
2024-08-16 00:00:00+00:00,105998.4338709978
2024-08-16 04:00:00+00:00,106000.82405717534
2024-08-16 08:00:00+00:00,106006.60034043776
2024-08-16 12:00:00+00:00,106007.3970691636
2024-08-16 16:00:00+00:00,106026.51855858398
2024-08-16 20:00:00+00:00,106022.33573277328
2024-08-17 00:00:00+00:00,106013.97008115186
2024-08-17 04:00:00+00:00,106024.3275545879
2024-08-17 08:00:00+00:00,106038.0711251088
2024-08-17 12:00:00+00:00,106040.06294692343
2024-08-17 16:00:00+00:00,106041.05885783074
2024-08-17 20:00:00+00:00,106043.44904400829
2024-08-18 00:00:00+00:00,106044.04659055267
2024-08-18 04:00:00+00:00,106038.86785383464
2024-08-18 08:00:00+00:00,106044.04659055267
2024-08-18 12:00:00+00:00,106032.09565966493
2024-08-18 16:00:00+00:00,106024.12837240644
2024-08-18 20:00:00+00:00,106019.34800005134
2024-08-19 00:00:00+00:00,106015.56353860356
2024-08-19 04:00:00+00:00,106023.92919022497
2024-08-19 08:00:00+00:00,106028.51038039861
2024-08-19 12:00:00+00:00,105999.2469933054
2024-08-19 16:00:00+00:00,106079.22328913282
2024-08-19 20:00:00+00:00,106054.53165378656
2024-08-20 00:00:00+00:00,106095.45651105621
2024-08-20 04:00:00+00:00,106097.41573641448
2024-08-20 08:00:00+00:00,106082.58349318482
2024-08-20 12:00:00+00:00,106009.63265787481
2024-08-20 16:00:00+00:00,106041.34360046306
2024-08-20 20:00:00+00:00,106021.6710712648
2024-08-21 00:00:00+00:00,106027.5434680404
2024-08-21 04:00:00+00:00,106034.59034417113
2024-08-21 08:00:00+00:00,105987.79667848519
2024-08-21 12:00:00+00:00,106008.97955937096
2024-08-21 16:00:00+00:00,106130.05322390998
2024-08-21 20:00:00+00:00,106086.13260229753
2024-08-22 00:00:00+00:00,106082.19097774636
2024-08-22 04:00:00+00:00,106076.43425463057
2024-08-22 08:00:00+00:00,106118.09044412867
2024-08-22 12:00:00+00:00,106076.97032721865
2024-08-22 16:00:00+00:00,106089.74501345238
2024-08-22 20:00:00+00:00,106114.51139248021
2024-08-23 00:00:00+00:00,106110.98350792125
2024-08-23 04:00:00+00:00,106149.42989921833
2024-08-23 08:00:00+00:00,106128.57399767773
2024-08-23 12:00:00+00:00,106149.80804565299
2024-08-23 16:00:00+00:00,106257.0117817718
2024-08-23 20:00:00+00:00,106283.4728719257
2024-08-24 00:00:00+00:00,106259.84642757346
2024-08-24 04:00:00+00:00,106265.45569905224
2024-08-24 08:00:00+00:00,106272.39743639478
2024-08-24 12:00:00+00:00,106330.02813169797
2024-08-24 16:00:00+00:00,106402.27228465614
2024-08-24 20:00:00+00:00,106327.28972705126
2024-08-25 00:00:00+00:00,106229.3626982146
2024-08-25 04:00:00+00:00,106093.04962524222
2024-08-25 08:00:00+00:00,106134.33773471441
2024-08-25 12:00:00+00:00,106217.0269193086
2024-08-25 16:00:00+00:00,106194.05424545973
2024-08-25 20:00:00+00:00,106183.05074894182
2024-08-26 00:00:00+00:00,106178.88250141323
2024-08-26 04:00:00+00:00,106113.40949508997
2024-08-26 08:00:00+00:00,106131.4004336618
2024-08-26 12:00:00+00:00,106078.55482852737
2024-08-26 16:00:00+00:00,106081.92232951136
2024-08-26 20:00:00+00:00,106072.81026802528
2024-08-27 00:00:00+00:00,106087.56784586687
2024-08-27 04:00:00+00:00,106079.24813755348
2024-08-27 08:00:00+00:00,106039.5257748089
2024-08-27 12:00:00+00:00,106039.5257748089
2024-08-27 16:00:00+00:00,106039.5257748089
2024-08-27 20:00:00+00:00,106039.5257748089
2024-08-28 00:00:00+00:00,106039.5257748089
2024-08-28 04:00:00+00:00,106039.5257748089
2024-08-28 08:00:00+00:00,106039.5257748089
2024-08-28 12:00:00+00:00,106039.5257748089
2024-08-28 16:00:00+00:00,106039.5257748089
2024-08-28 20:00:00+00:00,106039.5257748089
2024-08-29 00:00:00+00:00,106039.5257748089
2024-08-29 04:00:00+00:00,106039.5257748089
2024-08-29 08:00:00+00:00,106039.5257748089
2024-08-29 12:00:00+00:00,106039.5257748089
2024-08-29 16:00:00+00:00,106039.5257748089
2024-08-29 20:00:00+00:00,106039.5257748089
2024-08-30 00:00:00+00:00,106039.5257748089
2024-08-30 04:00:00+00:00,106039.5257748089
2024-08-30 08:00:00+00:00,106039.5257748089
2024-08-30 12:00:00+00:00,106039.5257748089
2024-08-30 16:00:00+00:00,106039.5257748089
2024-08-30 20:00:00+00:00,106039.5257748089
2024-08-31 00:00:00+00:00,106039.5257748089
2024-08-31 04:00:00+00:00,106039.5257748089
2024-08-31 08:00:00+00:00,106039.5257748089
2024-08-31 12:00:00+00:00,106039.5257748089
2024-08-31 16:00:00+00:00,106039.5257748089
2024-08-31 20:00:00+00:00,106039.5257748089
2024-09-01 00:00:00+00:00,106039.5257748089
2024-09-01 04:00:00+00:00,106039.5257748089
2024-09-01 08:00:00+00:00,106039.5257748089
2024-09-01 12:00:00+00:00,106039.5257748089
2024-09-01 16:00:00+00:00,106039.5257748089
2024-09-01 20:00:00+00:00,106039.5257748089
2024-09-02 00:00:00+00:00,106039.5257748089
2024-09-02 04:00:00+00:00,106039.5257748089
2024-09-02 08:00:00+00:00,106039.5257748089
2024-09-02 12:00:00+00:00,106039.5257748089
2024-09-02 16:00:00+00:00,106039.5257748089
2024-09-02 20:00:00+00:00,106039.5257748089
2024-09-03 00:00:00+00:00,106039.5257748089
2024-09-03 04:00:00+00:00,106039.5257748089
2024-09-03 08:00:00+00:00,106039.5257748089
2024-09-03 12:00:00+00:00,106039.5257748089
2024-09-03 16:00:00+00:00,106039.5257748089
2024-09-03 20:00:00+00:00,106039.5257748089
2024-09-04 00:00:00+00:00,106039.5257748089
2024-09-04 04:00:00+00:00,106039.5257748089
2024-09-04 08:00:00+00:00,106039.5257748089
2024-09-04 12:00:00+00:00,106039.5257748089
2024-09-04 16:00:00+00:00,106039.5257748089
2024-09-04 20:00:00+00:00,106039.5257748089
2024-09-05 00:00:00+00:00,106039.5257748089
2024-09-05 04:00:00+00:00,106039.5257748089
2024-09-05 08:00:00+00:00,106039.5257748089
2024-09-05 12:00:00+00:00,106039.5257748089
2024-09-05 16:00:00+00:00,106039.5257748089
2024-09-05 20:00:00+00:00,106039.5257748089
2024-09-06 00:00:00+00:00,106039.5257748089
2024-09-06 04:00:00+00:00,106039.5257748089
2024-09-06 08:00:00+00:00,106039.5257748089
2024-09-06 12:00:00+00:00,106039.5257748089
2024-09-06 16:00:00+00:00,106039.5257748089
2024-09-06 20:00:00+00:00,106039.5257748089
2024-09-07 00:00:00+00:00,106039.5257748089
2024-09-07 04:00:00+00:00,106039.5257748089
2024-09-07 08:00:00+00:00,106039.5257748089
2024-09-07 12:00:00+00:00,106039.5257748089
2024-09-07 16:00:00+00:00,106039.5257748089
2024-09-07 20:00:00+00:00,106039.5257748089
2024-09-08 00:00:00+00:00,106039.5257748089
2024-09-08 04:00:00+00:00,106039.5257748089
2024-09-08 08:00:00+00:00,106039.5257748089
2024-09-08 12:00:00+00:00,106039.5257748089
2024-09-08 16:00:00+00:00,106039.5257748089
2024-09-08 20:00:00+00:00,106039.5257748089
2024-09-09 00:00:00+00:00,106039.5257748089
2024-09-09 04:00:00+00:00,106039.5257748089
2024-09-09 08:00:00+00:00,106039.5257748089
2024-09-09 12:00:00+00:00,106039.5257748089
2024-09-09 16:00:00+00:00,106039.5257748089
2024-09-09 20:00:00+00:00,106039.5257748089
2024-09-10 00:00:00+00:00,106039.5257748089
2024-09-10 04:00:00+00:00,106039.5257748089
2024-09-10 08:00:00+00:00,106039.5257748089
2024-09-10 12:00:00+00:00,106039.5257748089
2024-09-10 16:00:00+00:00,106039.5257748089
2024-09-10 20:00:00+00:00,106039.5257748089
2024-09-11 00:00:00+00:00,106039.5257748089
2024-09-11 04:00:00+00:00,106039.5257748089
2024-09-11 08:00:00+00:00,106039.5257748089
2024-09-11 12:00:00+00:00,106039.5257748089
2024-09-11 16:00:00+00:00,106039.5257748089
2024-09-11 20:00:00+00:00,106039.5257748089
2024-09-12 00:00:00+00:00,106039.5257748089
2024-09-12 04:00:00+00:00,106039.5257748089
2024-09-12 08:00:00+00:00,106039.5257748089
2024-09-12 12:00:00+00:00,106039.5257748089
2024-09-12 16:00:00+00:00,106039.5257748089
2024-09-12 20:00:00+00:00,106039.5257748089
2024-09-13 00:00:00+00:00,106039.5257748089
2024-09-13 04:00:00+00:00,106039.5257748089
2024-09-13 08:00:00+00:00,106039.5257748089
2024-09-13 12:00:00+00:00,106039.5257748089
2024-09-13 16:00:00+00:00,105993.35556206066
2024-09-13 20:00:00+00:00,106039.54955871409
2024-09-14 00:00:00+00:00,106037.70563591138
2024-09-14 04:00:00+00:00,106033.92759694705
2024-09-14 08:00:00+00:00,106003.97982125128
2024-09-14 12:00:00+00:00,106036.9909424553
2024-09-14 16:00:00+00:00,106010.05598280828
2024-09-14 20:00:00+00:00,106019.73158498363
2024-09-15 00:00:00+00:00,106019.43609333699
2024-09-15 04:00:00+00:00,106012.94581894156
2024-09-15 08:00:00+00:00,105953.67919904532
2024-09-15 12:00:00+00:00,105961.16913064448
2024-09-15 16:00:00+00:00,105937.88258808768
2024-09-15 20:00:00+00:00,105876.66477476324
2024-09-16 00:00:00+00:00,105873.88465820695
2024-09-16 04:00:00+00:00,105873.88465820695
2024-09-16 08:00:00+00:00,105873.88465820695
2024-09-16 12:00:00+00:00,105873.88465820695
2024-09-16 16:00:00+00:00,105873.88465820695
2024-09-16 20:00:00+00:00,105873.88465820695
2024-09-17 00:00:00+00:00,105873.88465820695
2024-09-17 04:00:00+00:00,105873.88465820695
2024-09-17 08:00:00+00:00,105873.88465820695
2024-09-17 12:00:00+00:00,105873.88465820695
2024-09-17 16:00:00+00:00,105873.88465820695
2024-09-17 20:00:00+00:00,105873.88465820695
2024-09-18 00:00:00+00:00,105873.88465820695
2024-09-18 04:00:00+00:00,105873.88465820695
2024-09-18 08:00:00+00:00,105873.88465820695
2024-09-18 12:00:00+00:00,105873.88465820695
2024-09-18 16:00:00+00:00,105873.88465820695
2024-09-18 20:00:00+00:00,105873.88465820695
2024-09-19 00:00:00+00:00,105873.88465820695
2024-09-19 04:00:00+00:00,105873.88465820695
2024-09-19 08:00:00+00:00,105873.88465820695
2024-09-19 12:00:00+00:00,105886.55673564368
2024-09-19 16:00:00+00:00,105889.72565900531
2024-09-19 20:00:00+00:00,105880.3661596583
2024-09-20 00:00:00+00:00,105905.05651219984
2024-09-20 04:00:00+00:00,105897.75941553533
2024-09-20 08:00:00+00:00,105895.46156337793
2024-09-20 12:00:00+00:00,105886.77718248623
2024-09-20 16:00:00+00:00,105875.79250002778
2024-09-20 20:00:00+00:00,105888.07047062917
2024-09-21 00:00:00+00:00,105878.64514340558
2024-09-21 04:00:00+00:00,105884.25765878161
2024-09-21 08:00:00+00:00,105884.5702646514
2024-09-21 12:00:00+00:00,105887.13571478154
2024-09-21 16:00:00+00:00,105878.98403574899
2024-09-21 20:00:00+00:00,105904.06759433058
2024-09-22 00:00:00+00:00,105861.22128505292
2024-09-22 04:00:00+00:00,105841.40509037393
2024-09-22 08:00:00+00:00,105810.68706763582
2024-09-22 12:00:00+00:00,105772.51010259787
2024-09-22 16:00:00+00:00,105831.82198031021
2024-09-22 20:00:00+00:00,105837.49653941557
2024-09-23 00:00:00+00:00,105934.44732066728
2024-09-23 04:00:00+00:00,105858.35219420129
2024-09-23 08:00:00+00:00,105838.9909890409
2024-09-23 12:00:00+00:00,105885.71588301187
2024-09-23 16:00:00+00:00,105859.0401799435
2024-09-23 20:00:00+00:00,105832.53748164406
2024-09-24 00:00:00+00:00,105800.34473056169
2024-09-24 04:00:00+00:00,105832.5363257567
2024-09-24 08:00:00+00:00,105820.39237303702
2024-09-24 12:00:00+00:00,105768.10839119769
2024-09-24 16:00:00+00:00,105831.71947738886
2024-09-24 20:00:00+00:00,105833.50625275755
2024-09-25 00:00:00+00:00,105834.06481636823
2024-09-25 04:00:00+00:00,105795.80979728147
2024-09-25 08:00:00+00:00,105800.42108544306
2024-09-25 12:00:00+00:00,105769.70767582953
2024-09-25 16:00:00+00:00,105733.44438883146
2024-09-25 20:00:00+00:00,105732.20621239915
2024-09-26 00:00:00+00:00,105743.3727635027
2024-09-26 04:00:00+00:00,105754.08035652712
2024-09-26 08:00:00+00:00,105771.03534850116
2024-09-26 12:00:00+00:00,105839.67789667576
2024-09-26 16:00:00+00:00,105801.58903842131
2024-09-26 20:00:00+00:00,105839.04536931662
2024-09-27 00:00:00+00:00,105887.05275665363
2024-09-27 04:00:00+00:00,105959.19561494653
2024-09-27 08:00:00+00:00,105919.81709193379
2024-09-27 12:00:00+00:00,106030.2099813933
2024-09-27 16:00:00+00:00,105954.5032671431
2024-09-27 20:00:00+00:00,105952.86776760161
2024-09-28 00:00:00+00:00,106017.37237998773
2024-09-28 04:00:00+00:00,105899.82621908736
2024-09-28 08:00:00+00:00,105992.0016200284
2024-09-28 12:00:00+00:00,106075.52719653741
2024-09-28 16:00:00+00:00,106080.69516246073
2024-09-28 20:00:00+00:00,106022.1003792551
2024-09-29 00:00:00+00:00,106047.11124989462
2024-09-29 04:00:00+00:00,105994.2059418702
2024-09-29 08:00:00+00:00,106025.42159179329
2024-09-29 12:00:00+00:00,106150.31729427588
2024-09-29 16:00:00+00:00,106194.79784387171
2024-09-29 20:00:00+00:00,106057.87954489187
2024-09-30 00:00:00+00:00,105968.34319391112
2024-09-30 04:00:00+00:00,105981.22075295301
2024-09-30 08:00:00+00:00,105884.09060459239
2024-09-30 12:00:00+00:00,105797.05002158639
2024-09-30 16:00:00+00:00,105811.1903810516
2024-09-30 20:00:00+00:00,105774.11183562178
2024-10-01 00:00:00+00:00,105813.21284716595
2024-10-01 04:00:00+00:00,105831.75211988087
2024-10-01 08:00:00+00:00,105832.42627525232
2024-10-01 12:00:00+00:00,105738.16838317068
2024-10-01 16:00:00+00:00,105738.16838317068
2024-10-01 20:00:00+00:00,105738.16838317068
2024-10-02 00:00:00+00:00,105738.16838317068
2024-10-02 04:00:00+00:00,105738.16838317068
2024-10-02 08:00:00+00:00,105738.16838317068
2024-10-02 12:00:00+00:00,105738.16838317068
2024-10-02 16:00:00+00:00,105738.16838317068
2024-10-02 20:00:00+00:00,105738.16838317068
2024-10-03 00:00:00+00:00,105738.16838317068
2024-10-03 04:00:00+00:00,105738.16838317068
2024-10-03 08:00:00+00:00,105738.16838317068
2024-10-03 12:00:00+00:00,105738.16838317068
2024-10-03 16:00:00+00:00,105738.16838317068
2024-10-03 20:00:00+00:00,105738.16838317068
2024-10-04 00:00:00+00:00,105738.16838317068
2024-10-04 04:00:00+00:00,105738.16838317068
2024-10-04 08:00:00+00:00,105738.16838317068
2024-10-04 12:00:00+00:00,105738.16838317068
2024-10-04 16:00:00+00:00,105738.16838317068
2024-10-04 20:00:00+00:00,105738.16838317068
2024-10-05 00:00:00+00:00,105738.16838317068
2024-10-05 04:00:00+00:00,105738.16838317068
2024-10-05 08:00:00+00:00,105738.16838317068
2024-10-05 12:00:00+00:00,105738.16838317068
2024-10-05 16:00:00+00:00,105738.16838317068
2024-10-05 20:00:00+00:00,105738.16838317068
2024-10-06 00:00:00+00:00,105738.16838317068
2024-10-06 04:00:00+00:00,105738.16838317068
2024-10-06 08:00:00+00:00,105738.16838317068
2024-10-06 12:00:00+00:00,105738.16838317068
2024-10-06 16:00:00+00:00,105738.16838317068
2024-10-06 20:00:00+00:00,105738.16838317068
2024-10-07 00:00:00+00:00,105738.16838317068
2024-10-07 04:00:00+00:00,105738.16838317068
2024-10-07 08:00:00+00:00,105738.16838317068
2024-10-07 12:00:00+00:00,105738.16838317068
2024-10-07 16:00:00+00:00,105738.16838317068
2024-10-07 20:00:00+00:00,105738.16838317068
2024-10-08 00:00:00+00:00,105738.16838317068
2024-10-08 04:00:00+00:00,105738.16838317068
2024-10-08 08:00:00+00:00,105738.16838317068
2024-10-08 12:00:00+00:00,105738.16838317068
2024-10-08 16:00:00+00:00,105738.16838317068
2024-10-08 20:00:00+00:00,105738.16838317068
2024-10-09 00:00:00+00:00,105738.16838317068
2024-10-09 04:00:00+00:00,105738.16838317068
2024-10-09 08:00:00+00:00,105738.16838317068
2024-10-09 12:00:00+00:00,105738.16838317068
2024-10-09 16:00:00+00:00,105738.16838317068
2024-10-09 20:00:00+00:00,105738.16838317068
2024-10-10 00:00:00+00:00,105738.16838317068
2024-10-10 04:00:00+00:00,105738.16838317068
2024-10-10 08:00:00+00:00,105738.16838317068
2024-10-10 12:00:00+00:00,105738.16838317068
2024-10-10 16:00:00+00:00,105738.16838317068
2024-10-10 20:00:00+00:00,105738.16838317068
2024-10-11 00:00:00+00:00,105738.16838317068
2024-10-11 04:00:00+00:00,105738.16838317068
2024-10-11 08:00:00+00:00,105738.16838317068
2024-10-11 12:00:00+00:00,105738.16838317068
2024-10-11 16:00:00+00:00,105738.16838317068
2024-10-11 20:00:00+00:00,105738.16838317068
2024-10-12 00:00:00+00:00,105738.16838317068
2024-10-12 04:00:00+00:00,105738.16838317068
2024-10-12 08:00:00+00:00,105738.16838317068
2024-10-12 12:00:00+00:00,105738.16838317068
2024-10-12 16:00:00+00:00,105738.16838317068
2024-10-12 20:00:00+00:00,105738.16838317068
2024-10-13 00:00:00+00:00,105738.16838317068
2024-10-13 04:00:00+00:00,105738.16838317068
2024-10-13 08:00:00+00:00,105738.16838317068
2024-10-13 12:00:00+00:00,105738.16838317068
2024-10-13 16:00:00+00:00,105738.16838317068
2024-10-13 20:00:00+00:00,105738.16838317068
2024-10-14 00:00:00+00:00,105738.16838317068
2024-10-14 04:00:00+00:00,105748.63570761765
2024-10-14 08:00:00+00:00,105771.84488979916
2024-10-14 12:00:00+00:00,105946.33247736646
2024-10-14 16:00:00+00:00,105934.79938187958
2024-10-14 20:00:00+00:00,105967.5107384066
2024-10-15 00:00:00+00:00,105917.20270353611
2024-10-15 04:00:00+00:00,105923.66555460363
2024-10-15 08:00:00+00:00,105834.54851307062
2024-10-15 12:00:00+00:00,105849.0284544557
2024-10-15 16:00:00+00:00,105935.63424917235
2024-10-15 20:00:00+00:00,106019.34115119764
2024-10-16 00:00:00+00:00,106027.87886432889
2024-10-16 04:00:00+00:00,106060.82707244753
2024-10-16 08:00:00+00:00,106231.45319761353
2024-10-16 12:00:00+00:00,106176.5926069015
2024-10-16 16:00:00+00:00,106209.8762930945
2024-10-16 20:00:00+00:00,106170.979111682
2024-10-17 00:00:00+00:00,106200.58093371241
2024-10-17 04:00:00+00:00,106129.60028948238
2024-10-17 08:00:00+00:00,106070.2568224182
2024-10-17 12:00:00+00:00,106178.93669526502
2024-10-17 16:00:00+00:00,106150.76687969691
2024-10-17 20:00:00+00:00,106274.94541680742
2024-10-18 00:00:00+00:00,106341.65295338958
2024-10-18 04:00:00+00:00,106408.3025709367
2024-10-18 08:00:00+00:00,106348.68647652782
2024-10-18 12:00:00+00:00,106517.15403560233
2024-10-18 16:00:00+00:00,106498.46578397429
2024-10-18 20:00:00+00:00,106482.72787953867
2024-10-19 00:00:00+00:00,106618.88614942365
2024-10-19 04:00:00+00:00,106618.30712906255
2024-10-19 08:00:00+00:00,106577.02337797121
2024-10-19 12:00:00+00:00,106626.39363104267
2024-10-19 16:00:00+00:00,106561.82755763069
2024-10-19 20:00:00+00:00,106638.13090881125
2024-10-20 00:00:00+00:00,106579.57296578783
2024-10-20 04:00:00+00:00,106599.09123700656
2024-10-20 08:00:00+00:00,106620.3723699322
2024-10-20 12:00:00+00:00,106604.58518191792
2024-10-20 16:00:00+00:00,106612.5493053182
2024-10-20 20:00:00+00:00,106711.75429823941
2024-10-21 00:00:00+00:00,106739.11543588428
2024-10-21 04:00:00+00:00,106720.79343389419
2024-10-21 08:00:00+00:00,106662.64813512717
2024-10-21 12:00:00+00:00,106552.58435813627
2024-10-21 16:00:00+00:00,106601.37638964396
2024-10-21 20:00:00+00:00,106590.47905492353
2024-10-22 00:00:00+00:00,106558.1665415432
2024-10-22 04:00:00+00:00,106551.26809782778
2024-10-22 08:00:00+00:00,106509.70918081052
2024-10-22 12:00:00+00:00,106468.48677324278
2024-10-22 16:00:00+00:00,106425.98818286594
2024-10-22 20:00:00+00:00,106425.98818286594
2024-10-23 00:00:00+00:00,106425.98818286594
2024-10-23 04:00:00+00:00,106425.98818286594
2024-10-23 08:00:00+00:00,106425.98818286594
2024-10-23 12:00:00+00:00,106425.98818286594
2024-10-23 16:00:00+00:00,106425.98818286594
2024-10-23 20:00:00+00:00,106425.98818286594
2024-10-24 00:00:00+00:00,106425.98818286594
2024-10-24 04:00:00+00:00,106425.98818286594
2024-10-24 08:00:00+00:00,106425.98818286594
2024-10-24 12:00:00+00:00,106425.98818286594
2024-10-24 16:00:00+00:00,106425.98818286594
2024-10-24 20:00:00+00:00,106425.98818286594
2024-10-25 00:00:00+00:00,106425.98818286594
2024-10-25 04:00:00+00:00,106425.98818286594
2024-10-25 08:00:00+00:00,106425.98818286594
2024-10-25 12:00:00+00:00,106425.98818286594
2024-10-25 16:00:00+00:00,106425.98818286594
2024-10-25 20:00:00+00:00,106425.98818286594
2024-10-26 00:00:00+00:00,106425.98818286594
2024-10-26 04:00:00+00:00,106425.98818286594
2024-10-26 08:00:00+00:00,106425.98818286594
2024-10-26 12:00:00+00:00,106425.98818286594
2024-10-26 16:00:00+00:00,106425.98818286594
2024-10-26 20:00:00+00:00,106425.98818286594
2024-10-27 00:00:00+00:00,106425.98818286594
2024-10-27 04:00:00+00:00,106425.98818286594
2024-10-27 08:00:00+00:00,106425.98818286594
2024-10-27 12:00:00+00:00,106425.98818286594
2024-10-27 16:00:00+00:00,106425.98818286594
2024-10-27 20:00:00+00:00,106425.98818286594
2024-10-28 00:00:00+00:00,106425.98818286594
2024-10-28 04:00:00+00:00,106425.98818286594
2024-10-28 08:00:00+00:00,106425.98818286594
2024-10-28 12:00:00+00:00,106425.98818286594
2024-10-28 16:00:00+00:00,106425.98818286594
2024-10-28 20:00:00+00:00,106425.98818286594
2024-10-29 00:00:00+00:00,106425.98818286594
2024-10-29 04:00:00+00:00,106425.98818286594
2024-10-29 08:00:00+00:00,106425.98818286594
2024-10-29 12:00:00+00:00,106425.98818286594
2024-10-29 16:00:00+00:00,106425.98818286594
2024-10-29 20:00:00+00:00,106425.98818286594
2024-10-30 00:00:00+00:00,106425.98818286594
2024-10-30 04:00:00+00:00,106425.98818286594
2024-10-30 08:00:00+00:00,106425.98818286594
2024-10-30 12:00:00+00:00,106425.98818286594
2024-10-30 16:00:00+00:00,106425.98818286594
2024-10-30 20:00:00+00:00,106425.98818286594
2024-10-31 00:00:00+00:00,106425.98818286594
2024-10-31 04:00:00+00:00,106425.98818286594
2024-10-31 08:00:00+00:00,106425.98818286594
2024-10-31 12:00:00+00:00,106425.98818286594
2024-10-31 16:00:00+00:00,106425.98818286594
2024-10-31 20:00:00+00:00,106425.98818286594
2024-11-01 00:00:00+00:00,106425.98818286594
2024-11-01 04:00:00+00:00,106425.98818286594
2024-11-01 08:00:00+00:00,106425.98818286594
2024-11-01 12:00:00+00:00,106425.98818286594
2024-11-01 16:00:00+00:00,106425.98818286594
2024-11-01 20:00:00+00:00,106425.98818286594
2024-11-02 00:00:00+00:00,106425.98818286594
2024-11-02 04:00:00+00:00,106425.98818286594
2024-11-02 08:00:00+00:00,106425.98818286594
2024-11-02 12:00:00+00:00,106425.98818286594
2024-11-02 16:00:00+00:00,106425.98818286594
2024-11-02 20:00:00+00:00,106425.98818286594
2024-11-03 00:00:00+00:00,106425.98818286594
2024-11-03 04:00:00+00:00,106425.98818286594
2024-11-03 08:00:00+00:00,106425.98818286594
2024-11-03 12:00:00+00:00,106425.98818286594
2024-11-03 16:00:00+00:00,106425.98818286594
2024-11-03 20:00:00+00:00,106425.98818286594
2024-11-04 00:00:00+00:00,106425.98818286594
2024-11-04 04:00:00+00:00,106425.98818286594
2024-11-04 08:00:00+00:00,106425.98818286594
2024-11-04 12:00:00+00:00,106425.98818286594
2024-11-04 16:00:00+00:00,106425.98818286594
2024-11-04 20:00:00+00:00,106425.98818286594
2024-11-05 00:00:00+00:00,106425.98818286594
2024-11-05 04:00:00+00:00,106425.98818286594
2024-11-05 08:00:00+00:00,106425.98818286594
2024-11-05 12:00:00+00:00,106425.98818286594
2024-11-05 16:00:00+00:00,106425.98818286594
2024-11-05 20:00:00+00:00,106425.98818286594
2024-11-06 00:00:00+00:00,106425.98818286594
2024-11-06 04:00:00+00:00,106425.98818286594
2024-11-06 08:00:00+00:00,106425.98818286594
2024-11-06 12:00:00+00:00,106425.98818286594
2024-11-06 16:00:00+00:00,106425.98818286594
2024-11-06 20:00:00+00:00,106425.98818286594
2024-11-07 00:00:00+00:00,106425.98818286594
2024-11-07 04:00:00+00:00,106414.1151106641
2024-11-07 08:00:00+00:00,106393.92477231557
2024-11-07 12:00:00+00:00,106400.4145239276
2024-11-07 16:00:00+00:00,106427.60298768892
2024-11-07 20:00:00+00:00,106476.96689504042
2024-11-08 00:00:00+00:00,106515.9975864039
2024-11-08 04:00:00+00:00,106544.213867203
2024-11-08 08:00:00+00:00,106568.25673525425
2024-11-08 12:00:00+00:00,106633.58616120282
2024-11-08 16:00:00+00:00,106617.93386962927
2024-11-08 20:00:00+00:00,106631.4891559037
2024-11-09 00:00:00+00:00,106564.73154781647
2024-11-09 04:00:00+00:00,106629.4230683187
2024-11-09 08:00:00+00:00,106661.90373940623
2024-11-09 12:00:00+00:00,106604.79033095823
2024-11-09 16:00:00+00:00,106622.00881418334
2024-11-09 20:00:00+00:00,106900.72832689882
2024-11-10 00:00:00+00:00,107083.18651528152
2024-11-10 04:00:00+00:00,107325.10491042522
2024-11-10 08:00:00+00:00,107407.01606277148
2024-11-10 12:00:00+00:00,107486.5441383616
2024-11-10 16:00:00+00:00,107471.46773003048
2024-11-10 20:00:00+00:00,107405.33868383046
2024-11-11 00:00:00+00:00,107499.18323212431
2024-11-11 04:00:00+00:00,107303.8815923178
2024-11-11 08:00:00+00:00,107487.43365690198
2024-11-11 12:00:00+00:00,107621.53234129655
2024-11-11 16:00:00+00:00,107707.11394350846
2024-11-11 20:00:00+00:00,107976.05671666382
2024-11-12 00:00:00+00:00,107815.90798384589
2024-11-12 04:00:00+00:00,107955.3088089054
2024-11-12 08:00:00+00:00,107748.4758748814
2024-11-12 12:00:00+00:00,107722.4209562129
2024-11-12 16:00:00+00:00,107874.9048233625
2024-11-12 20:00:00+00:00,107840.445947353
2024-11-13 00:00:00+00:00,107494.28064938473
2024-11-13 04:00:00+00:00,107449.50586648412
2024-11-13 08:00:00+00:00,107499.82507524049
2024-11-13 12:00:00+00:00,107793.33871836102
2024-11-13 16:00:00+00:00,107578.92376747247
2024-11-13 20:00:00+00:00,107619.6626472921
2024-11-14 00:00:00+00:00,107637.22992673602
2024-11-14 04:00:00+00:00,107666.46524164807
2024-11-14 08:00:00+00:00,107718.20478248711
2024-11-14 12:00:00+00:00,107547.95713515957
2024-11-14 16:00:00+00:00,107776.42396500085
2024-11-14 20:00:00+00:00,107674.68275808312
2024-11-15 00:00:00+00:00,107814.13257386786
2024-11-15 04:00:00+00:00,107712.75842158146
2024-11-15 08:00:00+00:00,107872.9649830746
2024-11-15 12:00:00+00:00,107928.29957615731
2024-11-15 16:00:00+00:00,108062.0373723815
2024-11-15 20:00:00+00:00,108066.48272591486
2024-11-16 00:00:00+00:00,108110.84031836082
2024-11-16 04:00:00+00:00,108262.11956884938
2024-11-16 08:00:00+00:00,108448.67226891709
2024-11-16 12:00:00+00:00,108573.86959417761
2024-11-16 16:00:00+00:00,108776.03657705871
2024-11-16 20:00:00+00:00,108604.07926271536
2024-11-17 00:00:00+00:00,108450.27592311878
2024-11-17 04:00:00+00:00,108476.92211898422
2024-11-17 08:00:00+00:00,108405.4407205522
2024-11-17 12:00:00+00:00,108505.54367239542
2024-11-17 16:00:00+00:00,108382.86631544262
2024-11-17 20:00:00+00:00,108422.68357699203
2024-11-18 00:00:00+00:00,108598.3727511031
2024-11-18 04:00:00+00:00,108745.47425595496
2024-11-18 08:00:00+00:00,108583.1626777821
2024-11-18 12:00:00+00:00,108761.01716828911
2024-11-18 16:00:00+00:00,108496.08701536158
2024-11-18 20:00:00+00:00,108564.5141724447
2024-11-19 00:00:00+00:00,108653.1470673301
2024-11-19 04:00:00+00:00,108584.58565414113
2024-11-19 08:00:00+00:00,108591.74157074143
2024-11-19 12:00:00+00:00,108582.03886834823
2024-11-19 16:00:00+00:00,108640.12936042204
2024-11-19 20:00:00+00:00,108577.29049849171
2024-11-20 00:00:00+00:00,108486.58523414112
2024-11-20 04:00:00+00:00,108517.52377601503
2024-11-20 08:00:00+00:00,108627.77516774385
2024-11-20 12:00:00+00:00,108666.25588489592
2024-11-20 16:00:00+00:00,108555.43712288077
2024-11-20 20:00:00+00:00,108614.76856843193
2024-11-21 00:00:00+00:00,108637.93217947669
2024-11-21 04:00:00+00:00,108702.9541574704
2024-11-21 08:00:00+00:00,108737.79909940765
2024-11-21 12:00:00+00:00,108681.57947133592
2024-11-21 16:00:00+00:00,108878.82467451994
2024-11-21 20:00:00+00:00,109074.66702668415
2024-11-22 00:00:00+00:00,109418.24020313245
2024-11-22 04:00:00+00:00,109365.81585518329
2024-11-22 08:00:00+00:00,109647.52013777517
2024-11-22 12:00:00+00:00,109594.42823504005
2024-11-22 16:00:00+00:00,109624.67647608311
2024-11-22 20:00:00+00:00,109746.40974938744
2024-11-23 00:00:00+00:00,110020.10613979769
2024-11-23 04:00:00+00:00,109968.16410136106
2024-11-23 08:00:00+00:00,109969.68250608948
2024-11-23 12:00:00+00:00,110007.74592930093
2024-11-23 16:00:00+00:00,109710.24191788465
2024-11-23 20:00:00+00:00,109698.14271818622
2024-11-24 00:00:00+00:00,109763.28251287848
2024-11-24 04:00:00+00:00,109741.33764218475
2024-11-24 08:00:00+00:00,109386.91433022887
2024-11-24 12:00:00+00:00,109265.83441533093
2024-11-24 16:00:00+00:00,109305.15318012537
2024-11-24 20:00:00+00:00,109350.53680090545
2024-11-25 00:00:00+00:00,109343.5946439144
2024-11-25 04:00:00+00:00,109378.44848273546
2024-11-25 08:00:00+00:00,109415.86141646386
2024-11-25 12:00:00+00:00,109402.62683999824
2024-11-25 16:00:00+00:00,109377.58089233702
2024-11-25 20:00:00+00:00,109311.14126039165
2024-11-26 00:00:00+00:00,109318.31847397995
2024-11-26 04:00:00+00:00,109301.94788337467
2024-11-26 08:00:00+00:00,109272.78405525512
2024-11-26 12:00:00+00:00,109261.90447626717
2024-11-26 16:00:00+00:00,109259.87874716902
2024-11-26 20:00:00+00:00,109259.87874716902
2024-11-27 00:00:00+00:00,109259.87874716902
2024-11-27 04:00:00+00:00,109259.87874716902
2024-11-27 08:00:00+00:00,109259.87874716902
2024-11-27 12:00:00+00:00,109259.87874716902
2024-11-27 16:00:00+00:00,109259.87874716902
2024-11-27 20:00:00+00:00,109259.87874716902
2024-11-28 00:00:00+00:00,109259.87874716902
2024-11-28 04:00:00+00:00,109259.87874716902
2024-11-28 08:00:00+00:00,109259.87874716902
2024-11-28 12:00:00+00:00,109259.87874716902
2024-11-28 16:00:00+00:00,109259.87874716902
2024-11-28 20:00:00+00:00,109259.87874716902
2024-11-29 00:00:00+00:00,109259.87874716902
2024-11-29 04:00:00+00:00,109259.87874716902
2024-11-29 08:00:00+00:00,109259.87874716902
2024-11-29 12:00:00+00:00,109259.87874716902
2024-11-29 16:00:00+00:00,109259.87874716902
2024-11-29 20:00:00+00:00,109259.87874716902
2024-11-30 00:00:00+00:00,109259.87874716902
2024-11-30 04:00:00+00:00,109259.87874716902
2024-11-30 08:00:00+00:00,109212.39907837825
2024-11-30 12:00:00+00:00,109219.63835326681
2024-11-30 16:00:00+00:00,109221.56320980759
2024-11-30 20:00:00+00:00,109223.46342282221
2024-12-01 00:00:00+00:00,109181.01363813225
2024-12-01 04:00:00+00:00,109174.8155130007
2024-12-01 08:00:00+00:00,109196.67314578549
2024-12-01 12:00:00+00:00,109208.84696994908
2024-12-01 16:00:00+00:00,109301.51568143748
2024-12-01 20:00:00+00:00,109404.64474803445
2024-12-02 00:00:00+00:00,109428.4211327876
2024-12-02 04:00:00+00:00,109439.68860097512
2024-12-02 08:00:00+00:00,109311.80160592488
2024-12-02 12:00:00+00:00,109586.81841804116
2024-12-02 16:00:00+00:00,109589.37042910684
2024-12-02 20:00:00+00:00,109582.5766339922
2024-12-03 00:00:00+00:00,109652.26974424711
2024-12-03 04:00:00+00:00,109564.14361753527
2024-12-03 08:00:00+00:00,109678.8518946663
2024-12-03 12:00:00+00:00,109462.0975966157
2024-12-03 16:00:00+00:00,109483.06665769793
2024-12-03 20:00:00+00:00,109470.35360479806
2024-12-04 00:00:00+00:00,109488.8775530039
2024-12-04 04:00:00+00:00,109545.19223967296
2024-12-04 08:00:00+00:00,109524.29705206788
2024-12-04 12:00:00+00:00,109460.73663083394
2024-12-04 16:00:00+00:00,109406.7252143969
2024-12-04 20:00:00+00:00,109418.37176998376
2024-12-05 00:00:00+00:00,109323.53640808031
2024-12-05 04:00:00+00:00,109343.08444001785
2024-12-05 08:00:00+00:00,109389.77437671198
2024-12-05 12:00:00+00:00,109407.75600457948
2024-12-05 16:00:00+00:00,109375.30002355075
2024-12-05 20:00:00+00:00,109341.1152308851
2024-12-06 00:00:00+00:00,109346.45906920818
2024-12-06 04:00:00+00:00,109337.78529904122
2024-12-06 08:00:00+00:00,109328.79027812733
2024-12-06 12:00:00+00:00,109326.86277364579
2024-12-06 16:00:00+00:00,109364.92335144588
2024-12-06 20:00:00+00:00,109340.29924750834
2024-12-07 00:00:00+00:00,109332.7488255456
2024-12-07 04:00:00+00:00,109340.45154352864
2024-12-07 08:00:00+00:00,109347.04864224792
2024-12-07 12:00:00+00:00,109347.7109536893
2024-12-07 16:00:00+00:00,109335.23483913206
2024-12-07 20:00:00+00:00,109330.86511717291
2024-12-08 00:00:00+00:00,109329.38351311965
2024-12-08 04:00:00+00:00,109312.67239247661
2024-12-08 08:00:00+00:00,109284.32147170548
2024-12-08 12:00:00+00:00,109293.78825636778
2024-12-08 16:00:00+00:00,109298.49464105399
2024-12-08 20:00:00+00:00,109307.83414899325
2024-12-09 00:00:00+00:00,109254.61859966087
2024-12-09 04:00:00+00:00,109223.60984085026
2024-12-09 08:00:00+00:00,109223.60984085026
2024-12-09 12:00:00+00:00,109223.60984085026
2024-12-09 16:00:00+00:00,109223.60984085026
2024-12-09 20:00:00+00:00,109223.60984085026
2024-12-10 00:00:00+00:00,109223.60984085026
2024-12-10 04:00:00+00:00,109223.60984085026
2024-12-10 08:00:00+00:00,109223.60984085026
2024-12-10 12:00:00+00:00,109223.60984085026
2024-12-10 16:00:00+00:00,109223.60984085026
2024-12-10 20:00:00+00:00,109223.60984085026
2024-12-11 00:00:00+00:00,109223.60984085026
2024-12-11 04:00:00+00:00,109223.60984085026
2024-12-11 08:00:00+00:00,109223.60984085026
2024-12-11 12:00:00+00:00,109223.60984085026
2024-12-11 16:00:00+00:00,109223.60984085026
2024-12-11 20:00:00+00:00,109223.60984085026
2024-12-12 00:00:00+00:00,109223.60984085026
2024-12-12 04:00:00+00:00,109223.60984085026
2024-12-12 08:00:00+00:00,109223.60984085026
2024-12-12 12:00:00+00:00,109223.60984085026
2024-12-12 16:00:00+00:00,109223.60984085026
2024-12-12 20:00:00+00:00,109223.60984085026
2024-12-13 00:00:00+00:00,109223.60984085026
2024-12-13 04:00:00+00:00,109223.60984085026
2024-12-13 08:00:00+00:00,109223.60984085026
2024-12-13 12:00:00+00:00,109223.60984085026
2024-12-13 16:00:00+00:00,109223.60984085026
2024-12-13 20:00:00+00:00,109223.60984085026
2024-12-14 00:00:00+00:00,109223.60984085026
2024-12-14 04:00:00+00:00,109223.60984085026
2024-12-14 08:00:00+00:00,109223.60984085026
2024-12-14 12:00:00+00:00,109223.60984085026
2024-12-14 16:00:00+00:00,109223.60984085026
2024-12-14 20:00:00+00:00,109223.60984085026
2024-12-15 00:00:00+00:00,109223.60984085026
2024-12-15 04:00:00+00:00,109223.60984085026
2024-12-15 08:00:00+00:00,109223.60984085026
2024-12-15 12:00:00+00:00,109223.60984085026
2024-12-15 16:00:00+00:00,109223.60984085026
2024-12-15 20:00:00+00:00,109223.60984085026
2024-12-16 00:00:00+00:00,109222.09790246308
2024-12-16 04:00:00+00:00,109232.11367388532
2024-12-16 08:00:00+00:00,109202.14856673431
2024-12-16 12:00:00+00:00,109265.02375893266
2024-12-16 16:00:00+00:00,109271.17751367859
2024-12-16 20:00:00+00:00,109258.39835619766
2024-12-17 00:00:00+00:00,109278.14990406006
2024-12-17 04:00:00+00:00,109277.0736043306
2024-12-17 08:00:00+00:00,109276.72710747286
2024-12-17 12:00:00+00:00,109268.49069066494
2024-12-17 16:00:00+00:00,109268.64528912128
2024-12-17 20:00:00+00:00,109259.8761211249
2024-12-18 00:00:00+00:00,109226.49463348286
2024-12-18 04:00:00+00:00,109214.2285956404
2024-12-18 08:00:00+00:00,109232.66777438443
2024-12-18 12:00:00+00:00,109218.3257001281
2024-12-18 16:00:00+00:00,109178.23807500166
2024-12-18 20:00:00+00:00,109174.45554824741
2024-12-19 00:00:00+00:00,109174.45554824741
2024-12-19 04:00:00+00:00,109174.45554824741
2024-12-19 08:00:00+00:00,109174.45554824741
2024-12-19 12:00:00+00:00,109174.45554824741
2024-12-19 16:00:00+00:00,109174.45554824741
2024-12-19 20:00:00+00:00,109174.45554824741
2024-12-20 00:00:00+00:00,109174.45554824741
2024-12-20 04:00:00+00:00,109174.45554824741
2024-12-20 08:00:00+00:00,109174.45554824741
2024-12-20 12:00:00+00:00,109174.45554824741
2024-12-20 16:00:00+00:00,109174.45554824741
2024-12-20 20:00:00+00:00,109174.45554824741
2024-12-21 00:00:00+00:00,109174.45554824741
2024-12-21 04:00:00+00:00,109174.45554824741
2024-12-21 08:00:00+00:00,109174.45554824741
2024-12-21 12:00:00+00:00,109174.45554824741
2024-12-21 16:00:00+00:00,109174.45554824741
2024-12-21 20:00:00+00:00,109174.45554824741
2024-12-22 00:00:00+00:00,109174.45554824741
2024-12-22 04:00:00+00:00,109174.45554824741
2024-12-22 08:00:00+00:00,109174.45554824741
2024-12-22 12:00:00+00:00,109174.45554824741
2024-12-22 16:00:00+00:00,109174.45554824741
2024-12-22 20:00:00+00:00,109174.45554824741
2024-12-23 00:00:00+00:00,109174.45554824741
2024-12-23 04:00:00+00:00,109174.45554824741
2024-12-23 08:00:00+00:00,109174.45554824741
2024-12-23 12:00:00+00:00,109174.45554824741
2024-12-23 16:00:00+00:00,109174.45554824741
2024-12-23 20:00:00+00:00,109174.45554824741
2024-12-24 00:00:00+00:00,109174.45554824741
2024-12-24 04:00:00+00:00,109174.45554824741
2024-12-24 08:00:00+00:00,109174.45554824741
2024-12-24 12:00:00+00:00,109174.45554824741
2024-12-24 16:00:00+00:00,109174.45554824741
2024-12-24 20:00:00+00:00,109174.45554824741
2024-12-25 00:00:00+00:00,109174.45554824741
2024-12-25 04:00:00+00:00,109174.45554824741
2024-12-25 08:00:00+00:00,109174.45554824741
2024-12-25 12:00:00+00:00,109174.45554824741
2024-12-25 16:00:00+00:00,109174.45554824741
2024-12-25 20:00:00+00:00,109174.45554824741
2024-12-26 00:00:00+00:00,109174.45554824741
2024-12-26 04:00:00+00:00,109174.45554824741
2024-12-26 08:00:00+00:00,109174.45554824741
2024-12-26 12:00:00+00:00,109174.45554824741
2024-12-26 16:00:00+00:00,109174.45554824741
2024-12-26 20:00:00+00:00,109174.45554824741
2024-12-27 00:00:00+00:00,109174.45554824741
2024-12-27 04:00:00+00:00,109174.45554824741
2024-12-27 08:00:00+00:00,109174.45554824741
2024-12-27 12:00:00+00:00,109174.45554824741
2024-12-27 16:00:00+00:00,109174.45554824741
2024-12-27 20:00:00+00:00,109174.45554824741
2024-12-28 00:00:00+00:00,109174.45554824741
2024-12-28 04:00:00+00:00,109174.45554824741
2024-12-28 08:00:00+00:00,109174.45554824741
2024-12-28 12:00:00+00:00,109174.45554824741
2024-12-28 16:00:00+00:00,109174.45554824741
2024-12-28 20:00:00+00:00,109174.45554824741
2024-12-29 00:00:00+00:00,109174.45554824741
2024-12-29 04:00:00+00:00,109174.45554824741
2024-12-29 08:00:00+00:00,109174.45554824741
2024-12-29 12:00:00+00:00,109174.45554824741
2024-12-29 16:00:00+00:00,109174.45554824741
2024-12-29 20:00:00+00:00,109174.45554824741
2024-12-30 00:00:00+00:00,109174.45554824741
2024-12-30 04:00:00+00:00,109174.45554824741
2024-12-30 08:00:00+00:00,109174.45554824741
2024-12-30 12:00:00+00:00,109174.45554824741
2024-12-30 16:00:00+00:00,109174.45554824741
2024-12-30 20:00:00+00:00,109174.45554824741
2024-12-31 00:00:00+00:00,109174.45554824741
2024-12-31 04:00:00+00:00,109174.45554824741
2024-12-31 08:00:00+00:00,109174.45554824741
2024-12-31 12:00:00+00:00,109174.45554824741
2024-12-31 16:00:00+00:00,109174.45554824741
2024-12-31 20:00:00+00:00,109174.45554824741
2025-01-01 00:00:00+00:00,109174.45554824741
2025-01-01 04:00:00+00:00,109174.45554824741
2025-01-01 08:00:00+00:00,109174.45554824741
2025-01-01 12:00:00+00:00,109174.45554824741
2025-01-01 16:00:00+00:00,109174.45554824741
2025-01-01 20:00:00+00:00,109174.45554824741
2025-01-02 00:00:00+00:00,109174.45554824741
2025-01-02 04:00:00+00:00,109174.45554824741
2025-01-02 08:00:00+00:00,109174.45554824741
2025-01-02 12:00:00+00:00,109174.45554824741
2025-01-02 16:00:00+00:00,109174.45554824741
2025-01-02 20:00:00+00:00,109174.45554824741
2025-01-03 00:00:00+00:00,109174.45554824741
2025-01-03 04:00:00+00:00,109174.45554824741
2025-01-03 08:00:00+00:00,109174.45554824741
2025-01-03 12:00:00+00:00,109264.81312146972
2025-01-03 16:00:00+00:00,109391.3402258664
2025-01-03 20:00:00+00:00,109370.73084993454
2025-01-04 00:00:00+00:00,109404.31552569865
2025-01-04 04:00:00+00:00,109382.08675943482
2025-01-04 08:00:00+00:00,109386.13852377946
2025-01-04 12:00:00+00:00,109307.58714271069
2025-01-04 16:00:00+00:00,109367.16554053637
2025-01-04 20:00:00+00:00,109439.65256647283
2025-01-05 00:00:00+00:00,109416.50426404388
2025-01-05 04:00:00+00:00,109410.14786835702
2025-01-05 08:00:00+00:00,109330.83523394013
2025-01-05 12:00:00+00:00,109345.82734355821
2025-01-05 16:00:00+00:00,109349.24852176128
2025-01-05 20:00:00+00:00,109389.4187954011
2025-01-06 00:00:00+00:00,109437.91678289688
2025-01-06 04:00:00+00:00,109404.32498964248
2025-01-06 08:00:00+00:00,109421.92930900272
2025-01-06 12:00:00+00:00,109554.4924923306
2025-01-06 16:00:00+00:00,109528.5547643557
2025-01-06 20:00:00+00:00,109528.97101005985
2025-01-07 00:00:00+00:00,109522.23771437084
2025-01-07 04:00:00+00:00,109508.54943192372
2025-01-07 08:00:00+00:00,109425.81173428778
2025-01-07 12:00:00+00:00,109156.23830948219
2025-01-07 16:00:00+00:00,109128.13745179852
2025-01-07 20:00:00+00:00,109128.13745179852
2025-01-08 00:00:00+00:00,109128.13745179852
2025-01-08 04:00:00+00:00,109128.13745179852
2025-01-08 08:00:00+00:00,109128.13745179852
2025-01-08 12:00:00+00:00,109128.13745179852
2025-01-08 16:00:00+00:00,109128.13745179852
2025-01-08 20:00:00+00:00,109128.13745179852
2025-01-09 00:00:00+00:00,109128.13745179852
2025-01-09 04:00:00+00:00,109128.13745179852
2025-01-09 08:00:00+00:00,109128.13745179852
2025-01-09 12:00:00+00:00,109128.13745179852
2025-01-09 16:00:00+00:00,109128.13745179852
2025-01-09 20:00:00+00:00,109128.13745179852
2025-01-10 00:00:00+00:00,109128.13745179852
2025-01-10 04:00:00+00:00,109128.13745179852
2025-01-10 08:00:00+00:00,109128.13745179852
2025-01-10 12:00:00+00:00,109128.13745179852
2025-01-10 16:00:00+00:00,109128.13745179852
2025-01-10 20:00:00+00:00,109128.13745179852
2025-01-11 00:00:00+00:00,109128.13745179852
2025-01-11 04:00:00+00:00,109128.13745179852
2025-01-11 08:00:00+00:00,109128.13745179852
2025-01-11 12:00:00+00:00,109128.13745179852
2025-01-11 16:00:00+00:00,109128.13745179852
2025-01-11 20:00:00+00:00,109128.13745179852
2025-01-12 00:00:00+00:00,109128.13745179852
2025-01-12 04:00:00+00:00,109128.13745179852
2025-01-12 08:00:00+00:00,109128.13745179852
2025-01-12 12:00:00+00:00,109128.13745179852
2025-01-12 16:00:00+00:00,109128.13745179852
2025-01-12 20:00:00+00:00,109128.13745179852
2025-01-13 00:00:00+00:00,109128.13745179852
2025-01-13 04:00:00+00:00,109128.13745179852
2025-01-13 08:00:00+00:00,109128.13745179852
2025-01-13 12:00:00+00:00,109128.13745179852
2025-01-13 16:00:00+00:00,109128.13745179852
2025-01-13 20:00:00+00:00,109128.13745179852
2025-01-14 00:00:00+00:00,109128.13745179852
2025-01-14 04:00:00+00:00,109128.13745179852
2025-01-14 08:00:00+00:00,109128.13745179852
2025-01-14 12:00:00+00:00,109128.13745179852
2025-01-14 16:00:00+00:00,109128.13745179852
2025-01-14 20:00:00+00:00,109128.13745179852
2025-01-15 00:00:00+00:00,109128.13745179852
2025-01-15 04:00:00+00:00,109128.13745179852
2025-01-15 08:00:00+00:00,109128.13745179852
2025-01-15 12:00:00+00:00,109128.13745179852
2025-01-15 16:00:00+00:00,109128.13745179852
2025-01-15 20:00:00+00:00,109128.13745179852
2025-01-16 00:00:00+00:00,109128.13745179852
2025-01-16 04:00:00+00:00,109128.13745179852
2025-01-16 08:00:00+00:00,109128.13745179852
2025-01-16 12:00:00+00:00,109128.13745179852
2025-01-16 16:00:00+00:00,109128.13745179852
2025-01-16 20:00:00+00:00,109128.13745179852
2025-01-17 00:00:00+00:00,109128.13745179852
2025-01-17 04:00:00+00:00,109132.97651511492
2025-01-17 08:00:00+00:00,109194.0182195819
2025-01-17 12:00:00+00:00,109233.77376611483
2025-01-17 16:00:00+00:00,109274.37211316389
2025-01-17 20:00:00+00:00,109246.74886179983
2025-01-18 00:00:00+00:00,109230.31240003428
2025-01-18 04:00:00+00:00,109232.21581055553
2025-01-18 08:00:00+00:00,109293.47105200886
2025-01-18 12:00:00+00:00,109406.56536720399
2025-01-18 16:00:00+00:00,109388.26293074057
2025-01-18 20:00:00+00:00,109425.59634286852
2025-01-19 00:00:00+00:00,109411.4140581262
2025-01-19 04:00:00+00:00,109477.17624936454
2025-01-19 08:00:00+00:00,109488.66252010109
2025-01-19 12:00:00+00:00,109418.34210682435
2025-01-19 16:00:00+00:00,109439.88735553596
2025-01-19 20:00:00+00:00,109247.72209331433
2025-01-20 00:00:00+00:00,109189.20899643698
2025-01-20 04:00:00+00:00,109297.23722295603
2025-01-20 08:00:00+00:00,109289.92308584636
2025-01-20 12:00:00+00:00,109254.77313196681
2025-01-20 16:00:00+00:00,109213.88763172067
2025-01-20 20:00:00+00:00,109191.78736131736
2025-01-21 00:00:00+00:00,109169.79233029693
2025-01-21 04:00:00+00:00,109164.2672626961
2025-01-21 08:00:00+00:00,109162.39843975728
2025-01-21 12:00:00+00:00,109162.39843975728
2025-01-21 16:00:00+00:00,109162.39843975728
2025-01-21 20:00:00+00:00,109162.39843975728
2025-01-22 00:00:00+00:00,109162.39843975728
2025-01-22 04:00:00+00:00,109162.39843975728
2025-01-22 08:00:00+00:00,109162.39843975728
2025-01-22 12:00:00+00:00,109162.39843975728
2025-01-22 16:00:00+00:00,109162.39843975728
2025-01-22 20:00:00+00:00,109162.39843975728
2025-01-23 00:00:00+00:00,109162.39843975728
2025-01-23 04:00:00+00:00,109162.39843975728
2025-01-23 08:00:00+00:00,109162.39843975728
2025-01-23 12:00:00+00:00,109162.39843975728
2025-01-23 16:00:00+00:00,109162.39843975728
2025-01-23 20:00:00+00:00,109162.39843975728
2025-01-24 00:00:00+00:00,109162.39843975728
2025-01-24 04:00:00+00:00,109162.39843975728
2025-01-24 08:00:00+00:00,109162.39843975728
2025-01-24 12:00:00+00:00,109162.39843975728
2025-01-24 16:00:00+00:00,109162.39843975728
2025-01-24 20:00:00+00:00,109162.39843975728
2025-01-25 00:00:00+00:00,109162.39843975728
2025-01-25 04:00:00+00:00,109162.39843975728
2025-01-25 08:00:00+00:00,109162.39843975728
2025-01-25 12:00:00+00:00,109162.39843975728
2025-01-25 16:00:00+00:00,109162.39843975728
2025-01-25 20:00:00+00:00,109162.39843975728
2025-01-26 00:00:00+00:00,109162.39843975728
2025-01-26 04:00:00+00:00,109162.39843975728
2025-01-26 08:00:00+00:00,109162.39843975728
2025-01-26 12:00:00+00:00,109162.39843975728
2025-01-26 16:00:00+00:00,109162.39843975728
2025-01-26 20:00:00+00:00,109162.39843975728
2025-01-27 00:00:00+00:00,109162.39843975728
2025-01-27 04:00:00+00:00,109162.39843975728
2025-01-27 08:00:00+00:00,109162.39843975728
2025-01-27 12:00:00+00:00,109162.39843975728
2025-01-27 16:00:00+00:00,109162.39843975728
2025-01-27 20:00:00+00:00,109162.39843975728
2025-01-28 00:00:00+00:00,109162.39843975728
2025-01-28 04:00:00+00:00,109162.39843975728
2025-01-28 08:00:00+00:00,109162.39843975728
2025-01-28 12:00:00+00:00,109162.39843975728
2025-01-28 16:00:00+00:00,109162.39843975728
2025-01-28 20:00:00+00:00,109162.39843975728
2025-01-29 00:00:00+00:00,109162.39843975728
2025-01-29 04:00:00+00:00,109162.39843975728
2025-01-29 08:00:00+00:00,109162.39843975728
2025-01-29 12:00:00+00:00,109162.39843975728
2025-01-29 16:00:00+00:00,109162.39843975728
2025-01-29 20:00:00+00:00,109162.39843975728
2025-01-30 00:00:00+00:00,109162.39843975728
2025-01-30 04:00:00+00:00,109162.39843975728
2025-01-30 08:00:00+00:00,109162.39843975728
2025-01-30 12:00:00+00:00,109162.39843975728
2025-01-30 16:00:00+00:00,109162.39843975728
2025-01-30 20:00:00+00:00,109162.39843975728
2025-01-31 00:00:00+00:00,109162.39843975728
2025-01-31 04:00:00+00:00,109162.39843975728
2025-01-31 08:00:00+00:00,109162.39843975728
2025-01-31 12:00:00+00:00,109162.39843975728
2025-01-31 16:00:00+00:00,109121.21923765594
2025-01-31 20:00:00+00:00,109104.4090147423
2025-02-01 00:00:00+00:00,109100.37122204558
2025-02-01 04:00:00+00:00,109095.34924483956
2025-02-01 08:00:00+00:00,109080.35237368717
2025-02-01 12:00:00+00:00,109080.35237368717
2025-02-01 16:00:00+00:00,109080.35237368717
2025-02-01 20:00:00+00:00,109080.35237368717
2025-02-02 00:00:00+00:00,109080.35237368717
2025-02-02 04:00:00+00:00,109080.35237368717
2025-02-02 08:00:00+00:00,109080.35237368717
2025-02-02 12:00:00+00:00,109080.35237368717
2025-02-02 16:00:00+00:00,109080.35237368717
2025-02-02 20:00:00+00:00,109080.35237368717
2025-02-03 00:00:00+00:00,109080.35237368717
2025-02-03 04:00:00+00:00,109080.35237368717
2025-02-03 08:00:00+00:00,109080.35237368717
2025-02-03 12:00:00+00:00,109080.35237368717
2025-02-03 16:00:00+00:00,109080.35237368717
2025-02-03 20:00:00+00:00,109080.35237368717
2025-02-04 00:00:00+00:00,109080.35237368717
2025-02-04 04:00:00+00:00,109080.35237368717
2025-02-04 08:00:00+00:00,109080.35237368717
2025-02-04 12:00:00+00:00,109080.35237368717
2025-02-04 16:00:00+00:00,109080.35237368717
2025-02-04 20:00:00+00:00,109080.35237368717
2025-02-05 00:00:00+00:00,109080.35237368717
2025-02-05 04:00:00+00:00,109080.35237368717
2025-02-05 08:00:00+00:00,109080.35237368717
2025-02-05 12:00:00+00:00,109080.35237368717
2025-02-05 16:00:00+00:00,109080.35237368717
2025-02-05 20:00:00+00:00,109080.35237368717
2025-02-06 00:00:00+00:00,109080.35237368717
2025-02-06 04:00:00+00:00,109080.35237368717
2025-02-06 08:00:00+00:00,109080.35237368717
2025-02-06 12:00:00+00:00,109080.35237368717
2025-02-06 16:00:00+00:00,109080.35237368717
2025-02-06 20:00:00+00:00,109080.35237368717
2025-02-07 00:00:00+00:00,109080.35237368717
2025-02-07 04:00:00+00:00,109080.35237368717
2025-02-07 08:00:00+00:00,109080.35237368717
2025-02-07 12:00:00+00:00,109080.35237368717
2025-02-07 16:00:00+00:00,109080.35237368717
2025-02-07 20:00:00+00:00,109080.35237368717
2025-02-08 00:00:00+00:00,109080.35237368717
2025-02-08 04:00:00+00:00,109080.35237368717
2025-02-08 08:00:00+00:00,109080.35237368717
2025-02-08 12:00:00+00:00,109080.35237368717
2025-02-08 16:00:00+00:00,109080.35237368717
2025-02-08 20:00:00+00:00,109080.35237368717
2025-02-09 00:00:00+00:00,109080.35237368717
2025-02-09 04:00:00+00:00,109080.35237368717
2025-02-09 08:00:00+00:00,109080.35237368717
2025-02-09 12:00:00+00:00,109080.35237368717
2025-02-09 16:00:00+00:00,109080.35237368717
2025-02-09 20:00:00+00:00,109080.35237368717
2025-02-10 00:00:00+00:00,109080.35237368717
2025-02-10 04:00:00+00:00,109080.35237368717
2025-02-10 08:00:00+00:00,109080.35237368717
2025-02-10 12:00:00+00:00,109080.35237368717
2025-02-10 16:00:00+00:00,109080.35237368717
2025-02-10 20:00:00+00:00,109080.35237368717
2025-02-11 00:00:00+00:00,109080.35237368717
2025-02-11 04:00:00+00:00,109080.35237368717
2025-02-11 08:00:00+00:00,109080.35237368717
2025-02-11 12:00:00+00:00,109080.35237368717
2025-02-11 16:00:00+00:00,109080.35237368717
2025-02-11 20:00:00+00:00,109080.35237368717
2025-02-12 00:00:00+00:00,109080.35237368717
2025-02-12 04:00:00+00:00,109080.35237368717
2025-02-12 08:00:00+00:00,109080.35237368717
2025-02-12 12:00:00+00:00,109080.35237368717
2025-02-12 16:00:00+00:00,109080.35237368717
2025-02-12 20:00:00+00:00,109080.35237368717
2025-02-13 00:00:00+00:00,109080.35237368717
2025-02-13 04:00:00+00:00,109080.35237368717
2025-02-13 08:00:00+00:00,109080.35237368717
2025-02-13 12:00:00+00:00,109080.35237368717
2025-02-13 16:00:00+00:00,109080.35237368717
2025-02-13 20:00:00+00:00,109080.35237368717
2025-02-14 00:00:00+00:00,109080.35237368717
2025-02-14 04:00:00+00:00,109080.35237368717
2025-02-14 08:00:00+00:00,109080.35237368717
2025-02-14 12:00:00+00:00,109080.35237368717
2025-02-14 16:00:00+00:00,109080.35237368717
2025-02-14 20:00:00+00:00,109080.35237368717
2025-02-15 00:00:00+00:00,109080.35237368717
2025-02-15 04:00:00+00:00,109080.35237368717
2025-02-15 08:00:00+00:00,109080.35237368717
2025-02-15 12:00:00+00:00,109080.35237368717
2025-02-15 16:00:00+00:00,109059.1809439607
2025-02-15 20:00:00+00:00,109079.13187454174
2025-02-16 00:00:00+00:00,109084.71371384556
2025-02-16 04:00:00+00:00,109071.50520301769
2025-02-16 08:00:00+00:00,109067.5813357843
2025-02-16 12:00:00+00:00,109039.65144357445
2025-02-16 16:00:00+00:00,109039.65144357445
2025-02-16 20:00:00+00:00,109039.65144357445
2025-02-17 00:00:00+00:00,109039.65144357445
2025-02-17 04:00:00+00:00,109039.65144357445
2025-02-17 08:00:00+00:00,109039.65144357445
2025-02-17 12:00:00+00:00,109039.65144357445
2025-02-17 16:00:00+00:00,109039.65144357445
2025-02-17 20:00:00+00:00,109039.65144357445
2025-02-18 00:00:00+00:00,109039.65144357445
2025-02-18 04:00:00+00:00,109039.65144357445
2025-02-18 08:00:00+00:00,109039.65144357445
2025-02-18 12:00:00+00:00,109039.65144357445
2025-02-18 16:00:00+00:00,109039.65144357445
2025-02-18 20:00:00+00:00,109039.65144357445
2025-02-19 00:00:00+00:00,109039.65144357445
2025-02-19 04:00:00+00:00,109039.65144357445
2025-02-19 08:00:00+00:00,109039.65144357445
2025-02-19 12:00:00+00:00,109039.65144357445
2025-02-19 16:00:00+00:00,109039.65144357445
2025-02-19 20:00:00+00:00,109039.65144357445
2025-02-20 00:00:00+00:00,109039.65144357445
2025-02-20 04:00:00+00:00,109039.65144357445
2025-02-20 08:00:00+00:00,109039.65144357445
2025-02-20 12:00:00+00:00,109039.65144357445
2025-02-20 16:00:00+00:00,109039.65144357445
2025-02-20 20:00:00+00:00,109039.65144357445
2025-02-21 00:00:00+00:00,109039.65144357445
2025-02-21 04:00:00+00:00,109039.65144357445
2025-02-21 08:00:00+00:00,109039.65144357445
2025-02-21 12:00:00+00:00,109039.65144357445
2025-02-21 16:00:00+00:00,109039.65144357445
2025-02-21 20:00:00+00:00,109039.65144357445
2025-02-22 00:00:00+00:00,109039.65144357445
2025-02-22 04:00:00+00:00,109039.65144357445
2025-02-22 08:00:00+00:00,109039.65144357445
2025-02-22 12:00:00+00:00,109039.65144357445
2025-02-22 16:00:00+00:00,109039.65144357445
2025-02-22 20:00:00+00:00,109039.65144357445
2025-02-23 00:00:00+00:00,109039.65144357445
2025-02-23 04:00:00+00:00,109039.65144357445
2025-02-23 08:00:00+00:00,109039.65144357445
2025-02-23 12:00:00+00:00,109039.65144357445
2025-02-23 16:00:00+00:00,109039.65144357445
2025-02-23 20:00:00+00:00,109039.65144357445
2025-02-24 00:00:00+00:00,109039.65144357445
2025-02-24 04:00:00+00:00,109039.65144357445
2025-02-24 08:00:00+00:00,109039.65144357445
2025-02-24 12:00:00+00:00,109039.65144357445
2025-02-24 16:00:00+00:00,109039.65144357445
2025-02-24 20:00:00+00:00,109039.65144357445
2025-02-25 00:00:00+00:00,109039.65144357445
2025-02-25 04:00:00+00:00,109039.65144357445
2025-02-25 08:00:00+00:00,109039.65144357445
2025-02-25 12:00:00+00:00,109039.65144357445
2025-02-25 16:00:00+00:00,109039.65144357445
2025-02-25 20:00:00+00:00,109039.65144357445
2025-02-26 00:00:00+00:00,109039.65144357445
2025-02-26 04:00:00+00:00,109039.65144357445
2025-02-26 08:00:00+00:00,109039.65144357445
2025-02-26 12:00:00+00:00,109039.65144357445
2025-02-26 16:00:00+00:00,109039.65144357445
2025-02-26 20:00:00+00:00,109039.65144357445
2025-02-27 00:00:00+00:00,109039.65144357445
2025-02-27 04:00:00+00:00,109039.65144357445
2025-02-27 08:00:00+00:00,109039.65144357445
2025-02-27 12:00:00+00:00,109039.65144357445
2025-02-27 16:00:00+00:00,109039.65144357445
2025-02-27 20:00:00+00:00,109039.65144357445
2025-02-28 00:00:00+00:00,109039.65144357445
2025-02-28 04:00:00+00:00,109039.65144357445
2025-02-28 08:00:00+00:00,109039.65144357445
2025-02-28 12:00:00+00:00,109039.65144357445
2025-02-28 16:00:00+00:00,109039.65144357445
2025-02-28 20:00:00+00:00,109039.65144357445
2025-03-01 00:00:00+00:00,109039.65144357445
2025-03-01 04:00:00+00:00,109039.65144357445
2025-03-01 08:00:00+00:00,109039.65144357445
2025-03-01 12:00:00+00:00,109039.65144357445
2025-03-01 16:00:00+00:00,109039.65144357445
2025-03-01 20:00:00+00:00,109039.65144357445
2025-03-02 00:00:00+00:00,109039.65144357445
2025-03-02 04:00:00+00:00,109039.65144357445
2025-03-02 08:00:00+00:00,109039.65144357445
2025-03-02 12:00:00+00:00,109039.65144357445
2025-03-02 16:00:00+00:00,109039.65144357445
2025-03-02 20:00:00+00:00,109039.65144357445
2025-03-03 00:00:00+00:00,109039.65144357445
2025-03-03 04:00:00+00:00,109039.65144357445
2025-03-03 08:00:00+00:00,109039.65144357445
2025-03-03 12:00:00+00:00,109039.65144357445
2025-03-03 16:00:00+00:00,109039.65144357445
2025-03-03 20:00:00+00:00,109039.65144357445
2025-03-04 00:00:00+00:00,109039.65144357445
2025-03-04 04:00:00+00:00,109039.65144357445
2025-03-04 08:00:00+00:00,109039.65144357445
2025-03-04 12:00:00+00:00,109039.65144357445
2025-03-04 16:00:00+00:00,109039.65144357445
2025-03-04 20:00:00+00:00,109039.65144357445
2025-03-05 00:00:00+00:00,109039.65144357445
2025-03-05 04:00:00+00:00,109039.65144357445
2025-03-05 08:00:00+00:00,109039.65144357445
2025-03-05 12:00:00+00:00,109039.65144357445
2025-03-05 16:00:00+00:00,109039.65144357445
2025-03-05 20:00:00+00:00,109039.65144357445
2025-03-06 00:00:00+00:00,109039.65144357445
2025-03-06 04:00:00+00:00,109039.65144357445
2025-03-06 08:00:00+00:00,109039.65144357445
2025-03-06 12:00:00+00:00,109039.65144357445
2025-03-06 16:00:00+00:00,109039.65144357445
2025-03-06 20:00:00+00:00,109039.65144357445
2025-03-07 00:00:00+00:00,109039.65144357445
2025-03-07 04:00:00+00:00,109039.65144357445
2025-03-07 08:00:00+00:00,109039.65144357445
2025-03-07 12:00:00+00:00,109039.65144357445
2025-03-07 16:00:00+00:00,109039.65144357445
2025-03-07 20:00:00+00:00,109039.65144357445
2025-03-08 00:00:00+00:00,109039.65144357445
2025-03-08 04:00:00+00:00,109039.65144357445
2025-03-08 08:00:00+00:00,109039.65144357445
2025-03-08 12:00:00+00:00,109039.65144357445
2025-03-08 16:00:00+00:00,109039.65144357445
2025-03-08 20:00:00+00:00,109039.65144357445
2025-03-09 00:00:00+00:00,109039.65144357445
2025-03-09 04:00:00+00:00,109039.65144357445
2025-03-09 08:00:00+00:00,109039.65144357445
2025-03-09 12:00:00+00:00,109039.65144357445
2025-03-09 16:00:00+00:00,109039.65144357445
2025-03-09 20:00:00+00:00,109039.65144357445
2025-03-10 00:00:00+00:00,109039.65144357445
2025-03-10 04:00:00+00:00,109039.65144357445
2025-03-10 08:00:00+00:00,109039.65144357445
2025-03-10 12:00:00+00:00,109039.65144357445
2025-03-10 16:00:00+00:00,109039.65144357445
2025-03-10 20:00:00+00:00,109039.65144357445
2025-03-11 00:00:00+00:00,109039.65144357445
2025-03-11 04:00:00+00:00,109039.65144357445
2025-03-11 08:00:00+00:00,109039.65144357445
2025-03-11 12:00:00+00:00,109039.65144357445
2025-03-11 16:00:00+00:00,109039.65144357445
2025-03-11 20:00:00+00:00,109039.65144357445
2025-03-12 00:00:00+00:00,109039.65144357445
2025-03-12 04:00:00+00:00,109039.65144357445
2025-03-12 08:00:00+00:00,109039.65144357445
2025-03-12 12:00:00+00:00,109039.65144357445
2025-03-12 16:00:00+00:00,109039.65144357445
2025-03-12 20:00:00+00:00,109039.65144357445
2025-03-13 00:00:00+00:00,109039.65144357445
2025-03-13 04:00:00+00:00,109039.65144357445
2025-03-13 08:00:00+00:00,109039.65144357445
2025-03-13 12:00:00+00:00,109039.65144357445
2025-03-13 16:00:00+00:00,109039.65144357445
2025-03-13 20:00:00+00:00,109039.65144357445
2025-03-14 00:00:00+00:00,109039.65144357445
2025-03-14 04:00:00+00:00,109039.65144357445
2025-03-14 08:00:00+00:00,109039.65144357445
2025-03-14 12:00:00+00:00,109039.65144357445
2025-03-14 16:00:00+00:00,109036.81201315908
2025-03-14 20:00:00+00:00,109037.15417611766
2025-03-15 00:00:00+00:00,109066.58019055378
2025-03-15 04:00:00+00:00,109052.85090184158
2025-03-15 08:00:00+00:00,109066.66573129343
2025-03-15 12:00:00+00:00,109067.0506646218
2025-03-15 16:00:00+00:00,109056.70023512536
2025-03-15 20:00:00+00:00,109052.29488703392
2025-03-16 00:00:00+00:00,109048.4455537501
2025-03-16 04:00:00+00:00,109047.93230931227
2025-03-16 08:00:00+00:00,109012.30459125225
2025-03-16 12:00:00+00:00,109011.44918385586
2025-03-16 16:00:00+00:00,109010.97870978784
2025-03-16 20:00:00+00:00,109009.50689473095
2025-03-17 00:00:00+00:00,109009.50689473095
2025-03-17 04:00:00+00:00,109009.50689473095
2025-03-17 08:00:00+00:00,109009.50689473095
2025-03-17 12:00:00+00:00,109009.50689473095
2025-03-17 16:00:00+00:00,109009.50689473095
2025-03-17 20:00:00+00:00,109009.50689473095
2025-03-18 00:00:00+00:00,109009.50689473095
2025-03-18 04:00:00+00:00,109009.50689473095
2025-03-18 08:00:00+00:00,109009.50689473095
2025-03-18 12:00:00+00:00,109009.50689473095
2025-03-18 16:00:00+00:00,109009.50689473095
2025-03-18 20:00:00+00:00,109009.50689473095
2025-03-19 00:00:00+00:00,109009.50689473095
2025-03-19 04:00:00+00:00,109009.50689473095
2025-03-19 08:00:00+00:00,109009.50689473095
2025-03-19 12:00:00+00:00,109009.50689473095
2025-03-19 16:00:00+00:00,109009.50689473095
2025-03-19 20:00:00+00:00,109009.50689473095
2025-03-20 00:00:00+00:00,109009.50689473095
2025-03-20 04:00:00+00:00,109009.50689473095
2025-03-20 08:00:00+00:00,109009.50689473095
2025-03-20 12:00:00+00:00,109009.50689473095
2025-03-20 16:00:00+00:00,109009.50689473095
2025-03-20 20:00:00+00:00,109009.50689473095
2025-03-21 00:00:00+00:00,109009.50689473095
2025-03-21 04:00:00+00:00,109009.50689473095
2025-03-21 08:00:00+00:00,109009.50689473095
2025-03-21 12:00:00+00:00,109009.50689473095
2025-03-21 16:00:00+00:00,109009.50689473095
2025-03-21 20:00:00+00:00,109009.50689473095
2025-03-22 00:00:00+00:00,109009.50689473095
2025-03-22 04:00:00+00:00,109009.50689473095
2025-03-22 08:00:00+00:00,109009.50689473095
2025-03-22 12:00:00+00:00,109009.50689473095
2025-03-22 16:00:00+00:00,109009.50689473095
2025-03-22 20:00:00+00:00,109009.50689473095
2025-03-23 00:00:00+00:00,109009.50689473095
2025-03-23 04:00:00+00:00,109009.50689473095
2025-03-23 08:00:00+00:00,109009.50689473095
2025-03-23 12:00:00+00:00,109009.50689473095
2025-03-23 16:00:00+00:00,109009.50689473095
2025-03-23 20:00:00+00:00,109009.50689473095
2025-03-24 00:00:00+00:00,109009.50689473095
2025-03-24 04:00:00+00:00,109014.93222677686
2025-03-24 08:00:00+00:00,109062.55294289059
2025-03-24 12:00:00+00:00,109054.66910954897
2025-03-24 16:00:00+00:00,109048.45202136607
2025-03-24 20:00:00+00:00,109022.36954077764
2025-03-25 00:00:00+00:00,108959.03750950558
2025-03-25 04:00:00+00:00,108981.37202165763
2025-03-25 08:00:00+00:00,109022.2876335011
2025-03-25 12:00:00+00:00,109054.2641030832
2025-03-25 16:00:00+00:00,109060.90401156653
2025-03-25 20:00:00+00:00,109033.14544521473
2025-03-26 00:00:00+00:00,108994.53565967474
2025-03-26 04:00:00+00:00,109126.82808186019
2025-03-26 08:00:00+00:00,109142.85196083997
2025-03-26 12:00:00+00:00,108879.16508258684
2025-03-26 16:00:00+00:00,108782.73815587212
2025-03-26 20:00:00+00:00,108788.59703725201
2025-03-27 00:00:00+00:00,108823.75032553132
2025-03-27 04:00:00+00:00,108798.3104458555
2025-03-27 08:00:00+00:00,108776.26255013647
2025-03-27 12:00:00+00:00,108767.08877534427
2025-03-27 16:00:00+00:00,108758.76299654128
2025-03-27 20:00:00+00:00,108754.60010713978
2025-03-28 00:00:00+00:00,108745.88887561443
2025-03-28 04:00:00+00:00,108686.22079419297
2025-03-28 08:00:00+00:00,108684.12154774369
2025-03-28 12:00:00+00:00,108684.12154774369
2025-03-28 16:00:00+00:00,108684.12154774369
2025-03-28 20:00:00+00:00,108684.12154774369
2025-03-29 00:00:00+00:00,108684.12154774369
2025-03-29 04:00:00+00:00,108684.12154774369
2025-03-29 08:00:00+00:00,108684.12154774369
2025-03-29 12:00:00+00:00,108684.12154774369
2025-03-29 16:00:00+00:00,108684.12154774369
2025-03-29 20:00:00+00:00,108684.12154774369
2025-03-30 00:00:00+00:00,108684.12154774369
2025-03-30 04:00:00+00:00,108684.12154774369
2025-03-30 08:00:00+00:00,108684.12154774369
2025-03-30 12:00:00+00:00,108684.12154774369
2025-03-30 16:00:00+00:00,108684.12154774369
2025-03-30 20:00:00+00:00,108684.12154774369
2025-03-31 00:00:00+00:00,108684.12154774369
2025-03-31 04:00:00+00:00,108684.12154774369
2025-03-31 08:00:00+00:00,108684.12154774369
2025-03-31 12:00:00+00:00,108684.12154774369
2025-03-31 16:00:00+00:00,108684.12154774369
2025-03-31 20:00:00+00:00,108684.12154774369
2025-04-01 00:00:00+00:00,108684.12154774369
2025-04-01 04:00:00+00:00,108684.12154774369
2025-04-01 08:00:00+00:00,108684.12154774369
2025-04-01 12:00:00+00:00,108684.12154774369
2025-04-01 16:00:00+00:00,108684.12154774369
2025-04-01 20:00:00+00:00,108684.12154774369
2025-04-02 00:00:00+00:00,108684.12154774369
2025-04-02 04:00:00+00:00,108684.12154774369
2025-04-02 08:00:00+00:00,108684.12154774369
2025-04-02 12:00:00+00:00,108684.12154774369
2025-04-02 16:00:00+00:00,108684.12154774369
2025-04-02 20:00:00+00:00,108684.12154774369
2025-04-03 00:00:00+00:00,108684.12154774369
2025-04-03 04:00:00+00:00,108684.12154774369
2025-04-03 08:00:00+00:00,108684.12154774369
2025-04-03 12:00:00+00:00,108684.12154774369
2025-04-03 16:00:00+00:00,108684.12154774369
2025-04-03 20:00:00+00:00,108684.12154774369
2025-04-04 00:00:00+00:00,108684.12154774369
2025-04-04 04:00:00+00:00,108684.12154774369
2025-04-04 08:00:00+00:00,108684.12154774369
2025-04-04 12:00:00+00:00,108684.12154774369
2025-04-04 16:00:00+00:00,108684.12154774369
2025-04-04 20:00:00+00:00,108684.12154774369
2025-04-05 00:00:00+00:00,108684.12154774369
2025-04-05 04:00:00+00:00,108684.12154774369
2025-04-05 08:00:00+00:00,108684.12154774369
2025-04-05 12:00:00+00:00,108684.12154774369
2025-04-05 16:00:00+00:00,108684.12154774369
2025-04-05 20:00:00+00:00,108684.12154774369
2025-04-06 00:00:00+00:00,108684.12154774369
2025-04-06 04:00:00+00:00,108684.12154774369
2025-04-06 08:00:00+00:00,108684.12154774369
2025-04-06 12:00:00+00:00,108684.12154774369
2025-04-06 16:00:00+00:00,108684.12154774369
2025-04-06 20:00:00+00:00,108684.12154774369
2025-04-07 00:00:00+00:00,108684.12154774369
2025-04-07 04:00:00+00:00,108684.12154774369
2025-04-07 08:00:00+00:00,108684.12154774369
2025-04-07 12:00:00+00:00,108684.12154774369
2025-04-07 16:00:00+00:00,108684.12154774369
2025-04-07 20:00:00+00:00,108684.12154774369
2025-04-08 00:00:00+00:00,108684.12154774369
2025-04-08 04:00:00+00:00,108684.12154774369
2025-04-08 08:00:00+00:00,108684.12154774369
2025-04-08 12:00:00+00:00,108684.12154774369
2025-04-08 16:00:00+00:00,108684.12154774369
2025-04-08 20:00:00+00:00,108684.12154774369
2025-04-09 00:00:00+00:00,108684.12154774369
2025-04-09 04:00:00+00:00,108684.12154774369
2025-04-09 08:00:00+00:00,108684.12154774369
2025-04-09 12:00:00+00:00,108684.12154774369
2025-04-09 16:00:00+00:00,108684.12154774369
2025-04-09 20:00:00+00:00,108684.12154774369
2025-04-10 00:00:00+00:00,108684.12154774369
2025-04-10 04:00:00+00:00,108684.12154774369
2025-04-10 08:00:00+00:00,108684.12154774369
2025-04-10 12:00:00+00:00,108684.12154774369
2025-04-10 16:00:00+00:00,108684.12154774369
2025-04-10 20:00:00+00:00,108684.12154774369
2025-04-11 00:00:00+00:00,108684.12154774369
2025-04-11 04:00:00+00:00,108684.12154774369
2025-04-11 08:00:00+00:00,108684.12154774369
2025-04-11 12:00:00+00:00,108684.12154774369
2025-04-11 16:00:00+00:00,108684.12154774369
2025-04-11 20:00:00+00:00,108684.12154774369
2025-04-12 00:00:00+00:00,108684.12154774369
2025-04-12 04:00:00+00:00,108684.12154774369
2025-04-12 08:00:00+00:00,108685.23964471606
2025-04-12 12:00:00+00:00,108728.27057329596
2025-04-12 16:00:00+00:00,108716.56319004516
2025-04-12 20:00:00+00:00,108743.23917806479
2025-04-13 00:00:00+00:00,108735.65278778505
2025-04-13 04:00:00+00:00,108675.74851948895
2025-04-13 08:00:00+00:00,108694.12620682167
2025-04-13 12:00:00+00:00,108626.07292643646
2025-04-13 16:00:00+00:00,108615.75268666915
2025-04-13 20:00:00+00:00,108609.4523864624
2025-04-14 00:00:00+00:00,108678.75091353751
2025-04-14 04:00:00+00:00,108670.64678779444
2025-04-14 08:00:00+00:00,108710.17338439226
2025-04-14 12:00:00+00:00,108601.69934726384
2025-04-14 16:00:00+00:00,108650.21553553008
2025-04-14 20:00:00+00:00,108619.27642905813
2025-04-15 00:00:00+00:00,108655.88473224975
2025-04-15 04:00:00+00:00,108668.9484498059
2025-04-15 08:00:00+00:00,108670.40649053289
2025-04-15 12:00:00+00:00,108630.66306049505
2025-04-15 16:00:00+00:00,108591.75498422908
2025-04-15 20:00:00+00:00,108555.80848070118
2025-04-16 00:00:00+00:00,108553.63557089849
2025-04-16 04:00:00+00:00,108547.31322663696
2025-04-16 08:00:00+00:00,108544.93231497386
2025-04-16 12:00:00+00:00,108544.93231497386
2025-04-16 16:00:00+00:00,108544.93231497386
2025-04-16 20:00:00+00:00,108544.93231497386
2025-04-17 00:00:00+00:00,108544.93231497386
2025-04-17 04:00:00+00:00,108544.93231497386
2025-04-17 08:00:00+00:00,108544.93231497386
2025-04-17 12:00:00+00:00,108544.93231497386
2025-04-17 16:00:00+00:00,108544.93231497386
2025-04-17 20:00:00+00:00,108544.93231497386
2025-04-18 00:00:00+00:00,108544.93231497386
2025-04-18 04:00:00+00:00,108544.93231497386
2025-04-18 08:00:00+00:00,108544.93231497386
2025-04-18 12:00:00+00:00,108544.93231497386
2025-04-18 16:00:00+00:00,108544.93231497386
2025-04-18 20:00:00+00:00,108544.93231497386
2025-04-19 00:00:00+00:00,108544.93231497386
2025-04-19 04:00:00+00:00,108542.53585949136
2025-04-19 08:00:00+00:00,108542.53585949136
2025-04-19 12:00:00+00:00,108544.29864532844
2025-04-19 16:00:00+00:00,108542.0719684816
2025-04-19 20:00:00+00:00,108552.64868350411
2025-04-20 00:00:00+00:00,108562.94706392076
2025-04-20 04:00:00+00:00,108550.23645025336
2025-04-20 08:00:00+00:00,108516.8732738638
2025-04-20 12:00:00+00:00,108516.8732738638
2025-04-20 16:00:00+00:00,108516.8732738638
2025-04-20 20:00:00+00:00,108516.8732738638
2025-04-21 00:00:00+00:00,108539.91270020671
2025-04-21 04:00:00+00:00,108568.36265197297
2025-04-21 08:00:00+00:00,108564.78006545428
2025-04-21 12:00:00+00:00,108558.03637318374
2025-04-21 16:00:00+00:00,108525.16087336495
2025-04-21 20:00:00+00:00,108521.15680607932
2025-04-22 00:00:00+00:00,108533.37974831965
2025-04-22 04:00:00+00:00,108553.61082513121
2025-04-22 08:00:00+00:00,108555.50748858231
2025-04-22 12:00:00+00:00,108615.56849786665
2025-04-22 16:00:00+00:00,108630.75930062836
2025-04-22 20:00:00+00:00,108764.79206695524
2025-04-23 00:00:00+00:00,108861.64852053567
2025-04-23 04:00:00+00:00,108918.93087277655
2025-04-23 08:00:00+00:00,108891.96856661723
2025-04-23 12:00:00+00:00,108807.07347583008
2025-04-23 16:00:00+00:00,108792.31515307855
2025-04-23 20:00:00+00:00,108807.62104870655
2025-04-24 00:00:00+00:00,108621.18232371143
2025-04-24 04:00:00+00:00,108579.44641558063
2025-04-24 08:00:00+00:00,108625.77466600755
2025-04-24 12:00:00+00:00,108853.53376841181
2025-04-24 16:00:00+00:00,108886.21474486816
2025-04-24 20:00:00+00:00,108917.01588282036
2025-04-25 00:00:00+00:00,108826.36376644688
2025-04-25 04:00:00+00:00,108916.99072662566
2025-04-25 08:00:00+00:00,108967.76838802287
2025-04-25 12:00:00+00:00,108970.53653839887
2025-04-25 16:00:00+00:00,108946.42249483001
2025-04-25 20:00:00+00:00,108896.86882313268
2025-04-26 00:00:00+00:00,109000.85804848722
2025-04-26 04:00:00+00:00,109013.25082835124
2025-04-26 08:00:00+00:00,108849.17172093553
2025-04-26 12:00:00+00:00,108896.92523489949
2025-04-26 16:00:00+00:00,108886.88085442345
2025-04-26 20:00:00+00:00,108893.73425924157
2025-04-27 00:00:00+00:00,108789.0482398711
2025-04-27 04:00:00+00:00,108770.33589159056
2025-04-27 08:00:00+00:00,108779.44167628701
2025-04-27 12:00:00+00:00,108769.0665905354
2025-04-27 16:00:00+00:00,108820.42870603869
2025-04-27 20:00:00+00:00,108736.06745095953
2025-04-28 00:00:00+00:00,108649.54076723778
2025-04-28 04:00:00+00:00,108649.54076723778
2025-04-28 08:00:00+00:00,108635.53030621537
2025-04-28 12:00:00+00:00,108604.67173784699
2025-04-28 16:00:00+00:00,108617.29254558418
2025-04-28 20:00:00+00:00,108619.23420831298
2025-04-29 00:00:00+00:00,108614.10267110115
2025-04-29 04:00:00+00:00,108613.27052993166
2025-04-29 08:00:00+00:00,108616.66843970706
2025-04-29 12:00:00+00:00,108617.43123577909
2025-04-29 16:00:00+00:00,108617.22320048671
2025-04-29 20:00:00+00:00,108565.74059619835
2025-04-30 00:00:00+00:00,108565.74059619835
2025-04-30 04:00:00+00:00,108565.74059619835
2025-04-30 08:00:00+00:00,108565.74059619835
2025-04-30 12:00:00+00:00,108565.74059619835
2025-04-30 16:00:00+00:00,108565.74059619835
2025-04-30 20:00:00+00:00,108565.74059619835
2025-05-01 00:00:00+00:00,108565.74059619835
2025-05-01 04:00:00+00:00,108565.74059619835
2025-05-01 08:00:00+00:00,108565.74059619835
2025-05-01 12:00:00+00:00,108565.74059619835
2025-05-01 16:00:00+00:00,108565.74059619835
2025-05-01 20:00:00+00:00,108565.74059619835
2025-05-02 00:00:00+00:00,108565.74059619835
2025-05-02 04:00:00+00:00,108565.74059619835
2025-05-02 08:00:00+00:00,108565.74059619835
2025-05-02 12:00:00+00:00,108565.74059619835
2025-05-02 16:00:00+00:00,108565.74059619835
2025-05-02 20:00:00+00:00,108565.74059619835
2025-05-03 00:00:00+00:00,108565.74059619835
2025-05-03 04:00:00+00:00,108565.74059619835
2025-05-03 08:00:00+00:00,108565.74059619835
2025-05-03 12:00:00+00:00,108565.74059619835
2025-05-03 16:00:00+00:00,108565.74059619835
2025-05-03 20:00:00+00:00,108565.74059619835
2025-05-04 00:00:00+00:00,108565.74059619835
2025-05-04 04:00:00+00:00,108565.74059619835
2025-05-04 08:00:00+00:00,108565.74059619835
2025-05-04 12:00:00+00:00,108565.74059619835
2025-05-04 16:00:00+00:00,108565.74059619835
2025-05-04 20:00:00+00:00,108565.74059619835
2025-05-05 00:00:00+00:00,108565.74059619835
2025-05-05 04:00:00+00:00,108565.74059619835
2025-05-05 08:00:00+00:00,108565.74059619835
2025-05-05 12:00:00+00:00,108565.74059619835
2025-05-05 16:00:00+00:00,108565.74059619835
2025-05-05 20:00:00+00:00,108565.74059619835
2025-05-06 00:00:00+00:00,108565.74059619835
2025-05-06 04:00:00+00:00,108565.74059619835
2025-05-06 08:00:00+00:00,108565.74059619835
2025-05-06 12:00:00+00:00,108565.74059619835
2025-05-06 16:00:00+00:00,108565.74059619835
2025-05-06 20:00:00+00:00,108565.74059619835
2025-05-07 00:00:00+00:00,108565.74059619835
2025-05-07 04:00:00+00:00,108565.74059619835
2025-05-07 08:00:00+00:00,108565.74059619835
2025-05-07 12:00:00+00:00,108565.74059619835
2025-05-07 16:00:00+00:00,108565.74059619835
2025-05-07 20:00:00+00:00,108565.74059619835
2025-05-08 00:00:00+00:00,108565.74059619835
2025-05-08 04:00:00+00:00,108565.74059619835
2025-05-08 08:00:00+00:00,108565.44280403381
2025-05-08 12:00:00+00:00,108606.78088293009
2025-05-08 16:00:00+00:00,108669.98089684025
2025-05-08 20:00:00+00:00,108796.10701661944
2025-05-09 00:00:00+00:00,108731.17700315562
2025-05-09 04:00:00+00:00,108959.67177332715
2025-05-09 08:00:00+00:00,109003.73201822056
2025-05-09 12:00:00+00:00,108945.75603665964
2025-05-09 16:00:00+00:00,108998.88430046361
2025-05-09 20:00:00+00:00,109023.57527105683
2025-05-10 00:00:00+00:00,109047.46600685609
2025-05-10 04:00:00+00:00,109121.02850365831
2025-05-10 08:00:00+00:00,109022.34440417586
2025-05-10 12:00:00+00:00,109105.59218617101
2025-05-10 16:00:00+00:00,109225.81934276033
2025-05-10 20:00:00+00:00,109489.30858478554
2025-05-11 00:00:00+00:00,109268.93612657173
2025-05-11 04:00:00+00:00,109011.6738250718
2025-05-11 08:00:00+00:00,109159.6186529724
2025-05-11 12:00:00+00:00,108973.42358134691
2025-05-11 16:00:00+00:00,109092.4415252769
2025-05-11 20:00:00+00:00,109088.57738187879
2025-05-12 00:00:00+00:00,109171.16737808331
2025-05-12 04:00:00+00:00,109270.2872555574
2025-05-12 08:00:00+00:00,109198.13398355199
2025-05-12 12:00:00+00:00,109051.49036356261
2025-05-12 16:00:00+00:00,108940.520118535
2025-05-12 20:00:00+00:00,109055.11141267372
2025-05-13 00:00:00+00:00,108726.17073790163
2025-05-13 04:00:00+00:00,108775.2143228089
2025-05-13 08:00:00+00:00,108800.46186942069
2025-05-13 12:00:00+00:00,108806.29952856078
2025-05-13 16:00:00+00:00,108868.74811795609
2025-05-13 20:00:00+00:00,108871.3727619851
2025-05-14 00:00:00+00:00,108861.11324502715
2025-05-14 04:00:00+00:00,108863.55496322567
2025-05-14 08:00:00+00:00,108842.98225551158
2025-05-14 12:00:00+00:00,108793.4916934111
2025-05-14 16:00:00+00:00,108802.26308177068
2025-05-14 20:00:00+00:00,108802.85588244579
2025-05-15 00:00:00+00:00,108783.96018317688
2025-05-15 04:00:00+00:00,108739.38802565365
2025-05-15 08:00:00+00:00,108737.64871017203
2025-05-15 12:00:00+00:00,108737.64871017203
2025-05-15 16:00:00+00:00,108737.64871017203
2025-05-15 20:00:00+00:00,108737.64871017203
2025-05-16 00:00:00+00:00,108737.64871017203
2025-05-16 04:00:00+00:00,108737.64871017203
2025-05-16 08:00:00+00:00,108737.64871017203
2025-05-16 12:00:00+00:00,108737.64871017203
2025-05-16 16:00:00+00:00,108737.64871017203
2025-05-16 20:00:00+00:00,108737.64871017203
2025-05-17 00:00:00+00:00,108737.64871017203
2025-05-17 04:00:00+00:00,108737.64871017203
2025-05-17 08:00:00+00:00,108737.64871017203
2025-05-17 12:00:00+00:00,108737.64871017203
2025-05-17 16:00:00+00:00,108737.64871017203
2025-05-17 20:00:00+00:00,108737.64871017203
2025-05-18 00:00:00+00:00,108737.64871017203
2025-05-18 04:00:00+00:00,108737.64871017203
2025-05-18 08:00:00+00:00,108737.64871017203
2025-05-18 12:00:00+00:00,108737.64871017203
2025-05-18 16:00:00+00:00,108737.64871017203
2025-05-18 20:00:00+00:00,108737.64871017203
2025-05-19 00:00:00+00:00,108737.64871017203
2025-05-19 04:00:00+00:00,108737.64871017203
2025-05-19 08:00:00+00:00,108737.64871017203
2025-05-19 12:00:00+00:00,108737.64871017203
2025-05-19 16:00:00+00:00,108737.64871017203
2025-05-19 20:00:00+00:00,108737.64871017203
2025-05-20 00:00:00+00:00,108737.64871017203
2025-05-20 04:00:00+00:00,108737.64871017203
2025-05-20 08:00:00+00:00,108737.64871017203
2025-05-20 12:00:00+00:00,108737.64871017203
2025-05-20 16:00:00+00:00,108737.64871017203
2025-05-20 20:00:00+00:00,108737.64871017203
2025-05-21 00:00:00+00:00,108737.64871017203
2025-05-21 04:00:00+00:00,108737.64871017203
2025-05-21 08:00:00+00:00,108737.64871017203
2025-05-21 12:00:00+00:00,108737.64871017203
2025-05-21 16:00:00+00:00,108737.64871017203
2025-05-21 20:00:00+00:00,108737.64871017203
2025-05-22 00:00:00+00:00,108737.64871017203
2025-05-22 04:00:00+00:00,108737.64871017203
2025-05-22 08:00:00+00:00,108737.64871017203
2025-05-22 12:00:00+00:00,108741.72302518139
2025-05-22 16:00:00+00:00,108729.24825495474
2025-05-22 20:00:00+00:00,108741.85684772489
2025-05-23 00:00:00+00:00,108765.67726046742
2025-05-23 04:00:00+00:00,108635.33951912432
2025-05-23 08:00:00+00:00,108484.81253422776
2025-05-23 12:00:00+00:00,108457.33804365642
2025-05-23 16:00:00+00:00,108454.0635732952
2025-05-23 20:00:00+00:00,108439.744561141
2025-05-24 00:00:00+00:00,108438.16022068403
2025-05-24 04:00:00+00:00,108438.16022068403
2025-05-24 08:00:00+00:00,108438.16022068403
2025-05-24 12:00:00+00:00,108438.16022068403
2025-05-24 16:00:00+00:00,108438.16022068403
2025-05-24 20:00:00+00:00,108438.16022068403
2025-05-25 00:00:00+00:00,108438.16022068403
2025-05-25 04:00:00+00:00,108438.16022068403
2025-05-25 08:00:00+00:00,108438.16022068403
2025-05-25 12:00:00+00:00,108438.16022068403
2025-05-25 16:00:00+00:00,108438.16022068403
2025-05-25 20:00:00+00:00,108438.16022068403
2025-05-26 00:00:00+00:00,108438.16022068403
2025-05-26 04:00:00+00:00,108438.16022068403
2025-05-26 08:00:00+00:00,108438.16022068403
2025-05-26 12:00:00+00:00,108438.16022068403
2025-05-26 16:00:00+00:00,108438.16022068403
2025-05-26 20:00:00+00:00,108438.16022068403
2025-05-27 00:00:00+00:00,108438.16022068403
2025-05-27 04:00:00+00:00,108438.16022068403
2025-05-27 08:00:00+00:00,108438.16022068403
2025-05-27 12:00:00+00:00,108438.16022068403
2025-05-27 16:00:00+00:00,108438.16022068403
2025-05-27 20:00:00+00:00,108438.16022068403
2025-05-28 00:00:00+00:00,108438.16022068403
2025-05-28 04:00:00+00:00,108438.16022068403
2025-05-28 08:00:00+00:00,108438.16022068403
2025-05-28 12:00:00+00:00,108438.16022068403
2025-05-28 16:00:00+00:00,108438.16022068403
2025-05-28 20:00:00+00:00,108438.16022068403
2025-05-29 00:00:00+00:00,108438.16022068403
2025-05-29 04:00:00+00:00,108418.49254326608
2025-05-29 08:00:00+00:00,108410.23996284038
2025-05-29 12:00:00+00:00,108355.79645059259
2025-05-29 16:00:00+00:00,108355.79645059259
2025-05-29 20:00:00+00:00,108355.79645059259
2025-05-30 00:00:00+00:00,108355.79645059259
2025-05-30 04:00:00+00:00,108355.79645059259
2025-05-30 08:00:00+00:00,108355.79645059259
2025-05-30 12:00:00+00:00,108355.79645059259
2025-05-30 16:00:00+00:00,108355.79645059259
2025-05-30 20:00:00+00:00,108355.79645059259
2025-05-31 00:00:00+00:00,108355.79645059259
2025-05-31 04:00:00+00:00,108355.79645059259
2025-05-31 08:00:00+00:00,108355.79645059259
2025-05-31 12:00:00+00:00,108355.79645059259
2025-05-31 16:00:00+00:00,108355.79645059259
2025-05-31 20:00:00+00:00,108355.79645059259
2025-06-01 00:00:00+00:00,108355.79645059259
2025-06-01 04:00:00+00:00,108355.79645059259
2025-06-01 08:00:00+00:00,108355.79645059259
2025-06-01 12:00:00+00:00,108355.79645059259
2025-06-01 16:00:00+00:00,108355.79645059259
2025-06-01 20:00:00+00:00,108355.79645059259
2025-06-02 00:00:00+00:00,108355.79645059259
2025-06-02 04:00:00+00:00,108355.79645059259
2025-06-02 08:00:00+00:00,108355.79645059259
2025-06-02 12:00:00+00:00,108355.79645059259
2025-06-02 16:00:00+00:00,108355.79645059259
2025-06-02 20:00:00+00:00,108355.79645059259
2025-06-03 00:00:00+00:00,108355.79645059259
2025-06-03 04:00:00+00:00,108355.79645059259
2025-06-03 08:00:00+00:00,108355.79645059259
2025-06-03 12:00:00+00:00,108355.79645059259
2025-06-03 16:00:00+00:00,108355.79645059259
2025-06-03 20:00:00+00:00,108355.79645059259
2025-06-04 00:00:00+00:00,108355.79645059259
2025-06-04 04:00:00+00:00,108355.79645059259
2025-06-04 08:00:00+00:00,108355.79645059259
2025-06-04 12:00:00+00:00,108355.79645059259
2025-06-04 16:00:00+00:00,108323.53628084848
2025-06-04 20:00:00+00:00,108313.14171325554
2025-06-05 00:00:00+00:00,108324.37818779
2025-06-05 04:00:00+00:00,108310.64913837356
2025-06-05 08:00:00+00:00,108313.11519650147
2025-06-05 12:00:00+00:00,108300.79153505039
2025-06-05 16:00:00+00:00,108274.4714949733
2025-06-05 20:00:00+00:00,108274.4714949733
2025-06-06 00:00:00+00:00,108274.4714949733
2025-06-06 04:00:00+00:00,108274.4714949733
2025-06-06 08:00:00+00:00,108274.4714949733
2025-06-06 12:00:00+00:00,108274.4714949733
2025-06-06 16:00:00+00:00,108274.4714949733
2025-06-06 20:00:00+00:00,108274.4714949733
2025-06-07 00:00:00+00:00,108274.4714949733
2025-06-07 04:00:00+00:00,108274.4714949733
2025-06-07 08:00:00+00:00,108274.4714949733
2025-06-07 12:00:00+00:00,108274.4714949733
2025-06-07 16:00:00+00:00,108274.4714949733
2025-06-07 20:00:00+00:00,108274.4714949733
2025-06-08 00:00:00+00:00,108274.4714949733
2025-06-08 04:00:00+00:00,108274.4714949733
2025-06-08 08:00:00+00:00,108274.4714949733
2025-06-08 12:00:00+00:00,108274.4714949733
2025-06-08 16:00:00+00:00,108274.4714949733
2025-06-08 20:00:00+00:00,108274.4714949733
2025-06-09 00:00:00+00:00,108274.4714949733
2025-06-09 04:00:00+00:00,108274.4714949733
2025-06-09 08:00:00+00:00,108274.4714949733
2025-06-09 12:00:00+00:00,108263.91613736561
2025-06-09 16:00:00+00:00,108297.49579586442
2025-06-09 20:00:00+00:00,108379.65969414137
2025-06-10 00:00:00+00:00,108333.64283946673
2025-06-10 04:00:00+00:00,108306.99261967985
2025-06-10 08:00:00+00:00,108338.53957326361
2025-06-10 12:00:00+00:00,108292.86254630645
2025-06-10 16:00:00+00:00,108329.46242752635
2025-06-10 20:00:00+00:00,108377.24428319423
2025-06-11 00:00:00+00:00,108339.9764596817
2025-06-11 04:00:00+00:00,108329.98463817145
2025-06-11 08:00:00+00:00,108273.23025327969
2025-06-11 12:00:00+00:00,108410.4689560309
2025-06-11 16:00:00+00:00,108175.94338449764
2025-06-11 20:00:00+00:00,108113.24520141375
2025-06-12 00:00:00+00:00,107989.0909146864
2025-06-12 04:00:00+00:00,107944.62469976205
2025-06-12 08:00:00+00:00,107917.47371638067
2025-06-12 12:00:00+00:00,107911.84264059333
2025-06-12 16:00:00+00:00,107909.94833479276
2025-06-12 20:00:00+00:00,107909.94833479276
2025-06-13 00:00:00+00:00,107909.94833479276
2025-06-13 04:00:00+00:00,107909.94833479276
2025-06-13 08:00:00+00:00,107909.94833479276
2025-06-13 12:00:00+00:00,107909.94833479276
2025-06-13 16:00:00+00:00,107909.94833479276
2025-06-13 20:00:00+00:00,107909.94833479276
2025-06-14 00:00:00+00:00,107909.94833479276
2025-06-14 04:00:00+00:00,107909.94833479276
2025-06-14 08:00:00+00:00,107909.94833479276
2025-06-14 12:00:00+00:00,107909.94833479276
2025-06-14 16:00:00+00:00,107909.94833479276
2025-06-14 20:00:00+00:00,107909.94833479276
2025-06-15 00:00:00+00:00,107909.94833479276
2025-06-15 04:00:00+00:00,107909.94833479276
2025-06-15 08:00:00+00:00,107909.94833479276
2025-06-15 12:00:00+00:00,107909.94833479276
2025-06-15 16:00:00+00:00,107909.94833479276
2025-06-15 20:00:00+00:00,107909.94833479276
2025-06-16 00:00:00+00:00,107909.94833479276
2025-06-16 04:00:00+00:00,107909.94833479276
2025-06-16 08:00:00+00:00,107909.94833479276
2025-06-16 12:00:00+00:00,107909.94833479276
2025-06-16 16:00:00+00:00,107909.94833479276
2025-06-16 20:00:00+00:00,107909.94833479276
2025-06-17 00:00:00+00:00,107909.94833479276
2025-06-17 04:00:00+00:00,107909.94833479276
2025-06-17 08:00:00+00:00,107909.94833479276
2025-06-17 12:00:00+00:00,107909.94833479276
2025-06-17 16:00:00+00:00,107909.94833479276
2025-06-17 20:00:00+00:00,107909.94833479276
2025-06-18 00:00:00+00:00,107909.94833479276
2025-06-18 04:00:00+00:00,107909.94833479276
2025-06-18 08:00:00+00:00,107909.94833479276
2025-06-18 12:00:00+00:00,107909.94833479276
2025-06-18 16:00:00+00:00,107909.94833479276
2025-06-18 20:00:00+00:00,107909.94833479276
2025-06-19 00:00:00+00:00,107909.94833479276
2025-06-19 04:00:00+00:00,107909.94833479276
2025-06-19 08:00:00+00:00,107909.94833479276
2025-06-19 12:00:00+00:00,107909.94833479276
2025-06-19 16:00:00+00:00,107909.94833479276
2025-06-19 20:00:00+00:00,107909.94833479276
2025-06-20 00:00:00+00:00,107909.94833479276
2025-06-20 04:00:00+00:00,107909.94833479276
2025-06-20 08:00:00+00:00,107909.94833479276
2025-06-20 12:00:00+00:00,107909.94833479276
2025-06-20 16:00:00+00:00,107909.94833479276
2025-06-20 20:00:00+00:00,107909.94833479276
2025-06-21 00:00:00+00:00,107909.94833479276
2025-06-21 04:00:00+00:00,107909.94833479276
2025-06-21 08:00:00+00:00,107909.94833479276
2025-06-21 12:00:00+00:00,107909.94833479276
2025-06-21 16:00:00+00:00,107909.94833479276
2025-06-21 20:00:00+00:00,107909.94833479276
2025-06-22 00:00:00+00:00,107909.94833479276
2025-06-22 04:00:00+00:00,107909.94833479276
2025-06-22 08:00:00+00:00,107909.94833479276
2025-06-22 12:00:00+00:00,107909.94833479276
2025-06-22 16:00:00+00:00,107909.94833479276
2025-06-22 20:00:00+00:00,107909.94833479276
2025-06-23 00:00:00+00:00,107909.94833479276
2025-06-23 04:00:00+00:00,107909.94833479276
2025-06-23 08:00:00+00:00,107909.94833479276
2025-06-23 12:00:00+00:00,107909.94833479276
2025-06-23 16:00:00+00:00,107909.94833479276
2025-06-23 20:00:00+00:00,107909.94833479276
2025-06-24 00:00:00+00:00,107909.94833479276
2025-06-24 04:00:00+00:00,107909.94833479276
2025-06-24 08:00:00+00:00,107909.94833479276
2025-06-24 12:00:00+00:00,107909.94833479276
2025-06-24 16:00:00+00:00,107909.94833479276
2025-06-24 20:00:00+00:00,107909.94833479276
2025-06-25 00:00:00+00:00,107909.94833479276
2025-06-25 04:00:00+00:00,107909.94833479276
2025-06-25 08:00:00+00:00,107909.94833479276
2025-06-25 12:00:00+00:00,107902.21029085327
2025-06-25 16:00:00+00:00,107920.41427268717
2025-06-25 20:00:00+00:00,107909.49338991549
2025-06-26 00:00:00+00:00,107922.85452511339
2025-06-26 04:00:00+00:00,107920.11003192599
2025-06-26 08:00:00+00:00,107884.40291660464
2025-06-26 12:00:00+00:00,107874.05779364482
2025-06-26 16:00:00+00:00,107881.2091299086
2025-06-26 20:00:00+00:00,107855.31423325466
2025-06-27 00:00:00+00:00,107886.32666652564
2025-06-27 04:00:00+00:00,107868.27072075638
2025-06-27 08:00:00+00:00,107874.23008214282
2025-06-27 12:00:00+00:00,107877.3190792756
2025-06-27 16:00:00+00:00,107849.54795734998
2025-06-27 20:00:00+00:00,107861.8754611892
2025-06-28 00:00:00+00:00,107866.36717009857
2025-06-28 04:00:00+00:00,107877.03498275651
2025-06-28 08:00:00+00:00,107871.9549639133
2025-06-28 12:00:00+00:00,107879.62202550289
2025-06-28 16:00:00+00:00,107872.0163891068
2025-06-28 20:00:00+00:00,107875.22081941509
2025-06-29 00:00:00+00:00,107868.38561798699
2025-06-29 04:00:00+00:00,107880.71038241485
2025-06-29 08:00:00+00:00,107920.34549830873
2025-06-29 12:00:00+00:00,107887.05422691535
2025-06-29 16:00:00+00:00,107879.03706028748
2025-06-29 20:00:00+00:00,107940.06752755414
2025-06-30 00:00:00+00:00,107925.38280564814
2025-06-30 04:00:00+00:00,107879.26280220448
2025-06-30 08:00:00+00:00,107864.45191634864
2025-06-30 12:00:00+00:00,107927.15956410542
2025-06-30 16:00:00+00:00,107950.21833369149
2025-06-30 20:00:00+00:00,107826.30270936526
2025-07-01 00:00:00+00:00,105672.17976649462
2025-07-01 04:00:00+00:00,105620.42709309123
2025-07-01 08:00:00+00:00,105610.09020544267
2025-07-01 12:00:00+00:00,105608.21443368099
2025-07-01 16:00:00+00:00,105608.21443368099
2025-07-01 20:00:00+00:00,105608.21443368099
2025-07-02 00:00:00+00:00,105608.21443368099
2025-07-02 04:00:00+00:00,105608.21443368099
2025-07-02 08:00:00+00:00,105608.21443368099
2025-07-02 12:00:00+00:00,105608.21443368099
2025-07-02 16:00:00+00:00,105608.21443368099
2025-07-02 20:00:00+00:00,105608.21443368099
2025-07-03 00:00:00+00:00,105608.21443368099
2025-07-03 04:00:00+00:00,105608.21443368099
2025-07-03 08:00:00+00:00,105608.21443368099
2025-07-03 12:00:00+00:00,105608.21443368099
2025-07-03 16:00:00+00:00,105608.21443368099
2025-07-03 20:00:00+00:00,105608.21443368099
2025-07-04 00:00:00+00:00,105608.21443368099
2025-07-04 04:00:00+00:00,105608.21443368099
2025-07-04 08:00:00+00:00,105608.21443368099
2025-07-04 12:00:00+00:00,105608.21443368099
2025-07-04 16:00:00+00:00,105608.21443368099
2025-07-04 20:00:00+00:00,105608.21443368099
2025-07-05 00:00:00+00:00,105608.21443368099
2025-07-05 04:00:00+00:00,105608.21443368099
2025-07-05 08:00:00+00:00,105608.21443368099
2025-07-05 12:00:00+00:00,105608.21443368099
2025-07-05 16:00:00+00:00,105608.21443368099
2025-07-05 20:00:00+00:00,105608.21443368099
2025-07-06 00:00:00+00:00,105608.21443368099
2025-07-06 04:00:00+00:00,105608.21443368099
2025-07-06 08:00:00+00:00,105608.21443368099
2025-07-06 12:00:00+00:00,105608.21443368099
2025-07-06 16:00:00+00:00,105608.21443368099
2025-07-06 20:00:00+00:00,105608.21443368099
2025-07-07 00:00:00+00:00,105608.21443368099
2025-07-07 04:00:00+00:00,105608.21443368099
2025-07-07 08:00:00+00:00,105608.21443368099
2025-07-07 12:00:00+00:00,105608.21443368099
2025-07-07 16:00:00+00:00,105574.95230971056
2025-07-07 20:00:00+00:00,105552.49744140555
2025-07-08 00:00:00+00:00,105546.59235493085
2025-07-08 04:00:00+00:00,105556.07157269283
2025-07-08 08:00:00+00:00,105570.36809784206
2025-07-08 12:00:00+00:00,105564.54070987363
2025-07-08 16:00:00+00:00,105591.73518705965
2025-07-08 20:00:00+00:00,105584.12606586644
2025-07-09 00:00:00+00:00,105563.4358296156
2025-07-09 04:00:00+00:00,105606.61887627741
2025-07-09 08:00:00+00:00,105646.20235780094
2025-07-09 12:00:00+00:00,105666.00158483101
2025-07-09 16:00:00+00:00,105765.7719026228
2025-07-09 20:00:00+00:00,105754.49532252291
2025-07-10 00:00:00+00:00,105765.7144213182
2025-07-10 04:00:00+00:00,105812.68729060213
2025-07-10 08:00:00+00:00,105817.11882028458
2025-07-10 12:00:00+00:00,105806.36475169391
2025-07-10 16:00:00+00:00,105959.71642692096
2025-07-10 20:00:00+00:00,106205.35615439215
2025-07-11 00:00:00+00:00,106291.28266785888
2025-07-11 04:00:00+00:00,106287.52198103738
2025-07-11 08:00:00+00:00,106422.11974193456
2025-07-11 12:00:00+00:00,106523.59403058767
2025-07-11 16:00:00+00:00,106753.84752375039
2025-07-11 20:00:00+00:00,106449.0807126971
2025-07-12 00:00:00+00:00,106577.92557840362
2025-07-12 04:00:00+00:00,106499.2797474499
2025-07-12 08:00:00+00:00,106529.36292433807
2025-07-12 12:00:00+00:00,106236.80777617918
2025-07-12 16:00:00+00:00,106315.65632523783
2025-07-12 20:00:00+00:00,106318.60635314381
2025-07-13 00:00:00+00:00,106368.0680195531
2025-07-13 04:00:00+00:00,106443.83068747954
2025-07-13 08:00:00+00:00,106413.26256444804
2025-07-13 12:00:00+00:00,106491.26361992584
2025-07-13 16:00:00+00:00,106509.7744865342
2025-07-13 20:00:00+00:00,106487.00760602235
2025-07-14 00:00:00+00:00,106641.24776617826
2025-07-14 04:00:00+00:00,106709.84745730246
2025-07-14 08:00:00+00:00,106668.26044572807
2025-07-14 12:00:00+00:00,106583.38879044454
2025-07-14 16:00:00+00:00,106566.70920093241
2025-07-14 20:00:00+00:00,106593.77128007603
2025-07-15 00:00:00+00:00,106419.26236695211
2025-07-15 04:00:00+00:00,106415.10472627083
2025-07-15 08:00:00+00:00,106456.12953756859
2025-07-15 12:00:00+00:00,106444.86325416295
2025-07-15 16:00:00+00:00,106423.80695897035
2025-07-15 20:00:00+00:00,106467.55121798671
2025-07-16 00:00:00+00:00,106455.89644204985
2025-07-16 04:00:00+00:00,106476.09805367375
2025-07-16 08:00:00+00:00,106492.88093102282
2025-07-16 12:00:00+00:00,106511.99476355928
2025-07-16 16:00:00+00:00,106576.01833270577
2025-07-16 20:00:00+00:00,106559.62394788793
2025-07-17 00:00:00+00:00,106549.75623759472
2025-07-17 04:00:00+00:00,106650.6088987017
2025-07-17 08:00:00+00:00,106734.29018992838
2025-07-17 12:00:00+00:00,106727.29732436626
2025-07-17 16:00:00+00:00,106768.08904014528
2025-07-17 20:00:00+00:00,106904.91610964405
2025-07-18 00:00:00+00:00,107001.02916187004
2025-07-18 04:00:00+00:00,106883.62671893272
2025-07-18 08:00:00+00:00,106910.66579910624
2025-07-18 12:00:00+00:00,106820.45783335491
2025-07-18 16:00:00+00:00,106867.38773112735
2025-07-18 20:00:00+00:00,106851.38183884072
2025-07-19 00:00:00+00:00,106879.04250706421
2025-07-19 04:00:00+00:00,106891.16347403855
2025-07-19 08:00:00+00:00,106835.3759465541
2025-07-19 12:00:00+00:00,106848.74008962837
2025-07-19 16:00:00+00:00,106865.52296697746
2025-07-19 20:00:00+00:00,106861.95175507726
2025-07-20 00:00:00+00:00,106866.04667177857
2025-07-20 04:00:00+00:00,106902.11561437235
2025-07-20 08:00:00+00:00,106937.48102446673
2025-07-20 12:00:00+00:00,106965.79046060897
2025-07-20 16:00:00+00:00,106960.63309363338
2025-07-20 20:00:00+00:00,106902.16548532447
2025-07-21 00:00:00+00:00,106919.56645374546
2025-07-21 04:00:00+00:00,107041.79864291551
2025-07-21 08:00:00+00:00,107006.44277980848
2025-07-21 12:00:00+00:00,107125.51801224417
2025-07-21 16:00:00+00:00,106991.25950902553
2025-07-21 20:00:00+00:00,107015.9733335426
2025-07-22 00:00:00+00:00,106982.35780636828
2025-07-22 04:00:00+00:00,106931.46823111511
2025-07-22 08:00:00+00:00,106988.68781850068
2025-07-22 12:00:00+00:00,106995.12502865761
2025-07-22 16:00:00+00:00,106957.74751497319
2025-07-22 20:00:00+00:00,107036.671713808
2025-07-23 00:00:00+00:00,106968.87920857403
2025-07-23 04:00:00+00:00,106923.77534110897
2025-07-23 08:00:00+00:00,106903.56207011023
2025-07-23 12:00:00+00:00,106846.2896206484
2025-07-23 16:00:00+00:00,106819.34333979186
2025-07-23 20:00:00+00:00,106817.69458428091
2025-07-24 00:00:00+00:00,106817.69458428091
2025-07-24 04:00:00+00:00,106817.69458428091
2025-07-24 08:00:00+00:00,106817.69458428091
2025-07-24 12:00:00+00:00,106817.69458428091
2025-07-24 16:00:00+00:00,106817.69458428091
2025-07-24 20:00:00+00:00,106817.69458428091
2025-07-25 00:00:00+00:00,106817.69458428091
2025-07-25 04:00:00+00:00,106817.69458428091
2025-07-25 08:00:00+00:00,106817.69458428091
2025-07-25 12:00:00+00:00,106817.69458428091
2025-07-25 16:00:00+00:00,106817.69458428091
2025-07-25 20:00:00+00:00,106817.69458428091
2025-07-26 00:00:00+00:00,106817.69458428091
2025-07-26 04:00:00+00:00,106817.69458428091
2025-07-26 08:00:00+00:00,106817.69458428091
2025-07-26 12:00:00+00:00,106817.69458428091
2025-07-26 16:00:00+00:00,106817.69458428091
2025-07-26 20:00:00+00:00,106817.69458428091
2025-07-27 00:00:00+00:00,106817.69458428091
2025-07-27 04:00:00+00:00,106817.69458428091
2025-07-27 08:00:00+00:00,106817.69458428091
2025-07-27 12:00:00+00:00,106817.69458428091
2025-07-27 16:00:00+00:00,106817.69458428091
2025-07-27 20:00:00+00:00,106817.69458428091
2025-07-28 00:00:00+00:00,106817.69458428091
2025-07-28 04:00:00+00:00,106817.69458428091
2025-07-28 08:00:00+00:00,106817.69458428091
2025-07-28 12:00:00+00:00,106817.69458428091
2025-07-28 16:00:00+00:00,106817.69458428091
2025-07-28 20:00:00+00:00,106817.69458428091
2025-07-29 00:00:00+00:00,106817.69458428091
2025-07-29 04:00:00+00:00,106817.69458428091
2025-07-29 08:00:00+00:00,106817.69458428091
2025-07-29 12:00:00+00:00,106817.69458428091
2025-07-29 16:00:00+00:00,106817.69458428091
2025-07-29 20:00:00+00:00,106817.69458428091
2025-07-30 00:00:00+00:00,106817.69458428091
2025-07-30 04:00:00+00:00,106817.69458428091
2025-07-30 08:00:00+00:00,106817.69458428091
2025-07-30 12:00:00+00:00,106817.69458428091
2025-07-30 16:00:00+00:00,106817.69458428091
2025-07-30 20:00:00+00:00,106817.69458428091
2025-07-31 00:00:00+00:00,106817.69458428091
2025-07-31 04:00:00+00:00,106817.69458428091
2025-07-31 08:00:00+00:00,106817.69458428091
2025-07-31 12:00:00+00:00,106817.69458428091
2025-07-31 16:00:00+00:00,106817.69458428091
2025-07-31 20:00:00+00:00,106817.69458428091
2025-08-01 00:00:00+00:00,106817.69458428091
2025-08-01 04:00:00+00:00,106817.69458428091
2025-08-01 08:00:00+00:00,106817.69458428091
2025-08-01 12:00:00+00:00,106817.69458428091
2025-08-01 16:00:00+00:00,106817.69458428091
2025-08-01 20:00:00+00:00,106817.69458428091
2025-08-02 00:00:00+00:00,106817.69458428091
2025-08-02 04:00:00+00:00,106817.69458428091
2025-08-02 08:00:00+00:00,106817.69458428091
2025-08-02 12:00:00+00:00,106817.69458428091
2025-08-02 16:00:00+00:00,106817.69458428091
2025-08-02 20:00:00+00:00,106817.69458428091
2025-08-03 00:00:00+00:00,106817.69458428091
2025-08-03 04:00:00+00:00,106817.69458428091
2025-08-03 08:00:00+00:00,106817.69458428091
2025-08-03 12:00:00+00:00,106817.69458428091
2025-08-03 16:00:00+00:00,106817.69458428091
2025-08-03 20:00:00+00:00,106817.69458428091
2025-08-04 00:00:00+00:00,106817.69458428091
2025-08-04 04:00:00+00:00,106817.69458428091
2025-08-04 08:00:00+00:00,106817.69458428091
2025-08-04 12:00:00+00:00,106817.69458428091
2025-08-04 16:00:00+00:00,106817.69458428091
2025-08-04 20:00:00+00:00,106817.69458428091
2025-08-05 00:00:00+00:00,106817.69458428091
2025-08-05 04:00:00+00:00,106817.69458428091
2025-08-05 08:00:00+00:00,106817.69458428091
2025-08-05 12:00:00+00:00,106817.69458428091
2025-08-05 16:00:00+00:00,106817.69458428091
2025-08-05 20:00:00+00:00,106817.69458428091
2025-08-06 00:00:00+00:00,106817.69458428091
2025-08-06 04:00:00+00:00,106817.69458428091
2025-08-06 08:00:00+00:00,106817.69458428091
2025-08-06 12:00:00+00:00,106817.69458428091
2025-08-06 16:00:00+00:00,106817.69458428091
2025-08-06 20:00:00+00:00,106817.69458428091
2025-08-07 00:00:00+00:00,106817.69458428091
2025-08-07 04:00:00+00:00,106817.69458428091
2025-08-07 08:00:00+00:00,106817.69458428091
2025-08-07 12:00:00+00:00,106817.69458428091
2025-08-07 16:00:00+00:00,106817.69458428091
2025-08-07 20:00:00+00:00,106817.69458428091
2025-08-08 00:00:00+00:00,106817.69458428091
2025-08-08 04:00:00+00:00,106817.69458428091
2025-08-08 08:00:00+00:00,106817.69458428091
2025-08-08 12:00:00+00:00,106817.69458428091
2025-08-08 16:00:00+00:00,106817.69458428091
2025-08-08 20:00:00+00:00,106817.69458428091
2025-08-09 00:00:00+00:00,106817.69458428091
2025-08-09 04:00:00+00:00,106817.69458428091
2025-08-09 08:00:00+00:00,106815.39903252224
2025-08-09 12:00:00+00:00,106811.79713663088
2025-08-09 16:00:00+00:00,106831.89192423529
2025-08-09 20:00:00+00:00,106807.62652033563
2025-08-10 00:00:00+00:00,106847.05780167258
2025-08-10 04:00:00+00:00,106766.81434472723
2025-08-10 08:00:00+00:00,106774.11039367305
2025-08-10 12:00:00+00:00,106807.86615139399
2025-08-10 16:00:00+00:00,106812.37592714983
2025-08-10 20:00:00+00:00,106822.29359720544
2025-08-11 00:00:00+00:00,106936.31137458175
2025-08-11 04:00:00+00:00,106900.10319008477
2025-08-11 08:00:00+00:00,106837.05007431666
2025-08-11 12:00:00+00:00,106827.94414088964
2025-08-11 16:00:00+00:00,106793.52637102651
2025-08-11 20:00:00+00:00,106782.83830376754
2025-08-12 00:00:00+00:00,106787.60167812606
2025-08-12 04:00:00+00:00,106791.42306286821
2025-08-12 08:00:00+00:00,106777.61940010202
2025-08-12 12:00:00+00:00,106772.62234923347
2025-08-12 16:00:00+00:00,106782.19615077817
2025-08-12 20:00:00+00:00,106801.16455513923
2025-08-13 00:00:00+00:00,106815.64802224355
2025-08-13 04:00:00+00:00,106810.10099835435
2025-08-13 08:00:00+00:00,106826.55176878515
2025-08-13 12:00:00+00:00,106820.199822097
2025-08-13 16:00:00+00:00,106839.3533844182
2025-08-13 20:00:00+00:00,106850.21914040379
2025-08-14 00:00:00+00:00,106857.35479991451
2025-08-14 04:00:00+00:00,106815.86829983557
2025-08-14 08:00:00+00:00,106791.65164904966
2025-08-14 12:00:00+00:00,106721.87805646569
2025-08-14 16:00:00+00:00,106700.93720550147
2025-08-14 20:00:00+00:00,106703.13852791647
2025-08-15 00:00:00+00:00,106701.38518835061
2025-08-15 04:00:00+00:00,106701.38518835061
2025-08-15 08:00:00+00:00,106701.38518835061
2025-08-15 12:00:00+00:00,106701.38518835061
2025-08-15 16:00:00+00:00,106701.38518835061
2025-08-15 20:00:00+00:00,106701.38518835061
2025-08-16 00:00:00+00:00,106701.38518835061
2025-08-16 04:00:00+00:00,106701.38518835061
2025-08-16 08:00:00+00:00,106701.38518835061
2025-08-16 12:00:00+00:00,106701.38518835061
2025-08-16 16:00:00+00:00,106701.38518835061
2025-08-16 20:00:00+00:00,106701.38518835061
2025-08-17 00:00:00+00:00,106701.38518835061
2025-08-17 04:00:00+00:00,106701.38518835061
2025-08-17 08:00:00+00:00,106701.38518835061
2025-08-17 12:00:00+00:00,106701.38518835061
2025-08-17 16:00:00+00:00,106701.38518835061
2025-08-17 20:00:00+00:00,106701.38518835061
2025-08-18 00:00:00+00:00,106701.38518835061
2025-08-18 04:00:00+00:00,106701.38518835061
2025-08-18 08:00:00+00:00,106701.38518835061
2025-08-18 12:00:00+00:00,106701.38518835061
2025-08-18 16:00:00+00:00,106701.38518835061
2025-08-18 20:00:00+00:00,106701.38518835061
2025-08-19 00:00:00+00:00,106701.38518835061
2025-08-19 04:00:00+00:00,106701.38518835061
2025-08-19 08:00:00+00:00,106701.38518835061
2025-08-19 12:00:00+00:00,106701.38518835061
2025-08-19 16:00:00+00:00,106701.38518835061
2025-08-19 20:00:00+00:00,106701.38518835061
2025-08-20 00:00:00+00:00,106701.38518835061
2025-08-20 04:00:00+00:00,106701.38518835061
2025-08-20 08:00:00+00:00,106701.38518835061
2025-08-20 12:00:00+00:00,106701.38518835061
2025-08-20 16:00:00+00:00,106701.38518835061
2025-08-20 20:00:00+00:00,106701.38518835061
2025-08-21 00:00:00+00:00,106701.38518835061
2025-08-21 04:00:00+00:00,106701.38518835061
2025-08-21 08:00:00+00:00,106701.38518835061
2025-08-21 12:00:00+00:00,106701.38518835061
2025-08-21 16:00:00+00:00,106701.38518835061
2025-08-21 20:00:00+00:00,106701.38518835061
2025-08-22 00:00:00+00:00,106701.38518835061
2025-08-22 04:00:00+00:00,106701.38518835061
2025-08-22 08:00:00+00:00,106701.38518835061
2025-08-22 12:00:00+00:00,106701.38518835061
2025-08-22 16:00:00+00:00,106701.38518835061
2025-08-22 20:00:00+00:00,106701.38518835061
2025-08-23 00:00:00+00:00,106701.38518835061
2025-08-23 04:00:00+00:00,106701.38518835061
2025-08-23 08:00:00+00:00,106701.38518835061
2025-08-23 12:00:00+00:00,106701.38518835061
2025-08-23 16:00:00+00:00,106701.38518835061
2025-08-23 20:00:00+00:00,106701.38518835061
2025-08-24 00:00:00+00:00,106701.38518835061
2025-08-24 04:00:00+00:00,106701.38518835061
2025-08-24 08:00:00+00:00,106701.38518835061
2025-08-24 12:00:00+00:00,106701.38518835061
2025-08-24 16:00:00+00:00,106701.38518835061
2025-08-24 20:00:00+00:00,106701.38518835061
2025-08-25 00:00:00+00:00,106701.38518835061
2025-08-25 04:00:00+00:00,106701.38518835061
2025-08-25 08:00:00+00:00,106701.38518835061
2025-08-25 12:00:00+00:00,106701.38518835061
2025-08-25 16:00:00+00:00,106701.38518835061
2025-08-25 20:00:00+00:00,106701.38518835061
2025-08-26 00:00:00+00:00,106701.38518835061
2025-08-26 04:00:00+00:00,106701.38518835061
2025-08-26 08:00:00+00:00,106701.38518835061
2025-08-26 12:00:00+00:00,106701.38518835061
2025-08-26 16:00:00+00:00,106701.38518835061
2025-08-26 20:00:00+00:00,106701.38518835061
2025-08-27 00:00:00+00:00,106701.38518835061
2025-08-27 04:00:00+00:00,106701.38518835061
2025-08-27 08:00:00+00:00,106701.38518835061
2025-08-27 12:00:00+00:00,106701.38518835061
2025-08-27 16:00:00+00:00,106701.38518835061
2025-08-27 20:00:00+00:00,106701.38518835061
2025-08-28 00:00:00+00:00,106701.38518835061
2025-08-28 04:00:00+00:00,106701.38518835061
2025-08-28 08:00:00+00:00,106701.38518835061
2025-08-28 12:00:00+00:00,106701.38518835061
2025-08-28 16:00:00+00:00,106701.38518835061
2025-08-28 20:00:00+00:00,106701.38518835061
2025-08-29 00:00:00+00:00,106701.38518835061
2025-08-29 04:00:00+00:00,106701.38518835061
2025-08-29 08:00:00+00:00,106701.38518835061
2025-08-29 12:00:00+00:00,106701.38518835061
2025-08-29 16:00:00+00:00,106701.38518835061
2025-08-29 20:00:00+00:00,106701.38518835061
2025-08-30 00:00:00+00:00,106701.38518835061
2025-08-30 04:00:00+00:00,106701.38518835061
2025-08-30 08:00:00+00:00,106701.38518835061
2025-08-30 12:00:00+00:00,106701.38518835061
2025-08-30 16:00:00+00:00,106701.38518835061
2025-08-30 20:00:00+00:00,106701.38518835061
2025-08-31 00:00:00+00:00,106701.38518835061
2025-08-31 04:00:00+00:00,106701.38518835061
2025-08-31 08:00:00+00:00,106701.38518835061
2025-08-31 12:00:00+00:00,106701.38518835061
2025-08-31 16:00:00+00:00,106701.38518835061
2025-08-31 20:00:00+00:00,106701.38518835061
2025-09-01 00:00:00+00:00,106701.38518835061
2025-09-01 04:00:00+00:00,106701.38518835061
2025-09-01 08:00:00+00:00,106701.38518835061
2025-09-01 12:00:00+00:00,106701.38518835061
2025-09-01 16:00:00+00:00,106701.38518835061
2025-09-01 20:00:00+00:00,106701.38518835061
2025-09-02 00:00:00+00:00,106701.38518835061
2025-09-02 04:00:00+00:00,106701.38518835061
2025-09-02 08:00:00+00:00,106701.38518835061
2025-09-02 12:00:00+00:00,106701.38518835061
2025-09-02 16:00:00+00:00,106701.38518835061
2025-09-02 20:00:00+00:00,106701.38518835061
2025-09-03 00:00:00+00:00,106701.38518835061
2025-09-03 04:00:00+00:00,106701.38518835061
2025-09-03 08:00:00+00:00,106701.38518835061
2025-09-03 12:00:00+00:00,106701.38518835061
2025-09-03 16:00:00+00:00,106696.89016983408
2025-09-03 20:00:00+00:00,106685.91723694968
2025-09-04 00:00:00+00:00,106673.39237318317
2025-09-04 04:00:00+00:00,106658.20354748525
2025-09-04 08:00:00+00:00,106665.96096890168
2025-09-04 12:00:00+00:00,106636.68418358477
2025-09-04 16:00:00+00:00,106633.01770668414
2025-09-04 20:00:00+00:00,106633.01770668414
2025-09-05 00:00:00+00:00,106633.01770668414
2025-09-05 04:00:00+00:00,106633.01770668414
2025-09-05 08:00:00+00:00,106633.01770668414
2025-09-05 12:00:00+00:00,106633.01770668414
2025-09-05 16:00:00+00:00,106633.01770668414
2025-09-05 20:00:00+00:00,106633.01770668414
2025-09-06 00:00:00+00:00,106633.01770668414
2025-09-06 04:00:00+00:00,106633.01770668414
2025-09-06 08:00:00+00:00,106633.01770668414
2025-09-06 12:00:00+00:00,106633.01770668414
2025-09-06 16:00:00+00:00,106633.01770668414
2025-09-06 20:00:00+00:00,106633.01770668414
2025-09-07 00:00:00+00:00,106633.01770668414
2025-09-07 04:00:00+00:00,106633.01770668414
2025-09-07 08:00:00+00:00,106633.01770668414
2025-09-07 12:00:00+00:00,106633.01770668414
2025-09-07 16:00:00+00:00,106633.01770668414
2025-09-07 20:00:00+00:00,106633.01770668414
2025-09-08 00:00:00+00:00,106633.01770668414
2025-09-08 04:00:00+00:00,106633.01770668414
2025-09-08 08:00:00+00:00,106633.01770668414
2025-09-08 12:00:00+00:00,106633.01770668414
2025-09-08 16:00:00+00:00,106616.37805242756
2025-09-08 20:00:00+00:00,106616.43915486884
2025-09-09 00:00:00+00:00,106607.50455620144
2025-09-09 04:00:00+00:00,106696.38492017561
2025-09-09 08:00:00+00:00,106676.97207504674
2025-09-09 12:00:00+00:00,106586.57424697063
2025-09-09 16:00:00+00:00,106607.7184335399
2025-09-09 20:00:00+00:00,106601.76494253417
2025-09-10 00:00:00+00:00,106635.90436738195
2025-09-10 04:00:00+00:00,106653.12903175515
2025-09-10 08:00:00+00:00,106622.806973957
2025-09-10 12:00:00+00:00,106686.33270663509
2025-09-10 16:00:00+00:00,106637.25190621283
2025-09-10 20:00:00+00:00,106673.66534790982
2025-09-11 00:00:00+00:00,106710.04947504446
2025-09-11 04:00:00+00:00,106671.21465899992
2025-09-11 08:00:00+00:00,106683.8586905316
2025-09-11 12:00:00+00:00,106652.7701941714
2025-09-11 16:00:00+00:00,106708.23800336877
2025-09-11 20:00:00+00:00,106773.33239901709
2025-09-12 00:00:00+00:00,106834.37625510809
2025-09-12 04:00:00+00:00,106863.30035346383
2025-09-12 08:00:00+00:00,106825.47012896983
2025-09-12 12:00:00+00:00,106875.25428062164
2025-09-12 16:00:00+00:00,107070.456910047
2025-09-12 20:00:00+00:00,107130.6347819907
2025-09-13 00:00:00+00:00,107208.05318506926
2025-09-13 04:00:00+00:00,107186.59407440074
2025-09-13 08:00:00+00:00,107364.40637108631
2025-09-13 12:00:00+00:00,107250.95784288437
2025-09-13 16:00:00+00:00,107153.48793712
2025-09-13 20:00:00+00:00,107215.05683031611
2025-09-14 00:00:00+00:00,107141.038741398
2025-09-14 04:00:00+00:00,107157.66315068383
2025-09-14 08:00:00+00:00,107060.03589910673
2025-09-14 12:00:00+00:00,106942.7140368283
2025-09-14 16:00:00+00:00,106964.12992737429
2025-09-14 20:00:00+00:00,106937.30814114456
2025-09-15 00:00:00+00:00,106960.26008349136
2025-09-15 04:00:00+00:00,106871.08949878233
2025-09-15 08:00:00+00:00,106868.93767476425
2025-09-15 12:00:00+00:00,106868.93767476425
2025-09-15 16:00:00+00:00,106868.93767476425
2025-09-15 20:00:00+00:00,106868.93767476425
2025-09-16 00:00:00+00:00,106868.93767476425
2025-09-16 04:00:00+00:00,106868.93767476425
2025-09-16 08:00:00+00:00,106868.93767476425
2025-09-16 12:00:00+00:00,106868.93767476425
2025-09-16 16:00:00+00:00,106868.93767476425
2025-09-16 20:00:00+00:00,106868.93767476425
2025-09-17 00:00:00+00:00,106868.93767476425
2025-09-17 04:00:00+00:00,106868.93767476425
2025-09-17 08:00:00+00:00,106834.79092977199
2025-09-17 12:00:00+00:00,106822.12881015206
2025-09-17 16:00:00+00:00,106779.87139199502
2025-09-17 20:00:00+00:00,106779.87139199502
2025-09-18 00:00:00+00:00,106779.87139199502
2025-09-18 04:00:00+00:00,106779.87139199502
2025-09-18 08:00:00+00:00,106779.87139199502
2025-09-18 12:00:00+00:00,106779.87139199502
2025-09-18 16:00:00+00:00,106779.87139199502
2025-09-18 20:00:00+00:00,106779.87139199502
2025-09-19 00:00:00+00:00,106779.87139199502
2025-09-19 04:00:00+00:00,106779.87139199502
2025-09-19 08:00:00+00:00,106779.87139199502
2025-09-19 12:00:00+00:00,106779.87139199502
2025-09-19 16:00:00+00:00,106779.87139199502
2025-09-19 20:00:00+00:00,106779.87139199502
2025-09-20 00:00:00+00:00,106779.87139199502
2025-09-20 04:00:00+00:00,106779.87139199502
2025-09-20 08:00:00+00:00,106779.87139199502
2025-09-20 12:00:00+00:00,106779.87139199502
2025-09-20 16:00:00+00:00,106779.87139199502
2025-09-20 20:00:00+00:00,106779.87139199502
2025-09-21 00:00:00+00:00,106779.87139199502
2025-09-21 04:00:00+00:00,106779.87139199502
2025-09-21 08:00:00+00:00,106779.87139199502
2025-09-21 12:00:00+00:00,106779.87139199502
2025-09-21 16:00:00+00:00,106779.87139199502
2025-09-21 20:00:00+00:00,106779.87139199502
2025-09-22 00:00:00+00:00,106779.87139199502
2025-09-22 04:00:00+00:00,106779.87139199502
2025-09-22 08:00:00+00:00,106779.87139199502
2025-09-22 12:00:00+00:00,106779.87139199502
2025-09-22 16:00:00+00:00,106779.87139199502
2025-09-22 20:00:00+00:00,106779.87139199502
2025-09-23 00:00:00+00:00,106779.87139199502
2025-09-23 04:00:00+00:00,106779.87139199502
2025-09-23 08:00:00+00:00,106779.87139199502
2025-09-23 12:00:00+00:00,106779.87139199502
2025-09-23 16:00:00+00:00,106779.87139199502
2025-09-23 20:00:00+00:00,106779.87139199502
2025-09-24 00:00:00+00:00,106779.87139199502
2025-09-24 04:00:00+00:00,106779.87139199502
2025-09-24 08:00:00+00:00,106779.87139199502
2025-09-24 12:00:00+00:00,106779.87139199502
2025-09-24 16:00:00+00:00,106779.87139199502
2025-09-24 20:00:00+00:00,106779.87139199502
2025-09-25 00:00:00+00:00,106779.87139199502
2025-09-25 04:00:00+00:00,106779.87139199502
2025-09-25 08:00:00+00:00,106779.87139199502
2025-09-25 12:00:00+00:00,106779.87139199502
2025-09-25 16:00:00+00:00,106779.87139199502
2025-09-25 20:00:00+00:00,106779.87139199502
2025-09-26 00:00:00+00:00,106779.87139199502
2025-09-26 04:00:00+00:00,106779.87139199502
2025-09-26 08:00:00+00:00,106779.87139199502
2025-09-26 12:00:00+00:00,106779.87139199502
2025-09-26 16:00:00+00:00,106779.87139199502
2025-09-26 20:00:00+00:00,106779.87139199502
2025-09-27 00:00:00+00:00,106779.87139199502
2025-09-27 04:00:00+00:00,106779.87139199502
2025-09-27 08:00:00+00:00,106779.87139199502
2025-09-27 12:00:00+00:00,106779.87139199502
2025-09-27 16:00:00+00:00,106779.87139199502
2025-09-27 20:00:00+00:00,106779.87139199502
2025-09-28 00:00:00+00:00,106779.87139199502
2025-09-28 04:00:00+00:00,106779.87139199502
2025-09-28 08:00:00+00:00,106779.87139199502
2025-09-28 12:00:00+00:00,106779.87139199502
2025-09-28 16:00:00+00:00,106779.87139199502
2025-09-28 20:00:00+00:00,106779.87139199502
2025-09-29 00:00:00+00:00,106779.87139199502
2025-09-29 04:00:00+00:00,106779.87139199502
2025-09-29 08:00:00+00:00,106779.87139199502
2025-09-29 12:00:00+00:00,106779.87139199502
2025-09-29 16:00:00+00:00,106779.87139199502
2025-09-29 20:00:00+00:00,106779.87139199502
2025-09-30 00:00:00+00:00,106779.87139199502
2025-09-30 04:00:00+00:00,106779.87139199502
2025-09-30 08:00:00+00:00,106779.87139199502
2025-09-30 12:00:00+00:00,106779.87139199502
2025-09-30 16:00:00+00:00,106779.87139199502
2025-09-30 20:00:00+00:00,106779.87139199502
2025-10-01 00:00:00+00:00,106779.87139199502
2025-10-01 04:00:00+00:00,106779.87139199502
2025-10-01 08:00:00+00:00,106779.87139199502
2025-10-01 12:00:00+00:00,106796.56041509574
2025-10-01 16:00:00+00:00,106806.79697816432
2025-10-01 20:00:00+00:00,106839.22106650638
2025-10-02 00:00:00+00:00,106866.67849529325
2025-10-02 04:00:00+00:00,106858.20729574744
2025-10-02 08:00:00+00:00,106867.9440681558
2025-10-02 12:00:00+00:00,106931.92663147234
2025-10-02 16:00:00+00:00,107031.59360088335
2025-10-02 20:00:00+00:00,106990.28067518634
2025-10-03 00:00:00+00:00,106977.92075082517
2025-10-03 04:00:00+00:00,106955.55166593016
2025-10-03 08:00:00+00:00,106982.87166909422
2025-10-03 12:00:00+00:00,107072.20427507398
2025-10-03 16:00:00+00:00,107057.50943060979
2025-10-03 20:00:00+00:00,107046.8453895103
2025-10-04 00:00:00+00:00,107028.58686652366
2025-10-04 04:00:00+00:00,107031.7001604482
2025-10-04 08:00:00+00:00,107002.18473871134
2025-10-04 12:00:00+00:00,106964.4192349833
2025-10-04 16:00:00+00:00,106971.42894805662
2025-10-04 20:00:00+00:00,106989.23605261109
2025-10-05 00:00:00+00:00,107041.46613382766
2025-10-05 04:00:00+00:00,107093.55090304432
2025-10-05 08:00:00+00:00,107040.85004446149
2025-10-05 12:00:00+00:00,107016.02625713011
2025-10-05 16:00:00+00:00,106994.6692717591
2025-10-05 20:00:00+00:00,107028.38684778841
2025-10-06 00:00:00+00:00,107045.45120754535
2025-10-06 04:00:00+00:00,107031.86022630494
2025-10-06 08:00:00+00:00,107068.19792515907
2025-10-06 12:00:00+00:00,107125.2046818267
2025-10-06 16:00:00+00:00,107153.85392910885
2025-10-06 20:00:00+00:00,107120.04080135029
2025-10-07 00:00:00+00:00,107113.3644004218
2025-10-07 04:00:00+00:00,107090.99498314178
2025-10-07 08:00:00+00:00,107123.62573178645
2025-10-07 12:00:00+00:00,106974.23219633522
2025-10-07 16:00:00+00:00,106971.8118060898
2025-10-07 20:00:00+00:00,106971.8118060898
2025-10-08 00:00:00+00:00,106971.8118060898
2025-10-08 04:00:00+00:00,106971.8118060898
2025-10-08 08:00:00+00:00,106971.8118060898
2025-10-08 12:00:00+00:00,106971.8118060898
2025-10-08 16:00:00+00:00,106971.8118060898
2025-10-08 20:00:00+00:00,106971.8118060898
2025-10-09 00:00:00+00:00,106971.8118060898
2025-10-09 04:00:00+00:00,106971.8118060898
2025-10-09 08:00:00+00:00,106971.8118060898
2025-10-09 12:00:00+00:00,106971.8118060898
2025-10-09 16:00:00+00:00,106971.8118060898
2025-10-09 20:00:00+00:00,106971.8118060898
2025-10-10 00:00:00+00:00,106971.8118060898
2025-10-10 04:00:00+00:00,106971.8118060898
2025-10-10 08:00:00+00:00,106971.8118060898
2025-10-10 12:00:00+00:00,106971.8118060898
2025-10-10 16:00:00+00:00,106971.8118060898
2025-10-10 20:00:00+00:00,106971.8118060898
2025-10-11 00:00:00+00:00,106971.8118060898
2025-10-11 04:00:00+00:00,106971.8118060898
2025-10-11 08:00:00+00:00,106971.8118060898
2025-10-11 12:00:00+00:00,106971.8118060898
2025-10-11 16:00:00+00:00,106971.8118060898
2025-10-11 20:00:00+00:00,106971.8118060898
2025-10-12 00:00:00+00:00,106971.8118060898
2025-10-12 04:00:00+00:00,106971.8118060898
2025-10-12 08:00:00+00:00,106971.8118060898
2025-10-12 12:00:00+00:00,106971.8118060898
2025-10-12 16:00:00+00:00,106971.8118060898
2025-10-12 20:00:00+00:00,106971.8118060898
2025-10-13 00:00:00+00:00,106971.8118060898
2025-10-13 04:00:00+00:00,106971.8118060898
2025-10-13 08:00:00+00:00,106971.8118060898
2025-10-13 12:00:00+00:00,106971.8118060898
2025-10-13 16:00:00+00:00,106971.8118060898
2025-10-13 20:00:00+00:00,106971.8118060898
2025-10-14 00:00:00+00:00,106971.8118060898
2025-10-14 04:00:00+00:00,106971.8118060898
2025-10-14 08:00:00+00:00,106971.8118060898
2025-10-14 12:00:00+00:00,106971.8118060898
2025-10-14 16:00:00+00:00,106971.8118060898
2025-10-14 20:00:00+00:00,106971.8118060898
2025-10-15 00:00:00+00:00,106971.8118060898
2025-10-15 04:00:00+00:00,106971.8118060898
2025-10-15 08:00:00+00:00,106971.8118060898
2025-10-15 12:00:00+00:00,106971.8118060898
2025-10-15 16:00:00+00:00,106971.8118060898
2025-10-15 20:00:00+00:00,106971.8118060898
2025-10-16 00:00:00+00:00,106971.8118060898
2025-10-16 04:00:00+00:00,106971.8118060898
2025-10-16 08:00:00+00:00,106971.8118060898
2025-10-16 12:00:00+00:00,106971.8118060898
2025-10-16 16:00:00+00:00,106971.8118060898
2025-10-16 20:00:00+00:00,106971.8118060898
2025-10-17 00:00:00+00:00,106971.8118060898
2025-10-17 04:00:00+00:00,106971.8118060898
2025-10-17 08:00:00+00:00,106971.8118060898
2025-10-17 12:00:00+00:00,106971.8118060898
2025-10-17 16:00:00+00:00,106971.8118060898
2025-10-17 20:00:00+00:00,106971.8118060898
2025-10-18 00:00:00+00:00,106971.8118060898
2025-10-18 04:00:00+00:00,106971.8118060898
2025-10-18 08:00:00+00:00,106971.8118060898
2025-10-18 12:00:00+00:00,106971.8118060898
2025-10-18 16:00:00+00:00,106971.8118060898
2025-10-18 20:00:00+00:00,106971.8118060898
2025-10-19 00:00:00+00:00,106971.8118060898
2025-10-19 04:00:00+00:00,106971.8118060898
2025-10-19 08:00:00+00:00,106971.8118060898
2025-10-19 12:00:00+00:00,106971.8118060898
2025-10-19 16:00:00+00:00,106971.8118060898
2025-10-19 20:00:00+00:00,106971.8118060898
2025-10-20 00:00:00+00:00,106971.8118060898
2025-10-20 04:00:00+00:00,106971.8118060898
2025-10-20 08:00:00+00:00,106971.8118060898
2025-10-20 12:00:00+00:00,106971.8118060898
2025-10-20 16:00:00+00:00,106971.8118060898
2025-10-20 20:00:00+00:00,106971.8118060898
2025-10-21 00:00:00+00:00,106971.8118060898
2025-10-21 04:00:00+00:00,106971.8118060898
2025-10-21 08:00:00+00:00,106971.8118060898
2025-10-21 12:00:00+00:00,106971.8118060898
2025-10-21 16:00:00+00:00,106954.15953069396
2025-10-21 20:00:00+00:00,106913.5397602464
2025-10-22 00:00:00+00:00,106911.92128810886
2025-10-22 04:00:00+00:00,106911.92128810886
2025-10-22 08:00:00+00:00,106911.92128810886
2025-10-22 12:00:00+00:00,106911.92128810886
2025-10-22 16:00:00+00:00,106911.92128810886
2025-10-22 20:00:00+00:00,106911.92128810886
2025-10-23 00:00:00+00:00,106911.92128810886
2025-10-23 04:00:00+00:00,106911.92128810886
2025-10-23 08:00:00+00:00,106911.92128810886
2025-10-23 12:00:00+00:00,106911.92128810886
2025-10-23 16:00:00+00:00,106911.92128810886
2025-10-23 20:00:00+00:00,106911.92128810886
2025-10-24 00:00:00+00:00,106911.92128810886
2025-10-24 04:00:00+00:00,106911.92128810886
2025-10-24 08:00:00+00:00,106911.92128810886
2025-10-24 12:00:00+00:00,106911.92128810886
2025-10-24 16:00:00+00:00,106911.92128810886
2025-10-24 20:00:00+00:00,106911.92128810886
2025-10-25 00:00:00+00:00,106911.92128810886
2025-10-25 04:00:00+00:00,106911.92128810886
2025-10-25 08:00:00+00:00,106911.92128810886
2025-10-25 12:00:00+00:00,106911.92128810886
2025-10-25 16:00:00+00:00,106911.92128810886
2025-10-25 20:00:00+00:00,106911.92128810886
2025-10-26 00:00:00+00:00,106911.92128810886
2025-10-26 04:00:00+00:00,106911.92128810886
2025-10-26 08:00:00+00:00,106939.86267472402
2025-10-26 12:00:00+00:00,106954.18103539519
2025-10-26 16:00:00+00:00,106954.97649987694
2025-10-26 20:00:00+00:00,106975.39342157473
2025-10-27 00:00:00+00:00,106975.65857640197
2025-10-27 04:00:00+00:00,106969.56001537535
2025-10-27 08:00:00+00:00,106955.24165470418
2025-10-27 12:00:00+00:00,107029.48500633251
2025-10-27 16:00:00+00:00,107030.28047081426
2025-10-27 20:00:00+00:00,106959.48413194009
2025-10-28 00:00:00+00:00,106976.18888605645
2025-10-28 04:00:00+00:00,107039.03058011332
2025-10-28 08:00:00+00:00,107034.78810287741
2025-10-28 12:00:00+00:00,106899.14474907829
2025-10-28 16:00:00+00:00,106899.14474907829
2025-10-28 20:00:00+00:00,106899.14474907829
2025-10-29 00:00:00+00:00,106899.14474907829
2025-10-29 04:00:00+00:00,106899.14474907829
2025-10-29 08:00:00+00:00,106899.14474907829
2025-10-29 12:00:00+00:00,106899.14474907829
2025-10-29 16:00:00+00:00,106899.14474907829
2025-10-29 20:00:00+00:00,106899.14474907829
2025-10-30 00:00:00+00:00,106899.14474907829
2025-10-30 04:00:00+00:00,106899.14474907829
2025-10-30 08:00:00+00:00,106899.14474907829
2025-10-30 12:00:00+00:00,106899.14474907829
2025-10-30 16:00:00+00:00,106899.14474907829
2025-10-30 20:00:00+00:00,106899.14474907829
2025-10-31 00:00:00+00:00,106899.14474907829
2025-10-31 04:00:00+00:00,106899.14474907829
2025-10-31 08:00:00+00:00,106899.14474907829
2025-10-31 12:00:00+00:00,106899.14474907829
2025-10-31 16:00:00+00:00,106899.14474907829
2025-10-31 20:00:00+00:00,106899.14474907829
2025-11-01 00:00:00+00:00,106899.14474907829
2025-11-01 04:00:00+00:00,106899.14474907829
2025-11-01 08:00:00+00:00,106899.14474907829
2025-11-01 12:00:00+00:00,106899.14474907829
2025-11-01 16:00:00+00:00,106899.14474907829
2025-11-01 20:00:00+00:00,106899.14474907829
2025-11-02 00:00:00+00:00,106899.14474907829
2025-11-02 04:00:00+00:00,106899.14474907829
2025-11-02 08:00:00+00:00,106899.14474907829
2025-11-02 12:00:00+00:00,106899.14474907829
2025-11-02 16:00:00+00:00,106899.14474907829
2025-11-02 20:00:00+00:00,106899.14474907829
2025-11-03 00:00:00+00:00,106899.14474907829
2025-11-03 04:00:00+00:00,106899.14474907829
2025-11-03 08:00:00+00:00,106899.14474907829
2025-11-03 12:00:00+00:00,106899.14474907829
2025-11-03 16:00:00+00:00,106899.14474907829
2025-11-03 20:00:00+00:00,106899.14474907829
2025-11-04 00:00:00+00:00,106899.14474907829
2025-11-04 04:00:00+00:00,106899.14474907829
2025-11-04 08:00:00+00:00,106899.14474907829
2025-11-04 12:00:00+00:00,106899.14474907829
2025-11-04 16:00:00+00:00,106899.14474907829
2025-11-04 20:00:00+00:00,106899.14474907829
2025-11-05 00:00:00+00:00,106899.14474907829
2025-11-05 04:00:00+00:00,106899.14474907829
2025-11-05 08:00:00+00:00,106899.14474907829
2025-11-05 12:00:00+00:00,106899.14474907829
2025-11-05 16:00:00+00:00,106899.14474907829
2025-11-05 20:00:00+00:00,106899.14474907829
2025-11-06 00:00:00+00:00,106899.14474907829
2025-11-06 04:00:00+00:00,106899.14474907829
2025-11-06 08:00:00+00:00,106899.14474907829
2025-11-06 12:00:00+00:00,106899.14474907829
2025-11-06 16:00:00+00:00,106899.14474907829
2025-11-06 20:00:00+00:00,106899.14474907829
2025-11-07 00:00:00+00:00,106899.14474907829
2025-11-07 04:00:00+00:00,106899.14474907829
2025-11-07 08:00:00+00:00,106899.14474907829
2025-11-07 12:00:00+00:00,106899.14474907829
2025-11-07 16:00:00+00:00,106899.14474907829
2025-11-07 20:00:00+00:00,106899.14474907829
2025-11-08 00:00:00+00:00,106899.14474907829
2025-11-08 04:00:00+00:00,106899.14474907829
2025-11-08 08:00:00+00:00,106899.14474907829
2025-11-08 12:00:00+00:00,106899.14474907829
2025-11-08 16:00:00+00:00,106899.14474907829
2025-11-08 20:00:00+00:00,106899.14474907829
2025-11-09 00:00:00+00:00,106857.83732642478
2025-11-09 04:00:00+00:00,106866.43756258002
2025-11-09 08:00:00+00:00,106869.59683300441
2025-11-09 12:00:00+00:00,106897.56222676099
2025-11-09 16:00:00+00:00,106913.1830638593
2025-11-09 20:00:00+00:00,106917.86346448801
2025-11-10 00:00:00+00:00,106906.6305029791
2025-11-10 04:00:00+00:00,106900.0779420989
2025-11-10 08:00:00+00:00,106899.37588200459
2025-11-10 12:00:00+00:00,106901.07252723252
2025-11-10 16:00:00+00:00,106902.3596374054
2025-11-10 20:00:00+00:00,106882.52643974122
2025-11-11 00:00:00+00:00,106888.02591047998
2025-11-11 04:00:00+00:00,106869.94786305155
2025-11-11 08:00:00+00:00,106869.0518943395
2025-11-11 12:00:00+00:00,106869.0518943395
2025-11-11 16:00:00+00:00,106869.0518943395
2025-11-11 20:00:00+00:00,106869.0518943395
2025-11-12 00:00:00+00:00,106869.0518943395
2025-11-12 04:00:00+00:00,106869.0518943395
2025-11-12 08:00:00+00:00,106869.0518943395
2025-11-12 12:00:00+00:00,106869.0518943395
2025-11-12 16:00:00+00:00,106869.0518943395
2025-11-12 20:00:00+00:00,106869.0518943395
2025-11-13 00:00:00+00:00,106869.0518943395
2025-11-13 04:00:00+00:00,106869.0518943395
2025-11-13 08:00:00+00:00,106869.0518943395
2025-11-13 12:00:00+00:00,106869.0518943395
2025-11-13 16:00:00+00:00,106869.0518943395
2025-11-13 20:00:00+00:00,106869.0518943395
2025-11-14 00:00:00+00:00,106869.0518943395
2025-11-14 04:00:00+00:00,106869.0518943395
2025-11-14 08:00:00+00:00,106869.0518943395
2025-11-14 12:00:00+00:00,106869.0518943395
2025-11-14 16:00:00+00:00,106869.0518943395
2025-11-14 20:00:00+00:00,106869.0518943395
2025-11-15 00:00:00+00:00,106869.0518943395
2025-11-15 04:00:00+00:00,106869.0518943395
2025-11-15 08:00:00+00:00,106869.0518943395
2025-11-15 12:00:00+00:00,106869.0518943395
2025-11-15 16:00:00+00:00,106869.0518943395
2025-11-15 20:00:00+00:00,106869.0518943395
2025-11-16 00:00:00+00:00,106869.0518943395
2025-11-16 04:00:00+00:00,106869.0518943395
2025-11-16 08:00:00+00:00,106869.0518943395
2025-11-16 12:00:00+00:00,106869.0518943395
2025-11-16 16:00:00+00:00,106869.0518943395
2025-11-16 20:00:00+00:00,106869.0518943395
2025-11-17 00:00:00+00:00,106869.0518943395
2025-11-17 04:00:00+00:00,106869.0518943395
2025-11-17 08:00:00+00:00,106869.0518943395
2025-11-17 12:00:00+00:00,106869.0518943395
2025-11-17 16:00:00+00:00,106869.0518943395
2025-11-17 20:00:00+00:00,106869.0518943395
2025-11-18 00:00:00+00:00,106869.0518943395
2025-11-18 04:00:00+00:00,106869.0518943395
2025-11-18 08:00:00+00:00,106869.0518943395
2025-11-18 12:00:00+00:00,106869.0518943395
2025-11-18 16:00:00+00:00,106869.0518943395
2025-11-18 20:00:00+00:00,106869.0518943395
2025-11-19 00:00:00+00:00,106869.0518943395
2025-11-19 04:00:00+00:00,106869.0518943395
2025-11-19 08:00:00+00:00,106869.0518943395
2025-11-19 12:00:00+00:00,106869.0518943395
2025-11-19 16:00:00+00:00,106869.0518943395
2025-11-19 20:00:00+00:00,106869.0518943395
2025-11-20 00:00:00+00:00,106869.0518943395
2025-11-20 04:00:00+00:00,106869.0518943395
2025-11-20 08:00:00+00:00,106869.0518943395
2025-11-20 12:00:00+00:00,106869.0518943395
2025-11-20 16:00:00+00:00,106869.0518943395
2025-11-20 20:00:00+00:00,106869.0518943395
2025-11-21 00:00:00+00:00,106869.0518943395
2025-11-21 04:00:00+00:00,106869.0518943395
2025-11-21 08:00:00+00:00,106869.0518943395
2025-11-21 12:00:00+00:00,106869.0518943395
2025-11-21 16:00:00+00:00,106869.0518943395
2025-11-21 20:00:00+00:00,106869.0518943395
2025-11-22 00:00:00+00:00,106869.0518943395
2025-11-22 04:00:00+00:00,106869.0518943395
2025-11-22 08:00:00+00:00,106869.0518943395
2025-11-22 12:00:00+00:00,106869.0518943395
2025-11-22 16:00:00+00:00,106869.0518943395
2025-11-22 20:00:00+00:00,106869.0518943395
2025-11-23 00:00:00+00:00,106869.0518943395
2025-11-23 04:00:00+00:00,106869.0518943395
2025-11-23 08:00:00+00:00,106869.0518943395
2025-11-23 12:00:00+00:00,106869.0518943395
2025-11-23 16:00:00+00:00,106869.0518943395
2025-11-23 20:00:00+00:00,106869.0518943395
2025-11-24 00:00:00+00:00,106869.0518943395
2025-11-24 04:00:00+00:00,106869.0518943395
2025-11-24 08:00:00+00:00,106869.0518943395
2025-11-24 12:00:00+00:00,106869.0518943395
2025-11-24 16:00:00+00:00,106869.0518943395
2025-11-24 20:00:00+00:00,106869.0518943395
2025-11-25 00:00:00+00:00,106869.0518943395
2025-11-25 04:00:00+00:00,106869.0518943395
2025-11-25 08:00:00+00:00,106869.0518943395
2025-11-25 12:00:00+00:00,106869.0518943395
2025-11-25 16:00:00+00:00,106869.0518943395
2025-11-25 20:00:00+00:00,106869.0518943395
2025-11-26 00:00:00+00:00,106869.0518943395
2025-11-26 04:00:00+00:00,106869.0518943395
2025-11-26 08:00:00+00:00,106869.0518943395
2025-11-26 12:00:00+00:00,106869.0518943395
2025-11-26 16:00:00+00:00,106869.0518943395
2025-11-26 20:00:00+00:00,106851.75572082755
2025-11-27 00:00:00+00:00,106842.6423679872
2025-11-27 04:00:00+00:00,106852.74837307305
2025-11-27 08:00:00+00:00,106831.83275619024
2025-11-27 12:00:00+00:00,106840.81653407983
2025-11-27 16:00:00+00:00,106843.97861654381
2025-11-27 20:00:00+00:00,106823.08762759643
2025-11-28 00:00:00+00:00,106803.63138534309
2025-11-28 04:00:00+00:00,106797.66955654635
2025-11-28 08:00:00+00:00,106796.36210562213
2025-11-28 12:00:00+00:00,106796.36210562213
2025-11-28 16:00:00+00:00,106768.88850544105
2025-11-28 20:00:00+00:00,106763.40394156851
2025-11-29 00:00:00+00:00,106759.33033586273
2025-11-29 04:00:00+00:00,106756.83104093347
2025-11-29 08:00:00+00:00,106759.13227082341
2025-11-29 12:00:00+00:00,106767.22026691394
2025-11-29 16:00:00+00:00,106758.60954247217
2025-11-29 20:00:00+00:00,106761.97052241792
2025-11-30 00:00:00+00:00,106764.14311212767
2025-11-30 04:00:00+00:00,106764.97416852979
2025-11-30 08:00:00+00:00,106766.69345474747
2025-11-30 12:00:00+00:00,106774.76511557703
2025-11-30 16:00:00+00:00,106775.11836559561
2025-11-30 20:00:00+00:00,106752.5266996664
2025-12-01 00:00:00+00:00,106749.7602563712
2025-12-01 04:00:00+00:00,106749.7602563712
2025-12-01 08:00:00+00:00,106749.7602563712
2025-12-01 12:00:00+00:00,106749.7602563712
2025-12-01 16:00:00+00:00,106749.7602563712
2025-12-01 20:00:00+00:00,106749.7602563712
2025-12-02 00:00:00+00:00,106749.7602563712
2025-12-02 04:00:00+00:00,106749.7602563712
2025-12-02 08:00:00+00:00,106749.7602563712
2025-12-02 12:00:00+00:00,106749.7602563712
2025-12-02 16:00:00+00:00,106749.7602563712
2025-12-02 20:00:00+00:00,106749.7602563712
2025-12-03 00:00:00+00:00,106749.7602563712
2025-12-03 04:00:00+00:00,106749.7602563712
2025-12-03 08:00:00+00:00,106749.7602563712
2025-12-03 12:00:00+00:00,106749.7602563712
2025-12-03 16:00:00+00:00,106749.7602563712
2025-12-03 20:00:00+00:00,106749.7602563712
2025-12-04 00:00:00+00:00,106749.7602563712
2025-12-04 04:00:00+00:00,106749.7602563712
2025-12-04 08:00:00+00:00,106749.7602563712
2025-12-04 12:00:00+00:00,106749.7602563712
2025-12-04 16:00:00+00:00,106749.7602563712
2025-12-04 20:00:00+00:00,106749.7602563712
2025-12-05 00:00:00+00:00,106749.7602563712
2025-12-05 04:00:00+00:00,106749.7602563712
2025-12-05 08:00:00+00:00,106749.7602563712
2025-12-05 12:00:00+00:00,106749.7602563712
2025-12-05 16:00:00+00:00,106749.7602563712
2025-12-05 20:00:00+00:00,106749.7602563712
2025-12-06 00:00:00+00:00,106749.7602563712
2025-12-06 04:00:00+00:00,106749.7602563712
2025-12-06 08:00:00+00:00,106749.7602563712
2025-12-06 12:00:00+00:00,106749.7602563712
2025-12-06 16:00:00+00:00,106749.7602563712
2025-12-06 20:00:00+00:00,106749.7602563712
2025-12-07 00:00:00+00:00,106749.7602563712
2025-12-07 04:00:00+00:00,106749.7602563712
2025-12-07 08:00:00+00:00,106749.7602563712
2025-12-07 12:00:00+00:00,106749.7602563712
2025-12-07 16:00:00+00:00,106749.7602563712
2025-12-07 20:00:00+00:00,106749.7602563712
2025-12-08 00:00:00+00:00,106749.7602563712
2025-12-08 04:00:00+00:00,106749.7602563712
2025-12-08 08:00:00+00:00,106749.7602563712
2025-12-08 12:00:00+00:00,106749.7602563712
2025-12-08 16:00:00+00:00,106749.7602563712
2025-12-08 20:00:00+00:00,106749.7602563712
2025-12-09 00:00:00+00:00,106749.7602563712
2025-12-09 04:00:00+00:00,106749.7602563712
2025-12-09 08:00:00+00:00,106749.7602563712
2025-12-09 12:00:00+00:00,106749.7602563712
2025-12-09 16:00:00+00:00,106789.22923977382
2025-12-09 20:00:00+00:00,106774.54808872947
2025-12-10 00:00:00+00:00,106771.41871458016
2025-12-10 04:00:00+00:00,106777.92073578082
2025-12-10 08:00:00+00:00,106774.66603922742
2025-12-10 12:00:00+00:00,106778.25615750943
2025-12-10 16:00:00+00:00,106801.24913270772
2025-12-10 20:00:00+00:00,106776.74860270723
2025-12-11 00:00:00+00:00,106727.8249477206
2025-12-11 04:00:00+00:00,106726.06108304177
2025-12-11 08:00:00+00:00,106726.06108304177
2025-12-11 12:00:00+00:00,106726.06108304177
2025-12-11 16:00:00+00:00,106726.06108304177
2025-12-11 20:00:00+00:00,106726.06108304177
2025-12-12 00:00:00+00:00,106726.06108304177
2025-12-12 04:00:00+00:00,106726.06108304177
2025-12-12 08:00:00+00:00,106726.06108304177
2025-12-12 12:00:00+00:00,106726.06108304177
2025-12-12 16:00:00+00:00,106726.06108304177
2025-12-12 20:00:00+00:00,106726.06108304177
2025-12-13 00:00:00+00:00,106726.06108304177
2025-12-13 04:00:00+00:00,106726.06108304177
2025-12-13 08:00:00+00:00,106726.06108304177
2025-12-13 12:00:00+00:00,106726.06108304177
2025-12-13 16:00:00+00:00,106726.06108304177
2025-12-13 20:00:00+00:00,106726.06108304177
2025-12-14 00:00:00+00:00,106726.06108304177
2025-12-14 04:00:00+00:00,106726.06108304177
2025-12-14 08:00:00+00:00,106726.06108304177
2025-12-14 12:00:00+00:00,106726.06108304177
2025-12-14 16:00:00+00:00,106726.06108304177
2025-12-14 20:00:00+00:00,106726.06108304177
2025-12-15 00:00:00+00:00,106726.06108304177
2025-12-15 04:00:00+00:00,106726.06108304177
2025-12-15 08:00:00+00:00,106726.06108304177
2025-12-15 12:00:00+00:00,106726.06108304177
2025-12-15 16:00:00+00:00,106726.06108304177
2025-12-15 20:00:00+00:00,106726.06108304177
2025-12-16 00:00:00+00:00,106726.06108304177
2025-12-16 04:00:00+00:00,106726.06108304177
2025-12-16 08:00:00+00:00,106726.06108304177
2025-12-16 12:00:00+00:00,106726.06108304177
2025-12-16 16:00:00+00:00,106726.06108304177
2025-12-16 20:00:00+00:00,106726.06108304177
2025-12-17 00:00:00+00:00,106726.06108304177
2025-12-17 04:00:00+00:00,106726.06108304177
2025-12-17 08:00:00+00:00,106726.06108304177
2025-12-17 12:00:00+00:00,106726.06108304177
2025-12-17 16:00:00+00:00,106726.06108304177
2025-12-17 20:00:00+00:00,106726.06108304177
2025-12-18 00:00:00+00:00,106726.06108304177
2025-12-18 04:00:00+00:00,106726.06108304177
2025-12-18 08:00:00+00:00,106726.06108304177
2025-12-18 12:00:00+00:00,106726.06108304177
2025-12-18 16:00:00+00:00,106726.06108304177
2025-12-18 20:00:00+00:00,106726.06108304177
2025-12-19 00:00:00+00:00,106726.06108304177
2025-12-19 04:00:00+00:00,106726.06108304177
2025-12-19 08:00:00+00:00,106726.06108304177
2025-12-19 12:00:00+00:00,106726.06108304177
2025-12-19 16:00:00+00:00,106726.06108304177
2025-12-19 20:00:00+00:00,106726.06108304177
2025-12-20 00:00:00+00:00,106726.06108304177
2025-12-20 04:00:00+00:00,106726.06108304177
2025-12-20 08:00:00+00:00,106726.06108304177
2025-12-20 12:00:00+00:00,106726.06108304177
2025-12-20 16:00:00+00:00,106726.06108304177
2025-12-20 20:00:00+00:00,106726.06108304177
2025-12-21 00:00:00+00:00,106726.06108304177
2025-12-21 04:00:00+00:00,106726.06108304177
2025-12-21 08:00:00+00:00,106726.06108304177
2025-12-21 12:00:00+00:00,106726.06108304177
2025-12-21 16:00:00+00:00,106726.06108304177
2025-12-21 20:00:00+00:00,106726.06108304177
2025-12-22 00:00:00+00:00,106726.06108304177
2025-12-22 04:00:00+00:00,106726.06108304177
2025-12-22 08:00:00+00:00,106726.06108304177
2025-12-22 12:00:00+00:00,106726.06108304177
2025-12-22 16:00:00+00:00,106726.06108304177
2025-12-22 20:00:00+00:00,106726.06108304177
2025-12-23 00:00:00+00:00,106726.06108304177
2025-12-23 04:00:00+00:00,106726.06108304177
2025-12-23 08:00:00+00:00,106726.06108304177
2025-12-23 12:00:00+00:00,106726.06108304177
2025-12-23 16:00:00+00:00,106726.06108304177
2025-12-23 20:00:00+00:00,106726.06108304177
2025-12-24 00:00:00+00:00,106726.06108304177
2025-12-24 04:00:00+00:00,106726.06108304177
2025-12-24 08:00:00+00:00,106726.06108304177
2025-12-24 12:00:00+00:00,106726.06108304177
2025-12-24 16:00:00+00:00,106726.06108304177
2025-12-24 20:00:00+00:00,106726.06108304177
2025-12-25 00:00:00+00:00,106726.06108304177
2025-12-25 04:00:00+00:00,106726.06108304177
2025-12-25 08:00:00+00:00,106726.06108304177
2025-12-25 12:00:00+00:00,106726.06108304177
2025-12-25 16:00:00+00:00,106726.06108304177
2025-12-25 20:00:00+00:00,106726.06108304177
2025-12-26 00:00:00+00:00,106726.06108304177
2025-12-26 04:00:00+00:00,106726.06108304177
2025-12-26 08:00:00+00:00,106726.06108304177
2025-12-26 12:00:00+00:00,106726.06108304177
2025-12-26 16:00:00+00:00,106726.06108304177
2025-12-26 20:00:00+00:00,106726.06108304177
2025-12-27 00:00:00+00:00,106726.06108304177
2025-12-27 04:00:00+00:00,106726.06108304177
2025-12-27 08:00:00+00:00,106726.06108304177
2025-12-27 12:00:00+00:00,106726.06108304177
2025-12-27 16:00:00+00:00,106726.06108304177
2025-12-27 20:00:00+00:00,106726.06108304177
2025-12-28 00:00:00+00:00,106726.06108304177
2025-12-28 04:00:00+00:00,106726.06108304177
2025-12-28 08:00:00+00:00,106726.06108304177
2025-12-28 12:00:00+00:00,106726.06108304177
2025-12-28 16:00:00+00:00,106726.06108304177
2025-12-28 20:00:00+00:00,106726.06108304177
2025-12-29 00:00:00+00:00,106726.06108304177
2025-12-29 04:00:00+00:00,106706.47869354708
2025-12-29 08:00:00+00:00,106684.80141354745
2025-12-29 12:00:00+00:00,106672.12854216306
2025-12-29 16:00:00+00:00,106645.81279243255
2025-12-29 20:00:00+00:00,106645.81279243255
2025-12-30 00:00:00+00:00,106645.81279243255
2025-12-30 04:00:00+00:00,106645.81279243255
2025-12-30 08:00:00+00:00,106645.81279243255
2025-12-30 12:00:00+00:00,106645.81279243255
2025-12-30 16:00:00+00:00,106645.81279243255
2025-12-30 20:00:00+00:00,106645.81279243255
2025-12-31 00:00:00+00:00,106645.81279243255
2025-12-31 04:00:00+00:00,106645.81279243255
2025-12-31 08:00:00+00:00,106645.81279243255
2025-12-31 12:00:00+00:00,106645.81279243255
2025-12-31 16:00:00+00:00,106645.81279243255
2025-12-31 20:00:00+00:00,106645.81279243255
2026-01-01 00:00:00+00:00,106645.81279243255
2026-01-01 04:00:00+00:00,106645.81279243255
2026-01-01 08:00:00+00:00,106645.81279243255
2026-01-01 12:00:00+00:00,106645.81279243255
2026-01-01 16:00:00+00:00,106645.81279243255
2026-01-01 20:00:00+00:00,106645.81279243255
2026-01-02 00:00:00+00:00,106645.81279243255
2026-01-02 04:00:00+00:00,106645.81279243255
2026-01-02 08:00:00+00:00,106645.81279243255
2026-01-02 12:00:00+00:00,106645.81279243255
2026-01-02 16:00:00+00:00,106668.16253173293
2026-01-02 20:00:00+00:00,106669.08785628536
2026-01-03 00:00:00+00:00,106669.18991414038
2026-01-03 04:00:00+00:00,106645.44445319966
2026-01-03 08:00:00+00:00,106650.77867709007
2026-01-03 12:00:00+00:00,106652.54767991087
2026-01-03 16:00:00+00:00,106660.72591602858
2026-01-03 20:00:00+00:00,106670.17647340585
2026-01-04 00:00:00+00:00,106683.89985298106
2026-01-04 04:00:00+00:00,106671.4800669445
2026-01-04 08:00:00+00:00,106681.51301226212
2026-01-04 12:00:00+00:00,106671.05224671369
2026-01-04 16:00:00+00:00,106662.20363651848
2026-01-04 20:00:00+00:00,106690.2969231462
2026-01-05 00:00:00+00:00,106772.61637024223
2026-01-05 04:00:00+00:00,106733.25383102024
2026-01-05 08:00:00+00:00,106764.65250347118
2026-01-05 12:00:00+00:00,106848.66461075132
2026-01-05 16:00:00+00:00,106895.9021959549
2026-01-05 20:00:00+00:00,106881.5356039564
2026-01-06 00:00:00+00:00,106908.59412319888
2026-01-06 04:00:00+00:00,106822.35881993905
2026-01-06 08:00:00+00:00,106919.110720963
2026-01-06 12:00:00+00:00,106945.623233255
2026-01-06 16:00:00+00:00,106745.75413101031
2026-01-06 20:00:00+00:00,106968.5194136469
2026-01-07 00:00:00+00:00,106858.48896112737
2026-01-07 04:00:00+00:00,106877.92254708178
2026-01-07 08:00:00+00:00,106782.46752355603
2026-01-07 12:00:00+00:00,106659.44362476202
2026-01-07 16:00:00+00:00,106654.9778577012
2026-01-07 20:00:00+00:00,106654.9778577012
2026-01-08 00:00:00+00:00,106654.9778577012
2026-01-08 04:00:00+00:00,106654.9778577012
2026-01-08 08:00:00+00:00,106654.9778577012
2026-01-08 12:00:00+00:00,106654.9778577012
2026-01-08 16:00:00+00:00,106654.9778577012
2026-01-08 20:00:00+00:00,106654.9778577012
2026-01-09 00:00:00+00:00,106654.9778577012
2026-01-09 04:00:00+00:00,106654.9778577012
2026-01-09 08:00:00+00:00,106654.9778577012
2026-01-09 12:00:00+00:00,106654.9778577012
2026-01-09 16:00:00+00:00,106654.9778577012
2026-01-09 20:00:00+00:00,106654.9778577012
2026-01-10 00:00:00+00:00,106654.9778577012
2026-01-10 04:00:00+00:00,106654.9778577012
2026-01-10 08:00:00+00:00,106654.9778577012
2026-01-10 12:00:00+00:00,106654.9778577012
2026-01-10 16:00:00+00:00,106654.9778577012
2026-01-10 20:00:00+00:00,106654.9778577012
2026-01-11 00:00:00+00:00,106654.9778577012
2026-01-11 04:00:00+00:00,106654.9778577012
2026-01-11 08:00:00+00:00,106654.9778577012
2026-01-11 12:00:00+00:00,106654.9778577012
2026-01-11 16:00:00+00:00,106654.9778577012
2026-01-11 20:00:00+00:00,106654.9778577012
2026-01-12 00:00:00+00:00,106654.9778577012
2026-01-12 04:00:00+00:00,106654.9778577012
2026-01-12 08:00:00+00:00,106654.9778577012
2026-01-12 12:00:00+00:00,106654.9778577012
2026-01-12 16:00:00+00:00,106654.9778577012
2026-01-12 20:00:00+00:00,106654.9778577012
2026-01-13 00:00:00+00:00,106654.9778577012
2026-01-13 04:00:00+00:00,106654.9778577012
2026-01-13 08:00:00+00:00,106654.9778577012
2026-01-13 12:00:00+00:00,106654.9778577012
2026-01-13 16:00:00+00:00,106654.9778577012
2026-01-13 20:00:00+00:00,106654.9778577012
2026-01-14 00:00:00+00:00,106654.9778577012
2026-01-14 04:00:00+00:00,106654.9778577012
2026-01-14 08:00:00+00:00,106654.9778577012
2026-01-14 12:00:00+00:00,106654.9778577012
2026-01-14 16:00:00+00:00,106654.9778577012
2026-01-14 20:00:00+00:00,106654.9778577012
2026-01-15 00:00:00+00:00,106654.9778577012
2026-01-15 04:00:00+00:00,106654.9778577012
2026-01-15 08:00:00+00:00,106654.9778577012
2026-01-15 12:00:00+00:00,106654.9778577012
2026-01-15 16:00:00+00:00,106654.9778577012
2026-01-15 20:00:00+00:00,106654.9778577012
2026-01-16 00:00:00+00:00,106654.9778577012
2026-01-16 04:00:00+00:00,106654.9778577012
2026-01-16 08:00:00+00:00,106654.9778577012
2026-01-16 12:00:00+00:00,106654.9778577012
2026-01-16 16:00:00+00:00,106654.9778577012
2026-01-16 20:00:00+00:00,106654.9778577012
2026-01-17 00:00:00+00:00,106654.9778577012
2026-01-17 04:00:00+00:00,106654.9778577012
2026-01-17 08:00:00+00:00,106654.9778577012
2026-01-17 12:00:00+00:00,106654.9778577012
2026-01-17 16:00:00+00:00,106654.9778577012
2026-01-17 20:00:00+00:00,106654.9778577012
2026-01-18 00:00:00+00:00,106654.9778577012
2026-01-18 04:00:00+00:00,106654.9778577012
2026-01-18 08:00:00+00:00,106654.9778577012
2026-01-18 12:00:00+00:00,106654.9778577012
2026-01-18 16:00:00+00:00,106654.9778577012
2026-01-18 20:00:00+00:00,106654.9778577012
2026-01-19 00:00:00+00:00,106654.9778577012
2026-01-19 04:00:00+00:00,106654.9778577012
2026-01-19 08:00:00+00:00,106654.9778577012
2026-01-19 12:00:00+00:00,106654.9778577012
2026-01-19 16:00:00+00:00,106654.9778577012
2026-01-19 20:00:00+00:00,106654.9778577012
2026-01-20 00:00:00+00:00,106654.9778577012
2026-01-20 04:00:00+00:00,106654.9778577012
2026-01-20 08:00:00+00:00,106654.9778577012
2026-01-20 12:00:00+00:00,106654.9778577012
2026-01-20 16:00:00+00:00,106654.9778577012
2026-01-20 20:00:00+00:00,106654.9778577012
2026-01-21 00:00:00+00:00,106654.9778577012
2026-01-21 04:00:00+00:00,106654.9778577012
2026-01-21 08:00:00+00:00,106654.9778577012
2026-01-21 12:00:00+00:00,106654.9778577012
2026-01-21 16:00:00+00:00,106654.9778577012
2026-01-21 20:00:00+00:00,106654.9778577012
2026-01-22 00:00:00+00:00,106654.9778577012
2026-01-22 04:00:00+00:00,106654.9778577012
2026-01-22 08:00:00+00:00,106654.9778577012
2026-01-22 12:00:00+00:00,106654.9778577012
2026-01-22 16:00:00+00:00,106654.9778577012
2026-01-22 20:00:00+00:00,106654.9778577012
2026-01-23 00:00:00+00:00,106654.9778577012
2026-01-23 04:00:00+00:00,106654.9778577012
2026-01-23 08:00:00+00:00,106654.9778577012
2026-01-23 12:00:00+00:00,106654.9778577012
2026-01-23 16:00:00+00:00,106654.9778577012
2026-01-23 20:00:00+00:00,106654.9778577012
2026-01-24 00:00:00+00:00,106654.9778577012
2026-01-24 04:00:00+00:00,106654.9778577012
2026-01-24 08:00:00+00:00,106654.9778577012
2026-01-24 12:00:00+00:00,106654.9778577012
2026-01-24 16:00:00+00:00,106654.9778577012
2026-01-24 20:00:00+00:00,106654.9778577012
2026-01-25 00:00:00+00:00,106654.9778577012
2026-01-25 04:00:00+00:00,106654.9778577012
2026-01-25 08:00:00+00:00,106654.9778577012
2026-01-25 12:00:00+00:00,106654.9778577012
2026-01-25 16:00:00+00:00,106654.9778577012
2026-01-25 20:00:00+00:00,106654.9778577012
2026-01-26 00:00:00+00:00,106654.9778577012
2026-01-26 04:00:00+00:00,106654.9778577012
2026-01-26 08:00:00+00:00,106654.9778577012
2026-01-26 12:00:00+00:00,106654.9778577012
2026-01-26 16:00:00+00:00,106654.9778577012
2026-01-26 20:00:00+00:00,106654.9778577012
2026-01-27 00:00:00+00:00,106654.9778577012
2026-01-27 04:00:00+00:00,106654.9778577012
2026-01-27 08:00:00+00:00,106654.9778577012
2026-01-27 12:00:00+00:00,106654.9778577012
2026-01-27 16:00:00+00:00,106654.9778577012
2026-01-27 20:00:00+00:00,106654.9778577012
2026-01-28 00:00:00+00:00,106654.9778577012
2026-01-28 04:00:00+00:00,106654.9778577012
2026-01-28 08:00:00+00:00,106654.9778577012
2026-01-28 12:00:00+00:00,106654.9778577012
2026-01-28 16:00:00+00:00,106654.9778577012
2026-01-28 20:00:00+00:00,106654.9778577012
2026-01-29 00:00:00+00:00,106654.9778577012
2026-01-29 04:00:00+00:00,106654.9778577012
2026-01-29 08:00:00+00:00,106654.9778577012
2026-01-29 12:00:00+00:00,106654.9778577012
2026-01-29 16:00:00+00:00,106654.9778577012
2026-01-29 20:00:00+00:00,106654.9778577012
2026-01-30 00:00:00+00:00,106654.9778577012
2026-01-30 04:00:00+00:00,106654.9778577012
2026-01-30 08:00:00+00:00,106654.9778577012
2026-01-30 12:00:00+00:00,106654.9778577012
2026-01-30 16:00:00+00:00,106654.9778577012
2026-01-30 20:00:00+00:00,106654.9778577012
2026-01-31 00:00:00+00:00,106654.9778577012
2026-01-31 04:00:00+00:00,106654.9778577012
2026-01-31 08:00:00+00:00,106654.9778577012
2026-01-31 12:00:00+00:00,106654.9778577012
2026-01-31 16:00:00+00:00,106654.9778577012
2026-01-31 20:00:00+00:00,106654.9778577012
2026-02-01 00:00:00+00:00,106654.9778577012
2026-02-01 04:00:00+00:00,106654.9778577012
2026-02-01 08:00:00+00:00,106654.9778577012
2026-02-01 12:00:00+00:00,106654.9778577012
2026-02-01 16:00:00+00:00,106654.9778577012
2026-02-01 20:00:00+00:00,106654.9778577012
2026-02-02 00:00:00+00:00,106654.9778577012
2026-02-02 04:00:00+00:00,106654.9778577012
2026-02-02 08:00:00+00:00,106654.9778577012
2026-02-02 12:00:00+00:00,106654.9778577012
2026-02-02 16:00:00+00:00,106654.9778577012
2026-02-02 20:00:00+00:00,106654.9778577012
2026-02-03 00:00:00+00:00,106654.9778577012
2026-02-03 04:00:00+00:00,106654.9778577012
2026-02-03 08:00:00+00:00,106654.9778577012
2026-02-03 12:00:00+00:00,106654.9778577012
2026-02-03 16:00:00+00:00,106654.9778577012
2026-02-03 20:00:00+00:00,106654.9778577012
2026-02-04 00:00:00+00:00,106654.9778577012
2026-02-04 04:00:00+00:00,106654.9778577012
2026-02-04 08:00:00+00:00,106654.9778577012
2026-02-04 12:00:00+00:00,106654.9778577012
2026-02-04 16:00:00+00:00,106654.9778577012
2026-02-04 20:00:00+00:00,106654.9778577012
2026-02-05 00:00:00+00:00,106654.9778577012
2026-02-05 04:00:00+00:00,106654.9778577012
2026-02-05 08:00:00+00:00,106654.9778577012
2026-02-05 12:00:00+00:00,106654.9778577012
2026-02-05 16:00:00+00:00,106654.9778577012
2026-02-05 20:00:00+00:00,106654.9778577012
2026-02-06 00:00:00+00:00,106654.9778577012
2026-02-06 04:00:00+00:00,106654.9778577012
2026-02-06 08:00:00+00:00,106654.9778577012
2026-02-06 12:00:00+00:00,106654.9778577012
2026-02-06 16:00:00+00:00,106654.9778577012
2026-02-06 20:00:00+00:00,106654.9778577012
2026-02-07 00:00:00+00:00,106654.9778577012
2026-02-07 04:00:00+00:00,106654.9778577012
2026-02-07 08:00:00+00:00,106654.9778577012
2026-02-07 12:00:00+00:00,106654.9778577012
2026-02-07 16:00:00+00:00,106654.9778577012
2026-02-07 20:00:00+00:00,106654.9778577012
2026-02-08 00:00:00+00:00,106654.9778577012
2026-02-08 04:00:00+00:00,106654.9778577012
2026-02-08 08:00:00+00:00,106654.9778577012
2026-02-08 12:00:00+00:00,106654.9778577012
2026-02-08 16:00:00+00:00,106654.9778577012
2026-02-08 20:00:00+00:00,106654.9778577012
2026-02-09 00:00:00+00:00,106654.9778577012
2026-02-09 04:00:00+00:00,106654.9778577012
2026-02-09 08:00:00+00:00,106654.9778577012
2026-02-09 12:00:00+00:00,106654.9778577012
2026-02-09 16:00:00+00:00,106654.9778577012
2026-02-09 20:00:00+00:00,106654.9778577012
2026-02-10 00:00:00+00:00,106654.9778577012
2026-02-10 04:00:00+00:00,106654.9778577012
2026-02-10 08:00:00+00:00,106654.9778577012
2026-02-10 12:00:00+00:00,106654.9778577012
2026-02-10 16:00:00+00:00,106654.9778577012
2026-02-10 20:00:00+00:00,106654.9778577012
2026-02-11 00:00:00+00:00,106654.9778577012
2026-02-11 04:00:00+00:00,106654.9778577012
2026-02-11 08:00:00+00:00,106654.9778577012
2026-02-11 12:00:00+00:00,106654.9778577012
2026-02-11 16:00:00+00:00,106654.9778577012
2026-02-11 20:00:00+00:00,106654.9778577012
2026-02-12 00:00:00+00:00,106654.9778577012
2026-02-12 04:00:00+00:00,106654.9778577012
2026-02-12 08:00:00+00:00,106654.9778577012
2026-02-12 12:00:00+00:00,106654.9778577012
2026-02-12 16:00:00+00:00,106654.9778577012
2026-02-12 20:00:00+00:00,106654.9778577012
2026-02-13 00:00:00+00:00,106654.9778577012
2026-02-13 04:00:00+00:00,106654.9778577012
2026-02-13 08:00:00+00:00,106654.9778577012
2026-02-13 12:00:00+00:00,106654.9778577012
2026-02-13 16:00:00+00:00,106654.9778577012
2026-02-13 20:00:00+00:00,106654.9778577012
2026-02-14 00:00:00+00:00,106654.9778577012
2026-02-14 04:00:00+00:00,106654.9778577012
2026-02-14 08:00:00+00:00,106654.9778577012
2026-02-14 12:00:00+00:00,106654.9778577012
2026-02-14 16:00:00+00:00,106654.9778577012
2026-02-14 20:00:00+00:00,106654.9778577012
2026-02-15 00:00:00+00:00,106654.9778577012
2026-02-15 04:00:00+00:00,106752.76544563174
2026-02-15 08:00:00+00:00,106681.88091578455
2026-02-15 12:00:00+00:00,106650.61071176053
2026-02-15 16:00:00+00:00,106590.54075362181
2026-02-15 20:00:00+00:00,106590.54075362181
2026-02-16 00:00:00+00:00,106590.54075362181
2026-02-16 04:00:00+00:00,106590.54075362181
2026-02-16 08:00:00+00:00,106590.54075362181
2026-02-16 12:00:00+00:00,106590.54075362181
2026-02-16 16:00:00+00:00,106590.54075362181
2026-02-16 20:00:00+00:00,106590.54075362181
2026-02-17 00:00:00+00:00,106590.54075362181
2026-02-17 04:00:00+00:00,106590.54075362181
2026-02-17 08:00:00+00:00,106590.54075362181
2026-02-17 12:00:00+00:00,106590.54075362181
2026-02-17 16:00:00+00:00,106590.54075362181
2026-02-17 20:00:00+00:00,106590.54075362181
2026-02-18 00:00:00+00:00,106590.54075362181
2026-02-18 04:00:00+00:00,106590.54075362181
2026-02-18 08:00:00+00:00,106590.54075362181
2026-02-18 12:00:00+00:00,106590.54075362181
2026-02-18 16:00:00+00:00,106590.54075362181
2026-02-18 20:00:00+00:00,106590.54075362181
2026-02-19 00:00:00+00:00,106590.54075362181
2026-02-19 04:00:00+00:00,106590.54075362181
2026-02-19 08:00:00+00:00,106590.54075362181
2026-02-19 12:00:00+00:00,106590.54075362181
2026-02-19 16:00:00+00:00,106590.54075362181
2026-02-19 20:00:00+00:00,106590.54075362181
2026-02-20 00:00:00+00:00,106590.54075362181
2026-02-20 04:00:00+00:00,106590.54075362181
2026-02-20 08:00:00+00:00,106590.54075362181
2026-02-20 12:00:00+00:00,106590.54075362181
2026-02-20 16:00:00+00:00,106590.54075362181
2026-02-20 20:00:00+00:00,106590.54075362181
2026-02-21 00:00:00+00:00,106590.54075362181
2026-02-21 04:00:00+00:00,106590.54075362181
2026-02-21 08:00:00+00:00,106590.54075362181
2026-02-21 12:00:00+00:00,106590.54075362181
2026-02-21 16:00:00+00:00,106590.54075362181
2026-02-21 20:00:00+00:00,106590.54075362181
2026-02-22 00:00:00+00:00,106590.54075362181
2026-02-22 04:00:00+00:00,106590.54075362181
2026-02-22 08:00:00+00:00,106590.54075362181
2026-02-22 12:00:00+00:00,106590.54075362181
2026-02-22 16:00:00+00:00,106590.54075362181
2026-02-22 20:00:00+00:00,106590.54075362181
2026-02-23 00:00:00+00:00,106590.54075362181
2026-02-23 04:00:00+00:00,106590.54075362181
2026-02-23 08:00:00+00:00,106590.54075362181
2026-02-23 12:00:00+00:00,106590.54075362181
2026-02-23 16:00:00+00:00,106590.54075362181
2026-02-23 20:00:00+00:00,106590.54075362181
2026-02-24 00:00:00+00:00,106590.54075362181
2026-02-24 04:00:00+00:00,106590.54075362181
2026-02-24 08:00:00+00:00,106590.54075362181
2026-02-24 12:00:00+00:00,106590.54075362181
2026-02-24 16:00:00+00:00,106590.54075362181
2026-02-24 20:00:00+00:00,106590.54075362181
2026-02-25 00:00:00+00:00,106590.54075362181
2026-02-25 04:00:00+00:00,106590.54075362181
2026-02-25 08:00:00+00:00,106590.54075362181
2026-02-25 12:00:00+00:00,106590.54075362181
2026-02-25 16:00:00+00:00,106590.54075362181
2026-02-25 20:00:00+00:00,106590.54075362181
2026-02-26 00:00:00+00:00,106590.54075362181
2026-02-26 04:00:00+00:00,106590.54075362181
2026-02-26 08:00:00+00:00,106590.54075362181
2026-02-26 12:00:00+00:00,106590.54075362181
2026-02-26 16:00:00+00:00,106590.54075362181
2026-02-26 20:00:00+00:00,106590.54075362181
2026-02-27 00:00:00+00:00,106590.54075362181
2026-02-27 04:00:00+00:00,106590.54075362181
2026-02-27 08:00:00+00:00,106590.54075362181
2026-02-27 12:00:00+00:00,106590.54075362181
2026-02-27 16:00:00+00:00,106590.54075362181
2026-02-27 20:00:00+00:00,106590.54075362181
2026-02-28 00:00:00+00:00,106590.54075362181
2026-02-28 04:00:00+00:00,106590.54075362181
2026-02-28 08:00:00+00:00,106590.54075362181
2026-02-28 12:00:00+00:00,106590.54075362181
2026-02-28 16:00:00+00:00,106590.54075362181
2026-02-28 20:00:00+00:00,106590.54075362181
2026-03-01 00:00:00+00:00,106590.54075362181
2026-03-01 04:00:00+00:00,106590.54075362181
2026-03-01 08:00:00+00:00,106590.54075362181
2026-03-01 12:00:00+00:00,106590.54075362181
2026-03-01 16:00:00+00:00,106590.54075362181
2026-03-01 20:00:00+00:00,106590.54075362181
2026-03-02 00:00:00+00:00,106590.54075362181
2026-03-02 04:00:00+00:00,106590.54075362181
2026-03-02 08:00:00+00:00,106590.54075362181
2026-03-02 12:00:00+00:00,106590.54075362181
2026-03-02 16:00:00+00:00,106590.54075362181
2026-03-02 20:00:00+00:00,106590.54075362181
2026-03-03 00:00:00+00:00,106590.54075362181
2026-03-03 04:00:00+00:00,106590.54075362181
2026-03-03 08:00:00+00:00,106590.54075362181
2026-03-03 12:00:00+00:00,106590.54075362181
2026-03-03 16:00:00+00:00,106590.54075362181
2026-03-03 20:00:00+00:00,106590.54075362181
2026-03-04 00:00:00+00:00,106590.54075362181
2026-03-04 04:00:00+00:00,106590.54075362181
2026-03-04 08:00:00+00:00,106590.54075362181
2026-03-04 12:00:00+00:00,106626.1991694619
2026-03-04 16:00:00+00:00,106630.6975241781
2026-03-04 20:00:00+00:00,106596.51615035174
2026-03-05 00:00:00+00:00,106587.1035792987
2026-03-05 04:00:00+00:00,106580.87585186321
2026-03-05 08:00:00+00:00,106608.35603062126
2026-03-05 12:00:00+00:00,106569.92634797141
2026-03-05 16:00:00+00:00,106550.75992375902
2026-03-05 20:00:00+00:00,106550.47560019333
2026-03-06 00:00:00+00:00,106550.73649476629
2026-03-06 04:00:00+00:00,106549.54180090361
2026-03-06 08:00:00+00:00,106535.54157504412
2026-03-06 12:00:00+00:00,106533.81205202738
2026-03-06 16:00:00+00:00,106533.81205202738
2026-03-06 20:00:00+00:00,106533.81205202738
2026-03-07 00:00:00+00:00,106533.81205202738
2026-03-07 04:00:00+00:00,106533.81205202738
2026-03-07 08:00:00+00:00,106533.81205202738
2026-03-07 12:00:00+00:00,106533.81205202738
2026-03-07 16:00:00+00:00,106533.81205202738
2026-03-07 20:00:00+00:00,106533.81205202738
2026-03-08 00:00:00+00:00,106533.81205202738
2026-03-08 04:00:00+00:00,106533.81205202738
2026-03-08 08:00:00+00:00,106533.81205202738
2026-03-08 12:00:00+00:00,106533.81205202738
2026-03-08 16:00:00+00:00,106533.81205202738
2026-03-08 20:00:00+00:00,106533.81205202738
2026-03-09 00:00:00+00:00,106533.81205202738
2026-03-09 04:00:00+00:00,106533.81205202738
2026-03-09 08:00:00+00:00,106533.81205202738
2026-03-09 12:00:00+00:00,106533.81205202738
2026-03-09 16:00:00+00:00,106533.81205202738
2026-03-09 20:00:00+00:00,106533.81205202738
2026-03-10 00:00:00+00:00,106533.81205202738
2026-03-10 04:00:00+00:00,106533.81205202738
2026-03-10 08:00:00+00:00,106533.81205202738
2026-03-10 12:00:00+00:00,106533.81205202738
2026-03-10 16:00:00+00:00,106533.81205202738
2026-03-10 20:00:00+00:00,106533.81205202738
2026-03-11 00:00:00+00:00,106533.81205202738
2026-03-11 04:00:00+00:00,106533.81205202738
2026-03-11 08:00:00+00:00,106533.81205202738
2026-03-11 12:00:00+00:00,106533.81205202738
2026-03-11 16:00:00+00:00,106533.81205202738
2026-03-11 20:00:00+00:00,106533.81205202738
2026-03-12 00:00:00+00:00,106533.81205202738
2026-03-12 04:00:00+00:00,106533.81205202738
2026-03-12 08:00:00+00:00,106533.81205202738
2026-03-12 12:00:00+00:00,106533.81205202738
2026-03-12 16:00:00+00:00,106533.81205202738
2026-03-12 20:00:00+00:00,106533.81205202738
2026-03-13 00:00:00+00:00,106533.81205202738
2026-03-13 04:00:00+00:00,106533.81205202738
2026-03-13 08:00:00+00:00,106533.81205202738
2026-03-13 12:00:00+00:00,106514.3131232417
2026-03-13 16:00:00+00:00,106522.90042196121
2026-03-13 20:00:00+00:00,106514.59013287783
2026-03-14 00:00:00+00:00,106525.67051832235
2026-03-14 04:00:00+00:00,106497.69254507494
2026-03-14 08:00:00+00:00,106497.41553543882
2026-03-14 12:00:00+00:00,106495.14384437182
2026-03-14 16:00:00+00:00,106495.14384437182
2026-03-14 20:00:00+00:00,106495.14384437182
2026-03-15 00:00:00+00:00,106495.14384437182
2026-03-15 04:00:00+00:00,106495.14384437182
2026-03-15 08:00:00+00:00,106495.14384437182
2026-03-15 12:00:00+00:00,106495.14384437182
2026-03-15 16:00:00+00:00,106495.14384437182
2026-03-15 20:00:00+00:00,106495.14384437182
2026-03-16 00:00:00+00:00,106495.14384437182
2026-03-16 04:00:00+00:00,106500.8688976755
2026-03-16 08:00:00+00:00,106492.45871011076
2026-03-16 12:00:00+00:00,106535.29562740789
2026-03-16 16:00:00+00:00,106630.19423721076
2026-03-16 20:00:00+00:00,106675.83484377107
2026-03-17 00:00:00+00:00,106599.95048356247
2026-03-17 04:00:00+00:00,106582.27926395938
2026-03-17 08:00:00+00:00,106536.84980994524
2026-03-17 12:00:00+00:00,106545.10350615348
2026-03-17 16:00:00+00:00,106599.406086362
2026-03-17 20:00:00+00:00,106561.40050920434
2026-03-18 00:00:00+00:00,106627.58167496521
2026-03-18 04:00:00+00:00,106546.88797636123
2026-03-18 08:00:00+00:00,106401.00397652971
2026-03-18 12:00:00+00:00,106349.22568610428
2026-03-18 16:00:00+00:00,106347.2457773059
2026-03-18 20:00:00+00:00,106347.2457773059
2026-03-19 00:00:00+00:00,106347.2457773059
2026-03-19 04:00:00+00:00,106347.2457773059
2026-03-19 08:00:00+00:00,106347.2457773059
2026-03-19 12:00:00+00:00,106347.2457773059
2026-03-19 16:00:00+00:00,106347.2457773059
2026-03-19 20:00:00+00:00,106347.2457773059
2026-03-20 00:00:00+00:00,106347.2457773059
2026-03-20 04:00:00+00:00,106347.2457773059
2026-03-20 08:00:00+00:00,106347.2457773059
2026-03-20 12:00:00+00:00,106347.2457773059
2026-03-20 16:00:00+00:00,106347.2457773059
2026-03-20 20:00:00+00:00,106347.2457773059
2026-03-21 00:00:00+00:00,106347.2457773059
2026-03-21 04:00:00+00:00,106347.2457773059
2026-03-21 08:00:00+00:00,106347.2457773059
2026-03-21 12:00:00+00:00,106347.2457773059
2026-03-21 16:00:00+00:00,106347.2457773059
2026-03-21 20:00:00+00:00,106347.2457773059
2026-03-22 00:00:00+00:00,106347.2457773059
2026-03-22 04:00:00+00:00,106347.2457773059
2026-03-22 08:00:00+00:00,106347.2457773059
2026-03-22 12:00:00+00:00,106347.2457773059
2026-03-22 16:00:00+00:00,106347.2457773059
2026-03-22 20:00:00+00:00,106347.2457773059
2026-03-23 00:00:00+00:00,106347.2457773059
2026-03-23 04:00:00+00:00,106347.2457773059
2026-03-23 08:00:00+00:00,106347.2457773059
2026-03-23 12:00:00+00:00,106347.2457773059
2026-03-23 16:00:00+00:00,106347.2457773059
2026-03-23 20:00:00+00:00,106347.2457773059
2026-03-24 00:00:00+00:00,106347.2457773059
2026-03-24 04:00:00+00:00,106347.2457773059
2026-03-24 08:00:00+00:00,106347.2457773059
2026-03-24 12:00:00+00:00,106347.2457773059
2026-03-24 16:00:00+00:00,106347.2457773059
2026-03-24 20:00:00+00:00,106347.2457773059
2026-03-25 00:00:00+00:00,106347.2457773059
2026-03-25 04:00:00+00:00,106347.2457773059
2026-03-25 08:00:00+00:00,106348.1063389113
2026-03-25 12:00:00+00:00,106332.07442683016
2026-03-25 16:00:00+00:00,106339.30450482754
2026-03-25 20:00:00+00:00,106335.0607633943
2026-03-26 00:00:00+00:00,106310.38419283804
2026-03-26 04:00:00+00:00,106281.14952963128
2026-03-26 08:00:00+00:00,106278.96378856282
2026-03-26 12:00:00+00:00,106278.96378856282
2026-03-26 16:00:00+00:00,106278.96378856282
2026-03-26 20:00:00+00:00,106278.96378856282
2026-03-27 00:00:00+00:00,106278.96378856282
2026-03-27 04:00:00+00:00,106278.96378856282
2026-03-27 08:00:00+00:00,106278.96378856282
2026-03-27 12:00:00+00:00,106278.96378856282
2026-03-27 16:00:00+00:00,106278.96378856282
2026-03-27 20:00:00+00:00,106278.96378856282
2026-03-28 00:00:00+00:00,106278.96378856282
2026-03-28 04:00:00+00:00,106278.96378856282
2026-03-28 08:00:00+00:00,106278.96378856282
2026-03-28 12:00:00+00:00,106278.96378856282
2026-03-28 16:00:00+00:00,106278.96378856282
2026-03-28 20:00:00+00:00,106278.96378856282
2026-03-29 00:00:00+00:00,106278.96378856282
2026-03-29 04:00:00+00:00,106278.96378856282
2026-03-29 08:00:00+00:00,106278.96378856282
2026-03-29 12:00:00+00:00,106278.96378856282
2026-03-29 16:00:00+00:00,106278.96378856282
2026-03-29 20:00:00+00:00,106278.96378856282
2026-03-30 00:00:00+00:00,106278.96378856282
2026-03-30 04:00:00+00:00,106278.96378856282
2026-03-30 08:00:00+00:00,106278.96378856282
2026-03-30 12:00:00+00:00,106278.96378856282
2026-03-30 16:00:00+00:00,106278.96378856282
2026-03-30 20:00:00+00:00,106278.96378856282
2026-03-31 00:00:00+00:00,106278.96378856282
2026-03-31 04:00:00+00:00,106278.96378856282
2026-03-31 08:00:00+00:00,106278.96378856282
2026-03-31 12:00:00+00:00,106278.96378856282
2026-03-31 16:00:00+00:00,106278.96378856282
2026-03-31 20:00:00+00:00,106278.96378856282
2026-04-01 00:00:00+00:00,106278.96378856282
2026-04-01 04:00:00+00:00,106278.96378856282
2026-04-01 08:00:00+00:00,106278.96378856282
2026-04-01 12:00:00+00:00,106278.96378856282
2026-04-01 16:00:00+00:00,106278.96378856282
2026-04-01 20:00:00+00:00,106278.96378856282
2026-04-02 00:00:00+00:00,106278.96378856282
2026-04-02 04:00:00+00:00,106278.96378856282
2026-04-02 08:00:00+00:00,106278.96378856282
2026-04-02 12:00:00+00:00,106278.96378856282
2026-04-02 16:00:00+00:00,106278.96378856282
2026-04-02 20:00:00+00:00,106278.96378856282
2026-04-03 00:00:00+00:00,106278.96378856282
2026-04-03 04:00:00+00:00,106278.96378856282
2026-04-03 08:00:00+00:00,106278.96378856282
2026-04-03 12:00:00+00:00,106278.96378856282
2026-04-03 16:00:00+00:00,106278.96378856282
2026-04-03 20:00:00+00:00,106278.96378856282
2026-04-04 00:00:00+00:00,106278.96378856282
2026-04-04 04:00:00+00:00,106278.96378856282
2026-04-04 08:00:00+00:00,106278.96378856282
2026-04-04 12:00:00+00:00,106278.96378856282
2026-04-04 16:00:00+00:00,106278.96378856282
2026-04-04 20:00:00+00:00,106278.96378856282
2026-04-05 00:00:00+00:00,106278.96378856282
2026-04-05 04:00:00+00:00,106278.96378856282
2026-04-05 08:00:00+00:00,106278.96378856282
2026-04-05 12:00:00+00:00,106278.96378856282
2026-04-05 16:00:00+00:00,106278.96378856282
2026-04-05 20:00:00+00:00,106278.96378856282
2026-04-06 00:00:00+00:00,106278.96378856282
2026-04-06 04:00:00+00:00,106278.96378856282
2026-04-06 08:00:00+00:00,106278.96378856282
2026-04-06 12:00:00+00:00,106278.96378856282
2026-04-06 16:00:00+00:00,106278.96378856282
2026-04-06 20:00:00+00:00,106278.96378856282
2026-04-07 00:00:00+00:00,106278.96378856282
2026-04-07 04:00:00+00:00,106278.96378856282
2026-04-07 08:00:00+00:00,106278.96378856282
2026-04-07 12:00:00+00:00,106278.96378856282
2026-04-07 16:00:00+00:00,106278.96378856282
2026-04-07 20:00:00+00:00,106278.96378856282
2026-04-08 00:00:00+00:00,106260.76068696214
2026-04-08 04:00:00+00:00,106269.28470835583
2026-04-08 08:00:00+00:00,106270.21017353573
2026-04-08 12:00:00+00:00,106261.27212824576
2026-04-08 16:00:00+00:00,106261.48157562857
2026-04-08 20:00:00+00:00,106255.51719608766
2026-04-09 00:00:00+00:00,106253.52501051623
2026-04-09 04:00:00+00:00,106253.30582139468
2026-04-09 08:00:00+00:00,106257.48502731227
2026-04-09 12:00:00+00:00,106281.71760241722
2026-04-09 16:00:00+00:00,106280.31966290865
2026-04-09 20:00:00+00:00,106272.95977929386
2026-04-10 00:00:00+00:00,106275.02259247114
2026-04-10 04:00:00+00:00,106265.79960132316
2026-04-10 08:00:00+00:00,106281.24756352323
2026-04-10 12:00:00+00:00,106289.47933275485
2026-04-10 16:00:00+00:00,106308.41727285697
2026-04-10 20:00:00+00:00,106301.36912488172
2026-04-11 00:00:00+00:00,106299.29413453102
2026-04-11 04:00:00+00:00,106296.47146573238
2026-04-11 08:00:00+00:00,106300.37790296537
2026-04-11 12:00:00+00:00,106298.98726976085
2026-04-11 16:00:00+00:00,106319.23547372292
2026-04-11 20:00:00+00:00,106280.94099526279
2026-04-12 00:00:00+00:00,106198.79006147801
2026-04-12 04:00:00+00:00,106193.98601987111
2026-04-12 08:00:00+00:00,106193.98601987111
2026-04-12 12:00:00+00:00,106193.98601987111
2026-04-12 16:00:00+00:00,106193.98601987111
2026-04-12 20:00:00+00:00,106193.98601987111
2026-04-13 00:00:00+00:00,106193.98601987111
2026-04-13 04:00:00+00:00,106193.98601987111
2026-04-13 08:00:00+00:00,106193.98601987111
2026-04-13 12:00:00+00:00,106193.98601987111
2026-04-13 16:00:00+00:00,106193.98601987111
2026-04-13 20:00:00+00:00,106193.98601987111
2026-04-14 00:00:00+00:00,106193.98601987111
2026-04-14 04:00:00+00:00,106193.98601987111
2026-04-14 08:00:00+00:00,106193.98601987111
2026-04-14 12:00:00+00:00,106193.98601987111
2026-04-14 16:00:00+00:00,106193.98601987111
2026-04-14 20:00:00+00:00,106193.98601987111
2026-04-15 00:00:00+00:00,106193.98601987111
2026-04-15 04:00:00+00:00,106193.98601987111
2026-04-15 08:00:00+00:00,106193.98601987111
2026-04-15 12:00:00+00:00,106193.98601987111
2026-04-15 16:00:00+00:00,106193.98601987111
2026-04-15 20:00:00+00:00,106180.04920117572
2026-04-16 00:00:00+00:00,106199.97805495527
2026-04-16 04:00:00+00:00,106199.4206044999
2026-04-16 08:00:00+00:00,106204.57702121208
2026-04-16 12:00:00+00:00,106231.75273091148
2026-04-16 16:00:00+00:00,106281.22645882577
2026-04-16 20:00:00+00:00,106259.26305519581
2026-04-17 00:00:00+00:00,106207.21494778848
2026-04-17 04:00:00+00:00,106221.22190790359
2026-04-17 08:00:00+00:00,106244.61214877755
2026-04-17 12:00:00+00:00,106325.76780479378
2026-04-17 16:00:00+00:00,106306.86137572622
2026-04-17 20:00:00+00:00,106272.07238377069
2026-04-18 00:00:00+00:00,106240.7516646566
2026-04-18 04:00:00+00:00,106260.40144985991
2026-04-18 08:00:00+00:00,106126.6567658526
2026-04-18 12:00:00+00:00,106129.0034168486
2026-04-18 16:00:00+00:00,106116.87886944425
2026-04-18 20:00:00+00:00,106113.89680704719
2026-04-19 00:00:00+00:00,106113.89680704719
2026-04-19 04:00:00+00:00,106113.89680704719
2026-04-19 08:00:00+00:00,106113.89680704719
2026-04-19 12:00:00+00:00,106113.89680704719
2026-04-19 16:00:00+00:00,106113.89680704719
2026-04-19 20:00:00+00:00,106113.89680704719
2026-04-20 00:00:00+00:00,106113.89680704719
2026-04-20 04:00:00+00:00,106113.89680704719
2026-04-20 08:00:00+00:00,106113.89680704719
2026-04-20 12:00:00+00:00,106113.89680704719
2026-04-20 16:00:00+00:00,106113.89680704719
2026-04-20 20:00:00+00:00,106113.89680704719
2026-04-21 00:00:00+00:00,106113.89680704719
2026-04-21 04:00:00+00:00,106113.89680704719
2026-04-21 08:00:00+00:00,106113.89680704719
2026-04-21 12:00:00+00:00,106113.89680704719
2026-04-21 16:00:00+00:00,106113.89680704719
2026-04-21 20:00:00+00:00,106113.89680704719
2026-04-22 00:00:00+00:00,106113.89680704719
2026-04-22 04:00:00+00:00,106113.89680704719
2026-04-22 08:00:00+00:00,106113.89680704719
2026-04-22 12:00:00+00:00,106113.89680704719
2026-04-22 16:00:00+00:00,106100.21667852698
2026-04-22 20:00:00+00:00,106083.62749888503
2026-04-23 00:00:00+00:00,106072.68889135928
2026-04-23 04:00:00+00:00,106080.41217333576
2026-04-23 08:00:00+00:00,106071.33625440579
2026-04-23 12:00:00+00:00,106088.63550594199
2026-04-23 16:00:00+00:00,106071.93381490835
2026-04-23 20:00:00+00:00,106085.55269380959
2026-04-24 00:00:00+00:00,106072.60388275221
2026-04-24 04:00:00+00:00,106070.58367820803
2026-04-24 08:00:00+00:00,106085.0351414078
2026-04-24 12:00:00+00:00,106080.214653337
2026-04-24 16:00:00+00:00,106069.70358909966
2026-04-24 20:00:00+00:00,106065.09062204024
2026-04-25 00:00:00+00:00,106062.18728483326
2026-04-25 04:00:00+00:00,106062.18728483326
2026-04-25 08:00:00+00:00,106062.18728483326
2026-04-25 12:00:00+00:00,106062.18728483326
2026-04-25 16:00:00+00:00,106062.18728483326
2026-04-25 20:00:00+00:00,106062.18728483326
2026-04-26 00:00:00+00:00,106062.18728483326
2026-04-26 04:00:00+00:00,106062.18728483326
2026-04-26 08:00:00+00:00,106062.18728483326
2026-04-26 12:00:00+00:00,106062.18728483326
2026-04-26 16:00:00+00:00,106062.18728483326
2026-04-26 20:00:00+00:00,106062.18728483326
2026-04-27 00:00:00+00:00,106062.18728483326
2026-04-27 04:00:00+00:00,106000.04240162371
2026-04-27 08:00:00+00:00,105996.46892538527
2026-04-27 12:00:00+00:00,105996.46892538527
2026-04-27 16:00:00+00:00,105996.46892538527
2026-04-27 20:00:00+00:00,105996.46892538527
2026-04-28 00:00:00+00:00,105996.46892538527
2026-04-28 04:00:00+00:00,105996.46892538527
2026-04-28 08:00:00+00:00,105996.46892538527
2026-04-28 12:00:00+00:00,105996.46892538527
2026-04-28 16:00:00+00:00,105996.46892538527
2026-04-28 20:00:00+00:00,105996.46892538527
2026-04-29 00:00:00+00:00,105996.46892538527
2026-04-29 04:00:00+00:00,105996.46892538527
2026-04-29 08:00:00+00:00,106076.22261247883
2026-04-29 12:00:00+00:00,105966.86197524058
2026-04-29 16:00:00+00:00,105932.5014560445
2026-04-29 20:00:00+00:00,105978.54804014481
2026-04-30 00:00:00+00:00,106025.8155563993
2026-04-30 04:00:00+00:00,106029.82719062017
2026-04-30 08:00:00+00:00,106018.8388012326
2026-04-30 12:00:00+00:00,106031.22254165352
2026-04-30 16:00:00+00:00,106015.69926140757
2026-04-30 20:00:00+00:00,106021.28066554095
2026-05-01 00:00:00+00:00,106065.75747972875
2026-05-01 04:00:00+00:00,106051.28071275781
2026-05-01 08:00:00+00:00,106061.92026438707
2026-05-01 12:00:00+00:00,106072.0365593788
2026-05-01 16:00:00+00:00,106066.10631748708
2026-05-01 20:00:00+00:00,106055.99002249536
2026-05-02 00:00:00+00:00,106050.23419948282
2026-05-02 04:00:00+00:00,106045.17605198694
2026-05-02 08:00:00+00:00,106043.08302543694
2026-05-02 12:00:00+00:00,106064.36212869541
2026-05-02 16:00:00+00:00,106053.89699594534
2026-05-02 20:00:00+00:00,106055.81560361618
2026-05-03 00:00:00+00:00,106044.30395759111
2026-05-03 04:00:00+00:00,106045.52488974528
2026-05-03 08:00:00+00:00,106057.73421128702
2026-05-03 12:00:00+00:00,106055.11792809951
2026-05-03 16:00:00+00:00,106057.55979240786
2026-05-03 20:00:00+00:00,106051.9783882745
2026-05-04 00:00:00+00:00,106133.78084260422
2026-05-04 04:00:00+00:00,106062.62127625073
2026-05-04 08:00:00+00:00,105914.16267092183
2026-05-04 12:00:00+00:00,105931.47319039694
2026-05-04 16:00:00+00:00,105938.39732752333
2026-05-04 20:00:00+00:00,105911.47706166677
2026-05-05 00:00:00+00:00,105995.31540466659
2026-05-05 04:00:00+00:00,105993.14906846249
2026-05-05 08:00:00+00:00,106007.07345732657
2026-05-05 12:00:00+00:00,106038.12914577422
2026-05-05 16:00:00+00:00,106054.18727683323
2026-05-05 20:00:00+00:00,106047.86153168138
2026-05-06 00:00:00+00:00,106118.092192047
2026-05-06 04:00:00+00:00,106123.88058881435
2026-05-06 08:00:00+00:00,106246.34864120823
2026-05-06 12:00:00+00:00,106072.98973074643
2026-05-06 16:00:00+00:00,106050.20693051422
2026-05-06 20:00:00+00:00,106031.31094415416
2026-05-07 00:00:00+00:00,105935.96938458196
2026-05-07 04:00:00+00:00,105947.64122390754
2026-05-07 08:00:00+00:00,105929.56790069505
2026-05-07 12:00:00+00:00,105908.85460005072
2026-05-07 16:00:00+00:00,105908.85460005072
2026-05-07 20:00:00+00:00,105908.85460005072
2026-05-08 00:00:00+00:00,105908.85460005072
2026-05-08 04:00:00+00:00,105908.85460005072
2026-05-08 08:00:00+00:00,105908.85460005072
2026-05-08 12:00:00+00:00,105908.85460005072
2026-05-08 16:00:00+00:00,105908.85460005072
2026-05-08 20:00:00+00:00,105897.44001885658
2026-05-09 00:00:00+00:00,105923.40706916398
2026-05-09 04:00:00+00:00,105925.36684654566
2026-05-09 08:00:00+00:00,105923.24375438216
2026-05-09 12:00:00+00:00,105913.4448674737
2026-05-09 16:00:00+00:00,105921.44729178229
2026-05-09 20:00:00+00:00,105915.4046448554
2026-05-10 00:00:00+00:00,105919.4875144006
2026-05-10 04:00:00+00:00,105920.14077352782
2026-05-10 08:00:00+00:00,105921.9372361277
2026-05-10 12:00:00+00:00,105938.26871430845
2026-05-10 16:00:00+00:00,105998.54193455756
2026-05-10 20:00:00+00:00,105990.86332464991
2026-05-11 00:00:00+00:00,105879.37744569426
2026-05-11 04:00:00+00:00,105899.1933852633
2026-05-11 08:00:00+00:00,105903.55618146401
2026-05-11 12:00:00+00:00,105953.89695367683
2026-05-11 16:00:00+00:00,105968.17508562766
2026-05-11 20:00:00+00:00,105936.66215014283
2026-05-12 00:00:00+00:00,105884.68006883409
2026-05-12 04:00:00+00:00,105879.2332140364
2026-05-12 08:00:00+00:00,105848.28085446439
2026-05-12 12:00:00+00:00,105827.55430051667
2026-05-12 16:00:00+00:00,105825.25575813987
2026-05-12 20:00:00+00:00,105825.25575813987
2026-05-13 00:00:00+00:00,105825.25575813987
2026-05-13 04:00:00+00:00,105825.25575813987
2026-05-13 08:00:00+00:00,105825.25575813987
2026-05-13 12:00:00+00:00,105825.25575813987
2026-05-13 16:00:00+00:00,105825.25575813987
2026-05-13 20:00:00+00:00,105825.25575813987
2026-05-14 00:00:00+00:00,105825.25575813987
2026-05-14 04:00:00+00:00,105825.25575813987
2026-05-14 08:00:00+00:00,105825.25575813987
2026-05-14 12:00:00+00:00,105825.25575813987
2026-05-14 16:00:00+00:00,105825.25575813987
2026-05-14 20:00:00+00:00,105825.25575813987
2026-05-15 00:00:00+00:00,105825.25575813987
2026-05-15 04:00:00+00:00,105825.25575813987
2026-05-15 08:00:00+00:00,105825.25575813987
2026-05-15 12:00:00+00:00,105825.25575813987
2026-05-15 16:00:00+00:00,105825.25575813987
2026-05-15 20:00:00+00:00,105825.25575813987
2026-05-16 00:00:00+00:00,105825.25575813987
2026-05-16 04:00:00+00:00,105825.25575813987
2026-05-16 08:00:00+00:00,105825.25575813987
2026-05-16 12:00:00+00:00,105825.25575813987
2026-05-16 16:00:00+00:00,105825.25575813987
2026-05-16 20:00:00+00:00,105825.25575813987
2026-05-17 00:00:00+00:00,105825.25575813987
2026-05-17 04:00:00+00:00,105825.25575813987
2026-05-17 08:00:00+00:00,105825.25575813987
2026-05-17 12:00:00+00:00,105825.25575813987
2026-05-17 16:00:00+00:00,105825.25575813987
2026-05-17 20:00:00+00:00,105825.25575813987
2026-05-18 00:00:00+00:00,105825.25575813987
2026-05-18 04:00:00+00:00,105825.25575813987
2026-05-18 08:00:00+00:00,105825.25575813987
2026-05-18 12:00:00+00:00,105825.25575813987
2026-05-18 16:00:00+00:00,105825.25575813987
2026-05-18 20:00:00+00:00,105825.25575813987
2026-05-19 00:00:00+00:00,105825.25575813987
2026-05-19 04:00:00+00:00,105825.25575813987
2026-05-19 08:00:00+00:00,105825.25575813987
2026-05-19 12:00:00+00:00,105825.25575813987
2026-05-19 16:00:00+00:00,105825.25575813987
2026-05-19 20:00:00+00:00,105825.25575813987
2026-05-20 00:00:00+00:00,105825.25575813987
2026-05-20 04:00:00+00:00,105825.25575813987
2026-05-20 08:00:00+00:00,105825.25575813987
2026-05-20 12:00:00+00:00,105825.25575813987
2026-05-20 16:00:00+00:00,105825.25575813987
2026-05-20 20:00:00+00:00,105825.25575813987
2026-05-21 00:00:00+00:00,105825.25575813987
2026-05-21 04:00:00+00:00,105825.25575813987
2026-05-21 08:00:00+00:00,105825.25575813987
2026-05-21 12:00:00+00:00,105825.25575813987
2026-05-21 16:00:00+00:00,105825.25575813987
2026-05-21 20:00:00+00:00,105825.25575813987
2026-05-22 00:00:00+00:00,105825.25575813987
2026-05-22 04:00:00+00:00,105825.25575813987
2026-05-22 08:00:00+00:00,105825.25575813987
2026-05-22 12:00:00+00:00,105825.25575813987
2026-05-22 16:00:00+00:00,105825.25575813987
2026-05-22 20:00:00+00:00,105825.25575813987
2026-05-23 00:00:00+00:00,105825.25575813987
2026-05-23 04:00:00+00:00,105825.25575813987
2026-05-23 08:00:00+00:00,105825.25575813987
2026-05-23 12:00:00+00:00,105825.25575813987
2026-05-23 16:00:00+00:00,105825.25575813987
2026-05-23 20:00:00+00:00,105825.25575813987
2026-05-24 00:00:00+00:00,105825.25575813987
2026-05-24 04:00:00+00:00,105825.25575813987
2026-05-24 08:00:00+00:00,105825.25575813987
2026-05-24 12:00:00+00:00,105825.25575813987
2026-05-24 16:00:00+00:00,105825.25575813987
2026-05-24 20:00:00+00:00,105825.25575813987
2026-05-25 00:00:00+00:00,105825.25575813987
2026-05-25 04:00:00+00:00,105825.25575813987
2026-05-25 08:00:00+00:00,105825.25575813987
2026-05-25 12:00:00+00:00,105825.25575813987
2026-05-25 16:00:00+00:00,105825.25575813987
2026-05-25 20:00:00+00:00,105825.25575813987
2026-05-26 00:00:00+00:00,105825.25575813987
2026-05-26 04:00:00+00:00,105825.25575813987
2026-05-26 08:00:00+00:00,105825.25575813987
2026-05-26 12:00:00+00:00,105825.25575813987
2026-05-26 16:00:00+00:00,105825.25575813987
2026-05-26 20:00:00+00:00,105825.25575813987
2026-05-27 00:00:00+00:00,105825.25575813987
2026-05-27 04:00:00+00:00,105825.25575813987
2026-05-27 08:00:00+00:00,105825.25575813987
2026-05-27 12:00:00+00:00,105825.25575813987
2026-05-27 16:00:00+00:00,105825.25575813987
2026-05-27 20:00:00+00:00,105825.25575813987
2026-05-28 00:00:00+00:00,105825.25575813987
2026-05-28 04:00:00+00:00,105825.25575813987
2026-05-28 08:00:00+00:00,105825.25575813987
2026-05-28 12:00:00+00:00,105825.25575813987
2026-05-28 16:00:00+00:00,105825.25575813987
2026-05-28 20:00:00+00:00,105825.25575813987
2026-05-29 00:00:00+00:00,105825.25575813987
2026-05-29 04:00:00+00:00,105825.25575813987
2026-05-29 08:00:00+00:00,105825.25575813987
2026-05-29 12:00:00+00:00,105825.25575813987
2026-05-29 16:00:00+00:00,105825.25575813987
2026-05-29 20:00:00+00:00,105825.25575813987
2026-05-30 00:00:00+00:00,105825.25575813987
2026-05-30 04:00:00+00:00,105825.25575813987
2026-05-30 08:00:00+00:00,105825.25575813987
2026-05-30 12:00:00+00:00,105825.25575813987
2026-05-30 16:00:00+00:00,105825.25575813987
2026-05-30 20:00:00+00:00,105825.25575813987
2026-05-31 00:00:00+00:00,105825.25575813987
2026-05-31 04:00:00+00:00,105825.25575813987
2026-05-31 08:00:00+00:00,105825.25575813987
2026-05-31 12:00:00+00:00,105825.25575813987
2026-05-31 16:00:00+00:00,105825.25575813987
2026-05-31 20:00:00+00:00,105825.25575813987
2026-06-01 00:00:00+00:00,105825.25575813987
2026-06-01 04:00:00+00:00,105825.25575813987
2026-06-01 08:00:00+00:00,105825.25575813987
2026-06-01 12:00:00+00:00,105825.25575813987
2026-06-01 16:00:00+00:00,105825.25575813987
2026-06-01 20:00:00+00:00,105825.25575813987
2026-06-02 00:00:00+00:00,105825.25575813987
2026-06-02 04:00:00+00:00,105825.25575813987
2026-06-02 08:00:00+00:00,105825.25575813987
2026-06-02 12:00:00+00:00,105825.25575813987
2026-06-02 16:00:00+00:00,105825.25575813987
2026-06-02 20:00:00+00:00,105825.25575813987
2026-06-03 00:00:00+00:00,105825.25575813987
2026-06-03 04:00:00+00:00,105825.25575813987
2026-06-03 08:00:00+00:00,105825.25575813987
2026-06-03 12:00:00+00:00,105825.25575813987
2026-06-03 16:00:00+00:00,105825.25575813987
2026-06-03 20:00:00+00:00,105825.25575813987
2026-06-04 00:00:00+00:00,105825.25575813987
2026-06-04 04:00:00+00:00,105825.25575813987
2026-06-04 08:00:00+00:00,105825.25575813987
2026-06-04 12:00:00+00:00,105825.25575813987
2026-06-04 16:00:00+00:00,105825.25575813987
2026-06-04 20:00:00+00:00,105825.25575813987
2026-06-05 00:00:00+00:00,105825.25575813987
2026-06-05 04:00:00+00:00,105825.25575813987
2026-06-05 08:00:00+00:00,105825.25575813987
2026-06-05 12:00:00+00:00,105825.25575813987
2026-06-05 16:00:00+00:00,105825.25575813987
2026-06-05 20:00:00+00:00,105825.25575813987
2026-06-06 00:00:00+00:00,105825.25575813987
2026-06-06 04:00:00+00:00,105825.25575813987
2026-06-06 08:00:00+00:00,105825.25575813987
2026-06-06 12:00:00+00:00,105825.25575813987
2026-06-06 16:00:00+00:00,105825.25575813987
2026-06-06 20:00:00+00:00,105825.25575813987
2026-06-07 00:00:00+00:00,105825.25575813987
2026-06-07 04:00:00+00:00,105825.25575813987
2026-06-07 08:00:00+00:00,105825.25575813987
2026-06-07 12:00:00+00:00,105825.25575813987
2026-06-07 16:00:00+00:00,105825.25575813987
2026-06-07 20:00:00+00:00,105825.25575813987
2026-06-08 00:00:00+00:00,105825.25575813987
2026-06-08 04:00:00+00:00,105825.25575813987
2026-06-08 08:00:00+00:00,105825.25575813987
2026-06-08 12:00:00+00:00,105825.25575813987
2026-06-08 16:00:00+00:00,105825.25575813987
2026-06-08 20:00:00+00:00,105825.25575813987
2026-06-09 00:00:00+00:00,105825.25575813987
2026-06-09 04:00:00+00:00,105825.25575813987
2026-06-09 08:00:00+00:00,105825.25575813987
2026-06-09 12:00:00+00:00,105825.25575813987
2026-06-09 16:00:00+00:00,105825.25575813987
2026-06-09 20:00:00+00:00,105825.25575813987
2026-06-10 00:00:00+00:00,105825.25575813987
2026-06-10 04:00:00+00:00,105825.25575813987
2026-06-10 08:00:00+00:00,105825.25575813987
2026-06-10 12:00:00+00:00,105825.25575813987
2026-06-10 16:00:00+00:00,105825.25575813987
2026-06-10 20:00:00+00:00,105825.25575813987
2026-06-11 00:00:00+00:00,105825.25575813987
2026-06-11 04:00:00+00:00,105825.25575813987
2026-06-11 08:00:00+00:00,105825.25575813987
2026-06-11 12:00:00+00:00,105825.25575813987
2026-06-11 16:00:00+00:00,105825.25575813987
2026-06-11 20:00:00+00:00,105825.25575813987
2026-06-12 00:00:00+00:00,105825.25575813987
2026-06-12 04:00:00+00:00,105825.25575813987
2026-06-12 08:00:00+00:00,105825.25575813987
2026-06-12 12:00:00+00:00,105825.25575813987
2026-06-12 16:00:00+00:00,105825.25575813987
2026-06-12 20:00:00+00:00,105825.25575813987
2026-06-13 00:00:00+00:00,105825.25575813987
2026-06-13 04:00:00+00:00,105825.25575813987
2026-06-13 08:00:00+00:00,105825.25575813987
2026-06-13 12:00:00+00:00,105825.25575813987
2026-06-13 16:00:00+00:00,105825.25575813987
2026-06-13 20:00:00+00:00,105825.25575813987
2026-06-14 00:00:00+00:00,105825.19477544002
2026-06-14 04:00:00+00:00,105821.36274859181
2026-06-14 08:00:00+00:00,105825.2993465952
2026-06-14 12:00:00+00:00,105807.60320852682
2026-06-14 16:00:00+00:00,105800.16853671921
2026-06-14 20:00:00+00:00,105865.83584891463
2026-06-15 00:00:00+00:00,105853.70220439156
2026-06-15 04:00:00+00:00,105826.31142553118
2026-06-15 08:00:00+00:00,105990.52318439809
2026-06-15 12:00:00+00:00,106229.70031930142
2026-06-15 16:00:00+00:00,106163.7021351142
2026-06-15 20:00:00+00:00,106017.87925829785
2026-06-16 00:00:00+00:00,105971.91455612502
2026-06-16 04:00:00+00:00,106004.41861657017
2026-06-16 08:00:00+00:00,106033.80993319009
2026-06-16 12:00:00+00:00,105886.53988686531
2026-06-16 16:00:00+00:00,105934.5171816473
2026-06-16 20:00:00+00:00,105929.5266138383
2026-06-17 00:00:00+00:00,105936.55259097915
2026-06-17 04:00:00+00:00,105897.01676569067
2026-06-17 08:00:00+00:00,105809.45451066026
2026-06-17 12:00:00+00:00,105780.50314344413
2026-06-17 16:00:00+00:00,105780.50314344413
2026-06-17 20:00:00+00:00,105780.50314344413
2026-06-18 00:00:00+00:00,105780.50314344413
2026-06-18 04:00:00+00:00,105780.50314344413
2026-06-18 08:00:00+00:00,105780.50314344413
2026-06-18 12:00:00+00:00,105780.50314344413
2026-06-18 16:00:00+00:00,105780.50314344413
2026-06-18 20:00:00+00:00,105780.50314344413
2026-06-19 00:00:00+00:00,105780.50314344413
2026-06-19 04:00:00+00:00,105780.50314344413
2026-06-19 08:00:00+00:00,105780.50314344413
2026-06-19 12:00:00+00:00,105780.50314344413
2026-06-19 16:00:00+00:00,105780.50314344413
2026-06-19 20:00:00+00:00,105780.50314344413
2026-06-20 00:00:00+00:00,105780.50314344413
2026-06-20 04:00:00+00:00,105780.50314344413
2026-06-20 08:00:00+00:00,105780.50314344413
2026-06-20 12:00:00+00:00,105780.50314344413
2026-06-20 16:00:00+00:00,105780.50314344413
2026-06-20 20:00:00+00:00,105780.50314344413
2026-06-21 00:00:00+00:00,105780.50314344413
2026-06-21 04:00:00+00:00,105780.50314344413
2026-06-21 08:00:00+00:00,105780.50314344413
2026-06-21 12:00:00+00:00,105780.50314344413
2026-06-21 16:00:00+00:00,105780.50314344413
2026-06-21 20:00:00+00:00,105780.50314344413
2026-06-22 00:00:00+00:00,105780.50314344413
2026-06-22 04:00:00+00:00,105780.50314344413
2026-06-22 08:00:00+00:00,105780.50314344413
2026-06-22 12:00:00+00:00,105780.50314344413
2026-06-22 16:00:00+00:00,105780.50314344413
2026-06-22 20:00:00+00:00,105780.50314344413
2026-06-23 00:00:00+00:00,105780.50314344413
2026-06-23 04:00:00+00:00,105780.50314344413
2026-06-23 08:00:00+00:00,105780.50314344413
2026-06-23 12:00:00+00:00,105780.50314344413
2026-06-23 16:00:00+00:00,105780.50314344413
2026-06-23 20:00:00+00:00,105780.50314344413
2026-06-24 00:00:00+00:00,105780.50314344413
2026-06-24 04:00:00+00:00,105780.50314344413
2026-06-24 08:00:00+00:00,105780.50314344413
2026-06-24 12:00:00+00:00,105780.50314344413
2026-06-24 16:00:00+00:00,105780.50314344413
2026-06-24 20:00:00+00:00,105780.50314344413
2026-06-25 00:00:00+00:00,105780.50314344413
2026-06-25 04:00:00+00:00,105780.50314344413
2026-06-25 08:00:00+00:00,105780.50314344413
2026-06-25 12:00:00+00:00,105780.50314344413
2026-06-25 16:00:00+00:00,105780.50314344413
2026-06-25 20:00:00+00:00,105780.50314344413
2026-06-26 00:00:00+00:00,105780.50314344413
2026-06-26 04:00:00+00:00,105780.50314344413
2026-06-26 08:00:00+00:00,105780.50314344413
2026-06-26 12:00:00+00:00,105780.50314344413
2026-06-26 16:00:00+00:00,105780.50314344413
2026-06-26 20:00:00+00:00,105780.50314344413
2026-06-27 00:00:00+00:00,105780.50314344413
2026-06-27 04:00:00+00:00,105780.50314344413
2026-06-27 08:00:00+00:00,105780.50314344413
2026-06-27 12:00:00+00:00,105780.50314344413
2026-06-27 16:00:00+00:00,105780.50314344413
2026-06-27 20:00:00+00:00,105780.50314344413
2026-06-28 00:00:00+00:00,105780.50314344413
2026-06-28 04:00:00+00:00,105780.50314344413
2026-06-28 08:00:00+00:00,105780.50314344413
2026-06-28 12:00:00+00:00,105780.50314344413
2026-06-28 16:00:00+00:00,105780.50314344413
2026-06-28 20:00:00+00:00,105780.50314344413
2026-06-29 00:00:00+00:00,105780.50314344413
2026-06-29 04:00:00+00:00,105780.50314344413
2026-06-29 08:00:00+00:00,105780.50314344413
2026-06-29 12:00:00+00:00,105780.50314344413
2026-06-29 16:00:00+00:00,105780.50314344413
2026-06-29 20:00:00+00:00,105770.00351096981
2026-06-30 00:00:00+00:00,105744.2273039675
2026-06-30 04:00:00+00:00,105748.27785078215
2026-06-30 08:00:00+00:00,105740.91322021007
2026-06-30 12:00:00+00:00,105738.57204833899
2026-06-30 16:00:00+00:00,105738.57204833899
2026-06-30 20:00:00+00:00,105738.57204833899
